2025-12-13 16:27:58,548 - core.selector - INFO - TemplateSelector initialisé - template unique: ctqc_base
2025-12-13 16:27:58,550 - core.audit - INFO - [INFO] Orchestrator.ProcessingStart: Start processing file | File: QC300_0624_01504CT-CT11.xlsm
2025-12-13 16:27:58,661 - core.audit - ERROR - [ERROR] Orchestrator.ProcessingFailed: Processing failed: Field visit_date missing 'name' | File: QC300_0624_01504CT-CT11.xlsm
2025-12-13 16:27:58,662 - core.orchestrator - ERROR - Processing failed for QC300_0624_01504CT-CT11.xlsm: Field visit_date missing 'name'
2025-12-13 16:27:58,663 - core.audit - INFO - [INFO] Orchestrator.BatchComplete: Batch processing completed
2025-12-13 16:27:58,743 - storage.hdf5_store - DEBUG - Table AuditTrail saved (3 rows)
2025-12-13 16:27:58,745 - core.audit - INFO - Audit data exported to HDF5: 3 events
2025-12-13 16:27:59,008 - core.audit - INFO - Audit data exported to Parquet: 3 events
2025-12-13 16:27:59,012 - storage.hdf5_store - INFO - HDF5 store closed
2025-12-13 16:59:39,368 - core.selector - INFO - TemplateSelector initialisé - template unique: ctqc_base
2025-12-13 16:59:39,369 - core.audit - INFO - [INFO] Orchestrator.ProcessingStart: Start processing file | File: QC300_0624_01504CT-CT11.xlsm
2025-12-13 16:59:39,510 - core.sidecar - INFO - Sidecar loaded: ctqc_base (version: 2.0.3)
2025-12-13 16:59:39,511 - engine.extraction_engine - INFO - Extraction des données depuis: .\data\raw\excel\QC300_0624_01504CT-CT11.xlsm
2025-12-13 16:59:47,062 - engine.extraction_engine - WARNING - Champ requis manquant: serial
2025-12-13 16:59:57,637 - engine.extraction_engine - WARNING - Champ requis manquant: visit_date
2025-12-13 17:00:07,625 - engine.validators - WARNING - Unknown validator type: type
2025-12-13 17:00:07,798 - engine.extraction_engine - WARNING - Nombre de colonnes insuffisant: 5 trouvées, 6 attendues
2025-12-13 17:00:07,880 - engine.extraction_engine - WARNING - Nombre de colonnes insuffisant: 4 trouvées, 5 attendues
2025-12-13 17:00:08,085 - engine.extraction_engine - WARNING - Nombre de colonnes insuffisant: 5 trouvées, 8 attendues
2025-12-13 17:11:19,479 - engine.extraction_engine - WARNING - Nombre de colonnes insuffisant: 9 trouvées, 10 attendues
2025-12-13 17:16:14,225 - engine.extraction_engine - WARNING - Nombre de colonnes insuffisant: 10 trouvées, 11 attendues
2025-12-13 17:16:14,819 - engine.extraction_engine - WARNING - Nombre de colonnes insuffisant: 5 trouvées, 6 attendues
2025-12-13 17:16:15,688 - engine.extraction_engine - WARNING - Nombre de colonnes insuffisant: 7 trouvées, 9 attendues
2025-12-13 17:16:16,367 - engine.extraction_engine - WARNING - Nombre de colonnes insuffisant: 8 trouvées, 9 attendues
2025-12-13 17:16:16,912 - engine.extraction_engine - WARNING - Nombre de colonnes insuffisant: 5 trouvées, 9 attendues
2025-12-13 17:16:17,562 - engine.extraction_engine - ERROR - Erreur mapping colonnes: "['kvp_central', 'limit_central_percent', 'deviation_periphery_percent'] not in index"
2025-12-13 17:17:29,518 - engine.extraction_engine - INFO - Extraction terminée: 8 champs, 28 tables depuis 23 feuilles
2025-12-13 17:17:29,573 - models.qa_visit - DEBUG - Dernier QAID trouvé: 1885
2025-12-13 17:17:29,574 - core.audit - INFO - [INFO] QAVisit.Created: QAVisit 1886 created successfully
2025-12-13 17:17:29,575 - models.qa_visit - INFO - QAVisit 1886 ready for HDF5 persistence
2025-12-13 17:17:29,904 - storage.parquet_export - WARNING - Could not export Geometry data: ("Could not convert 'NVT' with type str: tried to convert to double", 'Conversion failed for column geometric_efficiency_pct with type object')
2025-12-13 17:17:29,939 - storage.parquet_export - INFO - Parquet export completed for QAVisit 1886
2025-12-13 17:17:29,951 - storage.access_export - DEBUG - Access TXT file created: .\data\export\access\QAVisit.txt
2025-12-13 17:17:29,953 - storage.access_export - DEBUG - Access TXT file created: .\data\export\access\Geometry_geometry_irradiated_slice_thickness.txt
2025-12-13 17:17:29,956 - storage.access_export - DEBUG - Access TXT file created: .\data\export\access\Geometry_geometry_table_motion.txt
2025-12-13 17:17:29,960 - storage.access_export - DEBUG - Access TXT file created: .\data\export\access\Geometry_geometry_overscan.txt
2025-12-13 17:17:29,964 - storage.access_export - DEBUG - Access TXT file created: .\data\export\access\Extracted_Fields.txt
2025-12-13 17:17:29,967 - storage.access_export - DEBUG - Access TXT file created: .\data\export\access\Extraction_Metadata.txt
2025-12-13 17:17:29,967 - storage.access_export - INFO - Access export completed for QAVisit 1886
2025-12-13 17:17:30,040 - core.audit - INFO - [SUCCESS] Orchestrator.ProcessingComplete: File processed successfully | File: QC300_0624_01504CT-CT11.xlsm
2025-12-13 17:17:30,041 - core.audit - INFO - [INFO] Orchestrator.BatchComplete: Batch processing completed
2025-12-13 17:17:30,064 - storage.hdf5_store - DEBUG - Table AuditTrail saved (7 rows)
2025-12-13 17:17:30,065 - core.audit - INFO - Audit data exported to HDF5: 4 events
2025-12-13 17:17:30,093 - core.audit - INFO - Audit data exported to Parquet: 4 events
2025-12-13 17:17:30,098 - storage.hdf5_store - INFO - HDF5 store closed
2026-01-04 15:48:56,214 - core.selector - INFO - TemplateSelector initialisé - template unique: ctqc_base
2026-01-04 15:48:56,216 - core.audit - INFO - [INFO] Orchestrator.ProcessingStart: Start processing file | File: QC300_0624_01504CT-CT11.xlsm
2026-01-04 15:48:56,323 - core.sidecar - INFO - Sidecar loaded: ctqc_base (version: 2.0.3)
2026-01-04 15:48:56,324 - engine.extraction_engine - INFO - Extraction des données depuis: .\data\raw\excel\QC300_0624_01504CT-CT11.xlsm
2026-01-04 15:49:02,834 - engine.extraction_engine - WARNING - Champ requis manquant: serial
2026-01-04 15:49:11,029 - engine.extraction_engine - WARNING - Champ requis manquant: visit_date
2026-01-04 15:49:20,183 - engine.validators - WARNING - Unknown validator type: type
2026-01-04 15:49:20,257 - engine.extraction_engine - WARNING - Nombre de colonnes insuffisant: 4 trouvées, 5 attendues
2026-01-04 15:59:09,106 - engine.extraction_engine - WARNING - Nombre de colonnes insuffisant: 9 trouvées, 10 attendues
2026-01-04 16:03:39,272 - engine.extraction_engine - WARNING - Nombre de colonnes insuffisant: 10 trouvées, 11 attendues
2026-01-04 16:03:39,773 - engine.extraction_engine - WARNING - Nombre de colonnes insuffisant: 5 trouvées, 6 attendues
2026-01-04 16:03:40,506 - engine.extraction_engine - WARNING - Nombre de colonnes insuffisant: 7 trouvées, 9 attendues
2026-01-04 16:03:40,993 - engine.extraction_engine - WARNING - Nombre de colonnes insuffisant: 8 trouvées, 9 attendues
2026-01-04 16:03:41,483 - engine.extraction_engine - WARNING - Nombre de colonnes insuffisant: 5 trouvées, 9 attendues
2026-01-04 16:03:42,191 - engine.extraction_engine - ERROR - Erreur mapping colonnes: "['kvp_central', 'limit_central_percent', 'deviation_periphery_percent'] not in index"
2026-01-04 16:04:51,590 - engine.extraction_engine - INFO - Extraction terminée: 8 champs, 27 tables depuis 23 feuilles
2026-01-04 16:04:51,786 - models.qa_visit - DEBUG - Dernier QAID trouvé: 1885
2026-01-04 16:04:51,787 - core.audit - INFO - [INFO] QAVisit.Created: QAVisit 1886 created successfully
2026-01-04 16:04:51,788 - models.qa_visit - INFO - QAVisit 1886 ready for HDF5 persistence
2026-01-04 16:04:52,404 - storage.parquet_export - INFO - Parquet export completed for QAVisit 1886
2026-01-04 16:04:52,423 - storage.access_export - DEBUG - Access TXT file created: .\data\export\access\QAVisit.txt
2026-01-04 16:04:52,430 - storage.access_export - DEBUG - Access TXT file created: .\data\export\access\Geometry_geometry_irradiated_slice_thickness.txt
2026-01-04 16:04:52,437 - storage.access_export - DEBUG - Access TXT file created: .\data\export\access\Geometry_geometry_table_motion.txt
2026-01-04 16:04:52,446 - storage.access_export - DEBUG - Access TXT file created: .\data\export\access\Extracted_Fields.txt
2026-01-04 16:04:52,453 - storage.access_export - DEBUG - Access TXT file created: .\data\export\access\Extraction_Metadata.txt
2026-01-04 16:04:52,454 - storage.access_export - INFO - Access export completed for QAVisit 1886
2026-01-04 16:04:52,534 - core.audit - INFO - [SUCCESS] Orchestrator.ProcessingComplete: File processed successfully | File: QC300_0624_01504CT-CT11.xlsm
2026-01-04 16:04:52,536 - core.audit - INFO - [INFO] Orchestrator.BatchComplete: Batch processing completed
2026-01-04 16:04:52,615 - storage.hdf5_store - DEBUG - Table AuditTrail saved (11 rows)
2026-01-04 16:04:52,615 - core.audit - INFO - Audit data exported to HDF5: 4 events
2026-01-04 16:04:52,633 - core.audit - INFO - Audit data exported to Parquet: 4 events
2026-01-04 16:04:52,640 - storage.hdf5_store - INFO - HDF5 store closed
2026-01-04 16:58:06,726 - core.selector - INFO - TemplateSelector initialisé - template unique: ctqc_base
2026-01-04 16:58:06,727 - core.audit - INFO - [INFO] Orchestrator.ProcessingStart: Start processing file | File: QC300_0624_01504CT-CT11.xlsm
2026-01-04 16:58:06,815 - core.sidecar - INFO - Sidecar loaded: ctqc_base (version: 2.0.3)
2026-01-04 16:58:06,816 - engine.extraction_engine - INFO - Extraction des données depuis: .\data\raw\excel\QC300_0624_01504CT-CT11.xlsm
2026-01-04 16:58:11,848 - engine.extraction_engine - WARNING - Champ requis manquant: serial
2026-01-04 16:58:20,857 - engine.extraction_engine - WARNING - Champ requis manquant: visit_date
2026-01-04 16:58:29,111 - engine.validators - WARNING - Unknown validator type: type
2026-01-04 16:58:29,241 - engine.extraction_engine - WARNING - Nombre de colonnes insuffisant: 4 trouvées, 5 attendues
2026-01-04 17:08:17,362 - engine.extraction_engine - WARNING - Nombre de colonnes insuffisant: 9 trouvées, 10 attendues
2026-01-04 17:12:12,344 - engine.extraction_engine - WARNING - Nombre de colonnes insuffisant: 10 trouvées, 11 attendues
2026-01-04 17:12:12,770 - engine.extraction_engine - WARNING - Nombre de colonnes insuffisant: 5 trouvées, 6 attendues
2026-01-04 17:12:13,426 - engine.extraction_engine - WARNING - Nombre de colonnes insuffisant: 7 trouvées, 9 attendues
2026-01-04 17:12:13,831 - engine.extraction_engine - WARNING - Nombre de colonnes insuffisant: 8 trouvées, 9 attendues
2026-01-04 17:12:14,275 - engine.extraction_engine - WARNING - Nombre de colonnes insuffisant: 5 trouvées, 9 attendues
2026-01-04 17:12:14,813 - engine.extraction_engine - ERROR - Erreur mapping colonnes: "['kvp_central', 'limit_central_percent', 'deviation_periphery_percent'] not in index"
2026-01-04 17:13:20,927 - engine.extraction_engine - INFO - Extraction terminée: 8 champs, 27 tables depuis 23 feuilles
2026-01-04 17:13:20,975 - models.qa_visit - DEBUG - Dernier QAID trouvé: 1885
2026-01-04 17:13:20,976 - core.audit - INFO - [INFO] QAVisit.Created: QAVisit 1886 created successfully
2026-01-04 17:13:20,977 - models.qa_visit - INFO - QAVisit 1886 ready for HDF5 persistence
2026-01-04 17:13:21,161 - storage.parquet_export - INFO - Parquet export completed for QAVisit 1886
2026-01-04 17:13:21,175 - storage.access_export - DEBUG - Access TXT file created: .\data\export\access\QAVisit.txt
2026-01-04 17:13:21,182 - storage.access_export - DEBUG - Access TXT file created: .\data\export\access\Geometry_geometry_irradiated_slice_thickness.txt
2026-01-04 17:13:21,188 - storage.access_export - DEBUG - Access TXT file created: .\data\export\access\Geometry_geometry_table_motion.txt
2026-01-04 17:13:21,196 - storage.access_export - DEBUG - Access TXT file created: .\data\export\access\Extracted_Fields.txt
2026-01-04 17:13:21,202 - storage.access_export - DEBUG - Access TXT file created: .\data\export\access\Extraction_Metadata.txt
2026-01-04 17:13:21,202 - storage.access_export - INFO - Access export completed for QAVisit 1886
2026-01-04 17:13:21,271 - core.audit - INFO - [SUCCESS] Orchestrator.ProcessingComplete: File processed successfully | File: QC300_0624_01504CT-CT11.xlsm
2026-01-04 17:13:21,273 - core.audit - INFO - [INFO] Orchestrator.ProcessingStart: Start processing file | File: ~$QC300_0624_01504CT-CT11.xlsm
2026-01-04 17:13:21,274 - engine.extraction_engine - INFO - Extraction des données depuis: .\data\raw\excel\~$QC300_0624_01504CT-CT11.xlsm
2026-01-04 17:13:21,280 - engine.extraction_engine - ERROR - Échec de l'extraction pour .\data\raw\excel\~$QC300_0624_01504CT-CT11.xlsm: [Errno 13] Permission denied: '.\\data\\raw\\excel\\~$QC300_0624_01504CT-CT11.xlsm'
2026-01-04 17:13:21,281 - core.audit - ERROR - [ERROR] Orchestrator.ProcessingFailed: Processing failed: [Errno 13] Permission denied: '.\\data\\raw\\excel\\~$QC300_0624_01504CT-CT11.xlsm' | File: ~$QC300_0624_01504CT-CT11.xlsm
2026-01-04 17:13:21,281 - core.orchestrator - ERROR - Processing failed for ~$QC300_0624_01504CT-CT11.xlsm: [Errno 13] Permission denied: '.\\data\\raw\\excel\\~$QC300_0624_01504CT-CT11.xlsm'
2026-01-04 17:13:21,284 - core.audit - INFO - [INFO] Orchestrator.BatchComplete: Batch processing completed
2026-01-04 17:13:21,312 - storage.hdf5_store - DEBUG - Table AuditTrail saved (17 rows)
2026-01-04 17:13:21,313 - core.audit - INFO - Audit data exported to HDF5: 6 events
2026-01-04 17:13:21,332 - core.audit - INFO - Audit data exported to Parquet: 6 events
2026-01-04 17:13:21,338 - storage.hdf5_store - INFO - HDF5 store closed
2026-01-04 17:37:25,933 - core.selector - INFO - TemplateSelector initialisé - template unique: ctqc_base
2026-01-04 17:37:25,934 - core.audit - INFO - [INFO] Orchestrator.ProcessingStart: Start processing file | File: QC300_0624_01504CT-CT11.xlsm
2026-01-04 17:37:26,017 - core.sidecar - INFO - Sidecar loaded: ctqc_base (version: 2.0.3)
2026-01-04 17:37:26,018 - engine.extraction_engine - INFO - Extraction des données depuis: .\data\raw\excel\QC300_0624_01504CT-CT11.xlsm
2026-01-04 17:37:31,015 - engine.extraction_engine - WARNING - Champ requis manquant: serial
2026-01-04 17:37:39,328 - engine.extraction_engine - WARNING - Champ requis manquant: visit_date
2026-01-04 17:37:48,277 - engine.validators - WARNING - Unknown validator type: type
2026-01-04 17:37:48,351 - engine.extraction_engine - WARNING - Nombre de colonnes insuffisant: 4 trouvées, 5 attendues
2026-01-04 17:46:17,640 - engine.extraction_engine - WARNING - Nombre de colonnes insuffisant: 9 trouvées, 10 attendues
2026-01-04 17:50:06,693 - engine.extraction_engine - WARNING - Nombre de colonnes insuffisant: 10 trouvées, 11 attendues
2026-01-04 17:50:07,118 - engine.extraction_engine - WARNING - Nombre de colonnes insuffisant: 5 trouvées, 6 attendues
2026-01-04 17:50:07,728 - engine.extraction_engine - WARNING - Nombre de colonnes insuffisant: 7 trouvées, 9 attendues
2026-01-04 17:50:08,139 - engine.extraction_engine - WARNING - Nombre de colonnes insuffisant: 8 trouvées, 9 attendues
2026-01-04 17:50:08,610 - engine.extraction_engine - WARNING - Nombre de colonnes insuffisant: 5 trouvées, 9 attendues
2026-01-04 17:50:09,231 - engine.extraction_engine - ERROR - Erreur mapping colonnes: "['kvp_central', 'limit_central_percent', 'deviation_periphery_percent'] not in index"
2026-01-04 17:51:14,544 - engine.extraction_engine - INFO - Extraction terminée: 8 champs, 27 tables depuis 23 feuilles
2026-01-04 17:51:14,589 - models.qa_visit - DEBUG - Dernier QAID trouvé: 1885
2026-01-04 17:51:14,590 - core.audit - INFO - [INFO] QAVisit.Created: QAVisit 1886 created successfully
2026-01-04 17:51:14,591 - models.qa_visit - INFO - QAVisit 1886 ready for HDF5 persistence
2026-01-04 17:51:14,770 - storage.parquet_export - INFO - Parquet export completed for QAVisit 1886
2026-01-04 17:51:14,785 - storage.access_export - DEBUG - Access TXT file created: .\data\export\access\QAVisit.txt
2026-01-04 17:51:14,792 - storage.access_export - DEBUG - Access TXT file created: .\data\export\access\Geometry_geometry_irradiated_slice_thickness.txt
2026-01-04 17:51:14,798 - storage.access_export - DEBUG - Access TXT file created: .\data\export\access\Geometry_geometry_table_motion.txt
2026-01-04 17:51:14,805 - storage.access_export - DEBUG - Access TXT file created: .\data\export\access\Extracted_Fields.txt
2026-01-04 17:51:14,810 - storage.access_export - DEBUG - Access TXT file created: .\data\export\access\Extraction_Metadata.txt
2026-01-04 17:51:14,811 - storage.access_export - INFO - Access export completed for QAVisit 1886
2026-01-04 17:51:14,858 - core.audit - INFO - [SUCCESS] Orchestrator.ProcessingComplete: File processed successfully | File: QC300_0624_01504CT-CT11.xlsm
2026-01-04 17:51:14,860 - core.audit - INFO - [INFO] Orchestrator.ProcessingStart: Start processing file | File: ~$QC300_0624_01504CT-CT11.xlsm
2026-01-04 17:51:14,861 - engine.extraction_engine - INFO - Extraction des données depuis: .\data\raw\excel\~$QC300_0624_01504CT-CT11.xlsm
2026-01-04 17:51:14,862 - engine.extraction_engine - ERROR - Échec de l'extraction pour .\data\raw\excel\~$QC300_0624_01504CT-CT11.xlsm: [Errno 13] Permission denied: '.\\data\\raw\\excel\\~$QC300_0624_01504CT-CT11.xlsm'
2026-01-04 17:51:14,863 - core.audit - ERROR - [ERROR] Orchestrator.ProcessingFailed: Processing failed: [Errno 13] Permission denied: '.\\data\\raw\\excel\\~$QC300_0624_01504CT-CT11.xlsm' | File: ~$QC300_0624_01504CT-CT11.xlsm
2026-01-04 17:51:14,865 - core.orchestrator - ERROR - Processing failed for ~$QC300_0624_01504CT-CT11.xlsm: [Errno 13] Permission denied: '.\\data\\raw\\excel\\~$QC300_0624_01504CT-CT11.xlsm'
2026-01-04 17:51:14,866 - core.audit - INFO - [INFO] Orchestrator.BatchComplete: Batch processing completed
2026-01-04 17:51:14,900 - storage.hdf5_store - DEBUG - Table AuditTrail saved (23 rows)
2026-01-04 17:51:14,901 - core.audit - INFO - Audit data exported to HDF5: 6 events
2026-01-04 17:51:14,919 - core.audit - INFO - Audit data exported to Parquet: 6 events
2026-01-04 17:51:14,924 - storage.hdf5_store - INFO - HDF5 store closed
2026-01-04 20:53:34,016 - core.selector - INFO - TemplateSelector initialisé - template unique: ctqc_base
2026-01-04 20:53:34,018 - core.audit - INFO - [INFO] Orchestrator.ProcessingStart: Start processing file | File: QC300_0624_01504CT-CT11.xlsm
2026-01-04 20:53:34,112 - core.sidecar - INFO - Sidecar loaded: ctqc_base (version: 2.0.3)
2026-01-04 20:53:34,113 - engine.extraction_engine - INFO - Extraction des données depuis: .\data\raw\excel\QC300_0624_01504CT-CT11.xlsm
2026-01-04 20:53:40,001 - engine.extraction_engine - WARNING - Champ requis manquant: serial
2026-01-04 20:53:48,094 - engine.extraction_engine - WARNING - Champ requis manquant: visit_date
2026-01-04 20:53:56,371 - engine.validators - WARNING - Unknown validator type: type
2026-01-04 20:53:56,478 - engine.extraction_engine - WARNING - Nombre de colonnes insuffisant: 4 trouvées, 5 attendues
2026-01-04 21:02:15,362 - engine.extraction_engine - WARNING - Nombre de colonnes insuffisant: 9 trouvées, 10 attendues
2026-01-04 21:06:08,198 - engine.extraction_engine - WARNING - Nombre de colonnes insuffisant: 10 trouvées, 11 attendues
2026-01-04 21:06:08,737 - engine.extraction_engine - WARNING - Nombre de colonnes insuffisant: 5 trouvées, 6 attendues
2026-01-04 21:06:09,348 - engine.extraction_engine - WARNING - Nombre de colonnes insuffisant: 7 trouvées, 9 attendues
2026-01-04 21:06:09,764 - engine.extraction_engine - WARNING - Nombre de colonnes insuffisant: 8 trouvées, 9 attendues
2026-01-04 21:06:10,209 - engine.extraction_engine - WARNING - Nombre de colonnes insuffisant: 5 trouvées, 9 attendues
2026-01-04 21:06:10,713 - engine.extraction_engine - ERROR - Erreur mapping colonnes: "['kvp_central', 'limit_central_percent', 'deviation_periphery_percent'] not in index"
2026-01-04 21:07:15,884 - engine.extraction_engine - INFO - Extraction terminée: 8 champs, 27 tables depuis 23 feuilles
2026-01-04 21:07:15,932 - models.qa_visit - DEBUG - Dernier QAID trouvé: 1885
2026-01-04 21:07:15,932 - core.audit - INFO - [INFO] QAVisit.Created: QAVisit 1886 created successfully
2026-01-04 21:07:15,933 - models.qa_visit - INFO - QAVisit 1886 ready for HDF5 persistence
2026-01-04 21:07:16,307 - storage.parquet_export - INFO - Parquet export completed for QAVisit 1886
2026-01-04 21:07:16,323 - storage.access_export - DEBUG - Access TXT file created: .\data\export\access\QAVisit.txt
2026-01-04 21:07:16,329 - storage.access_export - DEBUG - Access TXT file created: .\data\export\access\Geometry_geometry_irradiated_slice_thickness.txt
2026-01-04 21:07:16,334 - storage.access_export - DEBUG - Access TXT file created: .\data\export\access\Geometry_geometry_table_motion.txt
2026-01-04 21:07:16,341 - storage.access_export - DEBUG - Access TXT file created: .\data\export\access\Extracted_Fields.txt
2026-01-04 21:07:16,346 - storage.access_export - DEBUG - Access TXT file created: .\data\export\access\Extraction_Metadata.txt
2026-01-04 21:07:16,347 - storage.access_export - INFO - Access export completed for QAVisit 1886
2026-01-04 21:07:16,423 - core.audit - INFO - [SUCCESS] Orchestrator.ProcessingComplete: File processed successfully | File: QC300_0624_01504CT-CT11.xlsm
2026-01-04 21:07:16,426 - core.audit - INFO - [INFO] Orchestrator.ProcessingStart: Start processing file | File: ~$QC300_0624_01504CT-CT11.xlsm
2026-01-04 21:07:16,427 - engine.extraction_engine - INFO - Extraction des données depuis: .\data\raw\excel\~$QC300_0624_01504CT-CT11.xlsm
2026-01-04 21:07:16,428 - engine.extraction_engine - ERROR - Échec de l'extraction pour .\data\raw\excel\~$QC300_0624_01504CT-CT11.xlsm: [Errno 13] Permission denied: '.\\data\\raw\\excel\\~$QC300_0624_01504CT-CT11.xlsm'
2026-01-04 21:07:16,429 - core.audit - ERROR - [ERROR] Orchestrator.ProcessingFailed: Processing failed: [Errno 13] Permission denied: '.\\data\\raw\\excel\\~$QC300_0624_01504CT-CT11.xlsm' | File: ~$QC300_0624_01504CT-CT11.xlsm
2026-01-04 21:07:16,433 - core.orchestrator - ERROR - Processing failed for ~$QC300_0624_01504CT-CT11.xlsm: [Errno 13] Permission denied: '.\\data\\raw\\excel\\~$QC300_0624_01504CT-CT11.xlsm'
2026-01-04 21:07:16,434 - core.audit - INFO - [INFO] Orchestrator.BatchComplete: Batch processing completed
2026-01-04 21:07:16,465 - storage.hdf5_store - DEBUG - Table AuditTrail saved (29 rows)
2026-01-04 21:07:16,466 - core.audit - INFO - Audit data exported to HDF5: 6 events
2026-01-04 21:07:16,482 - core.audit - INFO - Audit data exported to Parquet: 6 events
2026-01-04 21:07:16,487 - storage.hdf5_store - INFO - HDF5 store closed
2026-01-04 21:12:28,895 - core.selector - INFO - TemplateSelector initialisé - template unique: ctqc_base
2026-01-04 21:12:28,897 - core.audit - INFO - [INFO] Orchestrator.ProcessingStart: Start processing file | File: QC300_0624_01504CT-CT11.xlsm
2026-01-04 21:12:28,986 - core.sidecar - INFO - Sidecar loaded: ctqc_base (version: 2.0.3)
2026-01-04 21:12:28,987 - engine.extraction_engine - INFO - Extraction des données depuis: .\data\raw\excel\QC300_0624_01504CT-CT11.xlsm
2026-01-04 21:12:34,661 - engine.extraction_engine - WARNING - Champ requis manquant: serial
2026-01-04 21:12:43,194 - engine.extraction_engine - WARNING - Champ requis manquant: visit_date
2026-01-04 21:12:51,852 - engine.validators - WARNING - Unknown validator type: type
2026-01-04 21:12:51,928 - engine.extraction_engine - WARNING - Nombre de colonnes insuffisant: 4 trouvées, 5 attendues
2026-01-04 21:20:56,366 - engine.extraction_engine - WARNING - Nombre de colonnes insuffisant: 9 trouvées, 10 attendues
2026-01-04 21:24:31,533 - engine.extraction_engine - WARNING - Nombre de colonnes insuffisant: 10 trouvées, 11 attendues
2026-01-04 21:24:32,004 - engine.extraction_engine - WARNING - Nombre de colonnes insuffisant: 5 trouvées, 6 attendues
2026-01-04 21:24:32,631 - engine.extraction_engine - WARNING - Nombre de colonnes insuffisant: 7 trouvées, 9 attendues
2026-01-04 21:24:33,111 - engine.extraction_engine - WARNING - Nombre de colonnes insuffisant: 8 trouvées, 9 attendues
2026-01-04 21:24:33,562 - engine.extraction_engine - WARNING - Nombre de colonnes insuffisant: 5 trouvées, 9 attendues
2026-01-04 21:24:34,050 - engine.extraction_engine - ERROR - Erreur mapping colonnes: "['kvp_central', 'limit_central_percent', 'deviation_periphery_percent'] not in index"
2026-01-04 21:25:33,156 - engine.extraction_engine - INFO - Extraction terminée: 8 champs, 27 tables depuis 23 feuilles
2026-01-04 21:25:33,201 - models.qa_visit - DEBUG - Dernier QAID trouvé: 1885
2026-01-04 21:25:33,202 - core.audit - INFO - [INFO] QAVisit.Created: QAVisit 1886 created successfully
2026-01-04 21:25:33,203 - models.qa_visit - INFO - QAVisit 1886 ready for HDF5 persistence
2026-01-04 21:25:33,372 - storage.parquet_export - INFO - Parquet export completed for QAVisit 1886
2026-01-04 21:25:33,387 - storage.access_export - DEBUG - Access TXT file created: .\data\export\access\QAVisit.txt
2026-01-04 21:25:33,393 - storage.access_export - DEBUG - Access TXT file created: .\data\export\access\Geometry_geometry_irradiated_slice_thickness.txt
2026-01-04 21:25:33,398 - storage.access_export - DEBUG - Access TXT file created: .\data\export\access\Geometry_geometry_table_motion.txt
2026-01-04 21:25:33,405 - storage.access_export - DEBUG - Access TXT file created: .\data\export\access\Extracted_Fields.txt
2026-01-04 21:25:33,436 - storage.access_export - DEBUG - Access TXT file created: .\data\export\access\Extraction_Metadata.txt
2026-01-04 21:25:33,437 - storage.access_export - INFO - Access export completed for QAVisit 1886
2026-01-04 21:25:33,497 - core.audit - INFO - [SUCCESS] Orchestrator.ProcessingComplete: File processed successfully | File: QC300_0624_01504CT-CT11.xlsm
2026-01-04 21:25:33,498 - core.audit - INFO - [INFO] Orchestrator.ProcessingStart: Start processing file | File: ~$QC300_0624_01504CT-CT11.xlsm
2026-01-04 21:25:33,499 - engine.extraction_engine - INFO - Extraction des données depuis: .\data\raw\excel\~$QC300_0624_01504CT-CT11.xlsm
2026-01-04 21:25:33,502 - engine.extraction_engine - ERROR - Échec de l'extraction pour .\data\raw\excel\~$QC300_0624_01504CT-CT11.xlsm: [Errno 13] Permission denied: '.\\data\\raw\\excel\\~$QC300_0624_01504CT-CT11.xlsm'
2026-01-04 21:25:33,503 - core.audit - ERROR - [ERROR] Orchestrator.ProcessingFailed: Processing failed: [Errno 13] Permission denied: '.\\data\\raw\\excel\\~$QC300_0624_01504CT-CT11.xlsm' | File: ~$QC300_0624_01504CT-CT11.xlsm
2026-01-04 21:25:33,504 - core.orchestrator - ERROR - Processing failed for ~$QC300_0624_01504CT-CT11.xlsm: [Errno 13] Permission denied: '.\\data\\raw\\excel\\~$QC300_0624_01504CT-CT11.xlsm'
2026-01-04 21:25:33,504 - core.audit - INFO - [INFO] Orchestrator.BatchComplete: Batch processing completed
2026-01-04 21:25:33,531 - storage.hdf5_store - DEBUG - Table AuditTrail saved (35 rows)
2026-01-04 21:25:33,532 - core.audit - INFO - Audit data exported to HDF5: 6 events
2026-01-04 21:25:33,547 - core.audit - INFO - Audit data exported to Parquet: 6 events
2026-01-04 21:25:33,551 - storage.hdf5_store - INFO - HDF5 store closed
2026-01-04 22:14:07,873 - core.selector - INFO - TemplateSelector initialisé - template unique: ctqc_base
2026-01-04 22:14:07,874 - core.audit - INFO - [INFO] Orchestrator.ProcessingStart: Start processing file | File: QC300_0624_01504CT-CT11.xlsm
2026-01-04 22:14:07,945 - core.sidecar - INFO - Sidecar loaded: ctqc_base (version: 2.0.3-test)
2026-01-04 22:14:07,946 - engine.extraction_engine - INFO - Extraction des données depuis: .\data\raw\excel\QC300_0624_01504CT-CT11.xlsm
2026-01-04 22:14:12,613 - engine.extraction_engine - WARNING - Champ requis manquant: serial
2026-01-04 22:14:16,217 - engine.extraction_engine - WARNING - Nombre de colonnes insuffisant: 4 trouvées, 5 attendues
2026-01-04 22:23:00,182 - engine.extraction_engine - WARNING - Nombre de colonnes insuffisant: 9 trouvées, 10 attendues
2026-01-04 22:27:14,420 - engine.extraction_engine - WARNING - Nombre de colonnes insuffisant: 10 trouvées, 11 attendues
2026-01-04 22:27:15,001 - engine.extraction_engine - WARNING - Nombre de colonnes insuffisant: 5 trouvées, 6 attendues
2026-01-04 22:27:15,660 - engine.extraction_engine - WARNING - Nombre de colonnes insuffisant: 7 trouvées, 9 attendues
2026-01-04 22:27:16,056 - engine.extraction_engine - WARNING - Nombre de colonnes insuffisant: 8 trouvées, 9 attendues
2026-01-04 22:27:16,488 - engine.extraction_engine - WARNING - Nombre de colonnes insuffisant: 5 trouvées, 9 attendues
2026-01-04 22:27:17,045 - engine.extraction_engine - ERROR - Erreur mapping colonnes: "['kvp_central', 'limit_central_percent', 'deviation_periphery_percent'] not in index"
2026-01-04 22:28:27,388 - engine.extraction_engine - INFO - Extraction terminée: 7 champs, 27 tables depuis 23 feuilles
2026-01-04 22:28:27,437 - models.qa_visit - DEBUG - Dernier QAID trouvé: 1885
2026-01-04 22:28:27,438 - core.audit - INFO - [INFO] QAVisit.Created: QAVisit 1886 created successfully
2026-01-04 22:28:27,439 - models.qa_visit - INFO - QAVisit 1886 ready for HDF5 persistence
2026-01-04 22:28:27,624 - storage.parquet_export - INFO - Parquet export completed for QAVisit 1886
2026-01-04 22:28:27,640 - storage.access_export - DEBUG - Access TXT file created: .\data\export\access\QAVisit.txt
2026-01-04 22:28:27,647 - storage.access_export - DEBUG - Access TXT file created: .\data\export\access\Geometry_geometry_irradiated_slice_thickness.txt
2026-01-04 22:28:27,653 - storage.access_export - DEBUG - Access TXT file created: .\data\export\access\Geometry_geometry_table_motion.txt
2026-01-04 22:28:27,659 - storage.access_export - DEBUG - Access TXT file created: .\data\export\access\Extracted_Fields.txt
2026-01-04 22:28:27,665 - storage.access_export - DEBUG - Access TXT file created: .\data\export\access\Extraction_Metadata.txt
2026-01-04 22:28:27,666 - storage.access_export - INFO - Access export completed for QAVisit 1886
2026-01-04 22:28:27,726 - core.audit - INFO - [SUCCESS] Orchestrator.ProcessingComplete: File processed successfully | File: QC300_0624_01504CT-CT11.xlsm
2026-01-04 22:28:27,728 - core.audit - INFO - [INFO] Orchestrator.BatchComplete: Batch processing completed
2026-01-04 22:28:27,768 - storage.hdf5_store - DEBUG - Table AuditTrail saved (39 rows)
2026-01-04 22:28:27,769 - core.audit - INFO - Audit data exported to HDF5: 4 events
2026-01-04 22:28:27,787 - core.audit - INFO - Audit data exported to Parquet: 4 events
2026-01-04 22:28:27,791 - storage.hdf5_store - INFO - HDF5 store closed
2026-01-04 22:46:51,809 - core.selector - INFO - TemplateSelector initialisé - template unique: ctqc_base
2026-01-04 22:46:51,811 - core.audit - INFO - [INFO] Orchestrator.ProcessingStart: Start processing file | File: QC300_0624_01504CT-CT11.xlsm
2026-01-04 22:46:51,881 - core.sidecar - INFO - Sidecar loaded: ctqc_base (version: 2.0.3-test)
2026-01-04 22:46:51,882 - engine.extraction_engine - INFO - Extraction des données depuis: .\data\raw\excel\QC300_0624_01504CT-CT11.xlsm
2026-01-04 22:46:56,622 - engine.extraction_engine - WARNING - Champ requis manquant: serial
2026-01-04 22:47:00,128 - engine.extraction_engine - WARNING - Nombre de colonnes insuffisant: 4 trouvées, 5 attendues
2026-01-04 22:47:00,129 - engine.extraction_engine - ERROR - Erreur mapping colonnes: name 'found' is not defined
2026-01-04 22:55:42,420 - engine.extraction_engine - WARNING - Nombre de colonnes insuffisant: 9 trouvées, 10 attendues
2026-01-04 22:55:42,422 - engine.extraction_engine - ERROR - Erreur mapping colonnes: name 'found' is not defined
2026-01-04 22:59:22,064 - engine.extraction_engine - WARNING - Nombre de colonnes insuffisant: 10 trouvées, 11 attendues
2026-01-04 22:59:22,065 - engine.extraction_engine - ERROR - Erreur mapping colonnes: name 'found' is not defined
2026-01-04 22:59:22,517 - engine.extraction_engine - WARNING - Nombre de colonnes insuffisant: 5 trouvées, 6 attendues
2026-01-04 22:59:22,518 - engine.extraction_engine - ERROR - Erreur mapping colonnes: name 'found' is not defined
2026-01-04 22:59:23,133 - engine.extraction_engine - WARNING - Nombre de colonnes insuffisant: 7 trouvées, 9 attendues
2026-01-04 22:59:23,134 - engine.extraction_engine - ERROR - Erreur mapping colonnes: name 'found' is not defined
2026-01-04 22:59:23,559 - engine.extraction_engine - WARNING - Nombre de colonnes insuffisant: 8 trouvées, 9 attendues
2026-01-04 22:59:23,560 - engine.extraction_engine - ERROR - Erreur mapping colonnes: name 'found' is not defined
2026-01-04 22:59:23,987 - engine.extraction_engine - WARNING - Nombre de colonnes insuffisant: 5 trouvées, 9 attendues
2026-01-04 22:59:23,988 - engine.extraction_engine - ERROR - Erreur mapping colonnes: name 'found' is not defined
2026-01-04 22:59:24,470 - engine.extraction_engine - ERROR - Erreur mapping colonnes: "['kvp_central', 'limit_central_percent', 'deviation_periphery_percent'] not in index"
2026-01-04 23:00:26,381 - engine.extraction_engine - INFO - Extraction terminée: 7 champs, 27 tables depuis 23 feuilles
2026-01-04 23:00:26,431 - models.qa_visit - DEBUG - Dernier QAID trouvé: 1885
2026-01-04 23:00:26,431 - core.audit - INFO - [INFO] QAVisit.Created: QAVisit 1886 created successfully
2026-01-04 23:00:26,432 - models.qa_visit - INFO - QAVisit 1886 ready for HDF5 persistence
2026-01-04 23:00:26,566 - storage.parquet_export - WARNING - Could not export Geometry data: ("Could not convert 'NVT' with type str: tried to convert to double", 'Conversion failed for column Geometr-   ische efficiëntie % with type object')
2026-01-04 23:00:26,598 - storage.parquet_export - INFO - Parquet export completed for QAVisit 1886
2026-01-04 23:00:26,611 - storage.access_export - DEBUG - Access TXT file created: .\data\export\access\QAVisit.txt
2026-01-04 23:00:26,619 - storage.access_export - DEBUG - Access TXT file created: .\data\export\access\Geometry_geometry_irradiated_slice_thickness.txt
2026-01-04 23:00:26,624 - storage.access_export - DEBUG - Access TXT file created: .\data\export\access\Geometry_geometry_table_motion.txt
2026-01-04 23:00:26,630 - storage.access_export - DEBUG - Access TXT file created: .\data\export\access\Extracted_Fields.txt
2026-01-04 23:00:26,635 - storage.access_export - DEBUG - Access TXT file created: .\data\export\access\Extraction_Metadata.txt
2026-01-04 23:00:26,636 - storage.access_export - INFO - Access export completed for QAVisit 1886
2026-01-04 23:00:26,684 - core.audit - INFO - [SUCCESS] Orchestrator.ProcessingComplete: File processed successfully | File: QC300_0624_01504CT-CT11.xlsm
2026-01-04 23:00:26,686 - core.audit - INFO - [INFO] Orchestrator.BatchComplete: Batch processing completed
2026-01-04 23:00:26,716 - storage.hdf5_store - DEBUG - Table AuditTrail saved (43 rows)
2026-01-04 23:00:26,717 - core.audit - INFO - Audit data exported to HDF5: 4 events
2026-01-04 23:00:26,737 - core.audit - INFO - Audit data exported to Parquet: 4 events
2026-01-04 23:00:26,741 - storage.hdf5_store - INFO - HDF5 store closed
2026-01-05 00:05:59,462 - core.selector - INFO - TemplateSelector initialisé - template unique: ctqc_base
2026-01-05 00:05:59,464 - core.audit - INFO - [INFO] Orchestrator.ProcessingStart: Start processing file | File: QC300_0624_01504CT-CT11.xlsm
2026-01-05 00:05:59,550 - core.sidecar - INFO - Sidecar loaded: ctqc_base (version: 2.0.3-test)
2026-01-05 00:05:59,551 - engine.extraction_engine - INFO - Extraction des données depuis: .\data\raw\excel\QC300_0624_01504CT-CT11.xlsm
2026-01-05 00:06:05,656 - engine.extraction_engine - WARNING - Champ requis manquant: serial
2026-01-05 00:06:09,289 - engine.extraction_engine - ERROR - Erreur mapping colonnes: name 'columns_cfg' is not defined
2026-01-05 00:15:13,107 - engine.extraction_engine - ERROR - Erreur mapping colonnes: name 'columns_cfg' is not defined
2026-01-05 00:19:03,437 - engine.extraction_engine - ERROR - Erreur mapping colonnes: name 'columns_cfg' is not defined
2026-01-05 00:19:03,861 - engine.extraction_engine - ERROR - Erreur mapping colonnes: name 'columns_cfg' is not defined
2026-01-05 00:19:04,505 - engine.extraction_engine - ERROR - Erreur mapping colonnes: name 'columns_cfg' is not defined
2026-01-05 00:19:04,941 - engine.extraction_engine - ERROR - Erreur mapping colonnes: name 'columns_cfg' is not defined
2026-01-05 00:19:05,376 - engine.extraction_engine - ERROR - Erreur mapping colonnes: name 'columns_cfg' is not defined
2026-01-05 00:19:05,852 - engine.extraction_engine - ERROR - Erreur mapping colonnes: "['kvp_central', 'limit_central_percent', 'deviation_periphery_percent'] not in index"
2026-01-05 00:20:09,300 - engine.extraction_engine - INFO - Extraction terminée: 7 champs, 27 tables depuis 23 feuilles
2026-01-05 00:20:09,347 - models.qa_visit - DEBUG - Dernier QAID trouvé: 1885
2026-01-05 00:20:09,348 - core.audit - INFO - [INFO] QAVisit.Created: QAVisit 1886 created successfully
2026-01-05 00:20:09,349 - models.qa_visit - INFO - QAVisit 1886 ready for HDF5 persistence
2026-01-05 00:20:09,654 - storage.parquet_export - WARNING - Could not export Geometry data: ("Could not convert 'NVT' with type str: tried to convert to double", 'Conversion failed for column Geometr-   ische efficiëntie % with type object')
2026-01-05 00:20:09,689 - storage.parquet_export - INFO - Parquet export completed for QAVisit 1886
2026-01-05 00:20:09,703 - storage.access_export - DEBUG - Access TXT file created: .\data\export\access\QAVisit.txt
2026-01-05 00:20:09,711 - storage.access_export - DEBUG - Access TXT file created: .\data\export\access\Geometry_geometry_irradiated_slice_thickness.txt
2026-01-05 00:20:09,716 - storage.access_export - DEBUG - Access TXT file created: .\data\export\access\Geometry_geometry_table_motion.txt
2026-01-05 00:20:09,722 - storage.access_export - DEBUG - Access TXT file created: .\data\export\access\Extracted_Fields.txt
2026-01-05 00:20:09,729 - storage.access_export - DEBUG - Access TXT file created: .\data\export\access\Extraction_Metadata.txt
2026-01-05 00:20:09,729 - storage.access_export - INFO - Access export completed for QAVisit 1886
2026-01-05 00:20:09,792 - core.audit - INFO - [SUCCESS] Orchestrator.ProcessingComplete: File processed successfully | File: QC300_0624_01504CT-CT11.xlsm
2026-01-05 00:20:09,793 - core.audit - INFO - [INFO] Orchestrator.BatchComplete: Batch processing completed
2026-01-05 00:20:09,825 - storage.hdf5_store - DEBUG - Table AuditTrail saved (47 rows)
2026-01-05 00:20:09,825 - core.audit - INFO - Audit data exported to HDF5: 4 events
2026-01-05 00:20:09,836 - core.audit - INFO - Audit data exported to Parquet: 4 events
2026-01-05 00:20:09,840 - storage.hdf5_store - INFO - HDF5 store closed
2026-01-05 17:07:43,486 - core.selector - INFO - TemplateSelector initialisé - template unique: ctqc_base
2026-01-05 17:07:43,487 - core.audit - INFO - [INFO] Orchestrator.ProcessingStart: Start processing file | File: QC300_0624_01504CT-CT11.xlsm
2026-01-05 17:07:43,558 - core.sidecar - INFO - Sidecar loaded: ctqc_base (version: 2.0.3-test)
2026-01-05 17:07:43,559 - engine.extraction_engine - INFO - Extraction des données depuis: .\data\raw\excel\QC300_0624_01504CT-CT11.xlsm
2026-01-05 17:07:48,286 - engine.extraction_engine - WARNING - Champ requis manquant: serial
2026-01-05 17:07:51,968 - engine.extraction_engine - ERROR - Erreur mapping colonnes: name 'columns_cfg' is not defined
2026-01-05 17:12:22,628 - engine.extraction_engine - ERROR - Erreur mapping colonnes: name 'columns_cfg' is not defined
2026-01-05 17:16:38,195 - engine.extraction_engine - ERROR - Erreur mapping colonnes: name 'columns_cfg' is not defined
2026-01-05 17:16:38,791 - engine.extraction_engine - ERROR - Erreur mapping colonnes: name 'columns_cfg' is not defined
2026-01-05 17:16:39,529 - engine.extraction_engine - ERROR - Erreur mapping colonnes: name 'columns_cfg' is not defined
2026-01-05 17:16:40,015 - engine.extraction_engine - ERROR - Erreur mapping colonnes: name 'columns_cfg' is not defined
2026-01-05 17:16:40,485 - engine.extraction_engine - ERROR - Erreur mapping colonnes: name 'columns_cfg' is not defined
2026-01-05 17:16:41,036 - engine.extraction_engine - ERROR - Erreur mapping colonnes: "['kvp_central', 'limit_central_percent', 'deviation_periphery_percent'] not in index"
2026-01-05 17:17:50,939 - engine.extraction_engine - INFO - Extraction terminée: 7 champs, 27 tables depuis 23 feuilles
2026-01-05 17:17:50,995 - models.qa_visit - DEBUG - Dernier QAID trouvé: 1885
2026-01-05 17:17:50,995 - core.audit - INFO - [INFO] QAVisit.Created: QAVisit 1886 created successfully
2026-01-05 17:17:50,996 - models.qa_visit - INFO - QAVisit 1886 ready for HDF5 persistence
2026-01-05 17:17:51,300 - storage.parquet_export - WARNING - Could not export Geometry data: ("Could not convert 'NVT' with type str: tried to convert to double", 'Conversion failed for column Geometr-   ische efficiëntie % with type object')
2026-01-05 17:17:51,337 - storage.parquet_export - INFO - Parquet export completed for QAVisit 1886
2026-01-05 17:17:51,365 - storage.access_export - DEBUG - Access TXT file created: .\data\export\access\QAVisit.txt
2026-01-05 17:17:51,368 - storage.access_export - DEBUG - Access TXT file created: .\data\export\access\Tube_Voltage.txt
2026-01-05 17:17:51,374 - storage.access_export - DEBUG - Access TXT file created: .\data\export\access\Geometry_geometry_irradiated_slice_thickness.txt
2026-01-05 17:17:51,379 - storage.access_export - DEBUG - Access TXT file created: .\data\export\access\Geometry_geometry_table_motion.txt
2026-01-05 17:17:51,385 - storage.access_export - DEBUG - Access TXT file created: .\data\export\access\Extracted_Fields.txt
2026-01-05 17:17:51,391 - storage.access_export - DEBUG - Access TXT file created: .\data\export\access\Extraction_Metadata.txt
2026-01-05 17:17:51,392 - storage.access_export - INFO - Access export completed for QAVisit 1886
2026-01-05 17:17:51,466 - core.audit - INFO - [SUCCESS] Orchestrator.ProcessingComplete: File processed successfully | File: QC300_0624_01504CT-CT11.xlsm
2026-01-05 17:17:51,467 - core.audit - INFO - [INFO] Orchestrator.ProcessingStart: Start processing file | File: ~$QC300_0624_01504CT-CT11.xlsm
2026-01-05 17:17:51,468 - engine.extraction_engine - INFO - Extraction des données depuis: .\data\raw\excel\~$QC300_0624_01504CT-CT11.xlsm
2026-01-05 17:17:51,469 - engine.extraction_engine - ERROR - Échec de l'extraction pour .\data\raw\excel\~$QC300_0624_01504CT-CT11.xlsm: [Errno 2] No such file or directory: '.\\data\\raw\\excel\\~$QC300_0624_01504CT-CT11.xlsm'
2026-01-05 17:17:51,470 - core.audit - ERROR - [ERROR] Orchestrator.ProcessingFailed: Processing failed: [Errno 2] No such file or directory: '.\\data\\raw\\excel\\~$QC300_0624_01504CT-CT11.xlsm' | File: ~$QC300_0624_01504CT-CT11.xlsm
2026-01-05 17:17:51,471 - core.orchestrator - ERROR - Processing failed for ~$QC300_0624_01504CT-CT11.xlsm: [Errno 2] No such file or directory: '.\\data\\raw\\excel\\~$QC300_0624_01504CT-CT11.xlsm'
2026-01-05 17:17:51,472 - core.audit - INFO - [INFO] Orchestrator.BatchComplete: Batch processing completed
2026-01-05 17:17:51,510 - storage.hdf5_store - DEBUG - Table AuditTrail saved (53 rows)
2026-01-05 17:17:51,511 - core.audit - INFO - Audit data exported to HDF5: 6 events
2026-01-05 17:17:51,528 - core.audit - INFO - Audit data exported to Parquet: 6 events
2026-01-05 17:17:51,532 - storage.hdf5_store - INFO - HDF5 store closed
2026-01-05 17:52:17,345 - core.selector - INFO - TemplateSelector initialisé - template unique: ctqc_base
2026-01-05 17:52:17,346 - core.audit - INFO - [INFO] Orchestrator.ProcessingStart: Start processing file | File: QC300_0624_01504CT-CT11.xlsm
2026-01-05 17:52:17,418 - core.sidecar - INFO - Sidecar loaded: ctqc_base (version: 2.0.3-test)
2026-01-05 17:52:17,419 - engine.extraction_engine - INFO - Extraction des données depuis: .\data\raw\excel\QC300_0624_01504CT-CT11.xlsm
2026-01-05 17:52:22,016 - engine.extraction_engine - WARNING - Champ requis manquant: serial
2026-01-05 17:52:25,574 - engine.extraction_engine - ERROR - Erreur mapping colonnes: name 'columns_cfg' is not defined
2026-01-05 17:56:46,677 - engine.extraction_engine - ERROR - Erreur mapping colonnes: name 'columns_cfg' is not defined
2026-01-05 18:01:01,706 - engine.extraction_engine - ERROR - Erreur mapping colonnes: name 'columns_cfg' is not defined
2026-01-05 18:01:02,264 - engine.extraction_engine - ERROR - Erreur mapping colonnes: name 'columns_cfg' is not defined
2026-01-05 18:01:02,982 - engine.extraction_engine - ERROR - Erreur mapping colonnes: name 'columns_cfg' is not defined
2026-01-05 18:01:03,539 - engine.extraction_engine - ERROR - Erreur mapping colonnes: name 'columns_cfg' is not defined
2026-01-05 18:01:04,108 - engine.extraction_engine - ERROR - Erreur mapping colonnes: name 'columns_cfg' is not defined
2026-01-05 18:01:04,777 - engine.extraction_engine - ERROR - Erreur mapping colonnes: "['kvp_central', 'limit_central_percent', 'deviation_periphery_percent'] not in index"
2026-01-05 18:01:48,518 - engine.extraction_engine - INFO - Extraction terminée: 7 champs, 27 tables depuis 23 feuilles
2026-01-05 18:01:48,568 - models.qa_visit - DEBUG - Dernier QAID trouvé: 1885
2026-01-05 18:01:48,569 - core.audit - INFO - [INFO] QAVisit.Created: QAVisit 1886 created successfully
2026-01-05 18:01:48,569 - models.qa_visit - INFO - QAVisit 1886 ready for HDF5 persistence
2026-01-05 18:01:48,704 - storage.parquet_export - WARNING - Could not export Geometry data: ("Could not convert 'NVT' with type str: tried to convert to double", 'Conversion failed for column Geometr-   ische efficiëntie % with type object')
2026-01-05 18:01:48,743 - storage.parquet_export - INFO - Parquet export completed for QAVisit 1886
2026-01-05 18:01:48,770 - storage.access_export - DEBUG - Access TXT file created: .\data\export\access\QAVisit.txt
2026-01-05 18:01:48,778 - storage.access_export - DEBUG - Access TXT file created: .\data\export\access\Tube_Voltage.txt
2026-01-05 18:01:48,782 - storage.access_export - DEBUG - Access TXT file created: .\data\export\access\TCM.txt
2026-01-05 18:01:48,788 - storage.access_export - DEBUG - Access TXT file created: .\data\export\access\Geometry_geometry_irradiated_slice_thickness.txt
2026-01-05 18:01:48,795 - storage.access_export - DEBUG - Access TXT file created: .\data\export\access\Geometry_geometry_table_motion.txt
2026-01-05 18:01:48,803 - storage.access_export - DEBUG - Access TXT file created: .\data\export\access\Extracted_Fields.txt
2026-01-05 18:01:48,809 - storage.access_export - DEBUG - Access TXT file created: .\data\export\access\Extraction_Metadata.txt
2026-01-05 18:01:48,810 - storage.access_export - INFO - Access export completed for QAVisit 1886
2026-01-05 18:01:48,859 - core.audit - INFO - [SUCCESS] Orchestrator.ProcessingComplete: File processed successfully | File: QC300_0624_01504CT-CT11.xlsm
2026-01-05 18:01:48,861 - core.audit - INFO - [INFO] Orchestrator.BatchComplete: Batch processing completed
2026-01-05 18:01:48,891 - storage.hdf5_store - DEBUG - Table AuditTrail saved (57 rows)
2026-01-05 18:01:48,891 - core.audit - INFO - Audit data exported to HDF5: 4 events
2026-01-05 18:01:48,909 - core.audit - INFO - Audit data exported to Parquet: 4 events
2026-01-05 18:01:48,915 - storage.hdf5_store - INFO - HDF5 store closed
2026-01-10 17:25:19,693 - core.selector - INFO - TemplateSelector initialisé - template unique: ctqc_base
2026-01-10 17:25:19,695 - core.audit - INFO - [INFO] Orchestrator.ProcessingStart: Start processing file | File: QC300_0624_01504CT-CT11.xlsm
2026-01-10 17:25:19,817 - core.sidecar - INFO - Sidecar loaded: ctqc_base (version: 2.0.3-test)
2026-01-10 17:25:19,819 - engine.extraction_engine - INFO - Extraction des données depuis: .\data\raw\excel\QC300_0624_01504CT-CT11.xlsm
2026-01-10 17:25:25,138 - engine.extraction_engine - WARNING - Champ requis manquant: serial
2026-01-10 17:25:50,890 - engine.extraction_engine - ERROR - Erreur mapping colonnes: name 'columns_cfg' is not defined
2026-01-10 17:26:10,681 - engine.extraction_engine - ERROR - Erreur mapping colonnes: name 'columns_cfg' is not defined
2026-01-10 17:30:11,390 - engine.extraction_engine - ERROR - Erreur mapping colonnes: name 'columns_cfg' is not defined
2026-01-10 17:30:11,825 - engine.extraction_engine - ERROR - Erreur mapping colonnes: name 'columns_cfg' is not defined
2026-01-10 17:30:12,456 - engine.extraction_engine - ERROR - Erreur mapping colonnes: name 'columns_cfg' is not defined
2026-01-10 17:30:12,864 - engine.extraction_engine - ERROR - Erreur mapping colonnes: name 'columns_cfg' is not defined
2026-01-10 17:30:13,284 - engine.extraction_engine - ERROR - Erreur mapping colonnes: name 'columns_cfg' is not defined
2026-01-10 17:30:13,792 - engine.extraction_engine - ERROR - Erreur mapping colonnes: "['kvp_central', 'limit_central_percent', 'deviation_periphery_percent'] not in index"
2026-01-10 17:30:52,175 - engine.extraction_engine - INFO - Extraction terminée: 7 champs, 40 tables depuis 23 feuilles
2026-01-10 17:30:52,222 - models.qa_visit - DEBUG - Dernier QAID trouvé: 1885
2026-01-10 17:30:52,223 - core.audit - INFO - [INFO] QAVisit.Created: QAVisit 1886 created successfully
2026-01-10 17:30:52,224 - models.qa_visit - INFO - QAVisit 1886 ready for HDF5 persistence
2026-01-10 17:30:52,571 - storage.parquet_export - WARNING - Could not export Geometry data: ("Could not convert 'NVT' with type str: tried to convert to double", 'Conversion failed for column Geometr-   ische efficiëntie % with type object')
2026-01-10 17:30:52,608 - storage.parquet_export - INFO - Parquet export completed for QAVisit 1886
2026-01-10 17:30:52,639 - storage.access_export - DEBUG - Access TXT file created: .\data\export\access\QAVisit.txt
2026-01-10 17:30:52,644 - storage.access_export - WARNING - Could not export QA data for Access: Reindexing only valid with uniquely valued Index objects
2026-01-10 17:30:52,652 - storage.access_export - DEBUG - Access TXT file created: .\data\export\access\Extraction_Metadata.txt
2026-01-10 17:30:52,652 - storage.access_export - INFO - Access export completed for QAVisit 1886
2026-01-10 17:30:52,713 - core.audit - INFO - [SUCCESS] Orchestrator.ProcessingComplete: File processed successfully | File: QC300_0624_01504CT-CT11.xlsm
2026-01-10 17:30:52,716 - core.audit - INFO - [INFO] Orchestrator.BatchComplete: Batch processing completed
2026-01-10 17:30:52,741 - storage.hdf5_store - DEBUG - Table AuditTrail saved (61 rows)
2026-01-10 17:30:52,742 - core.audit - INFO - Audit data exported to HDF5: 4 events
2026-01-10 17:30:52,754 - core.audit - INFO - Audit data exported to Parquet: 4 events
2026-01-10 17:30:52,760 - storage.hdf5_store - INFO - HDF5 store closed
2026-01-10 17:33:15,822 - core.selector - INFO - TemplateSelector initialisé - template unique: ctqc_base
2026-01-10 17:33:15,824 - core.audit - INFO - [INFO] Orchestrator.ProcessingStart: Start processing file | File: QC300_0624_01504CT-CT11.xlsm
2026-01-10 17:33:15,946 - core.sidecar - INFO - Sidecar loaded: ctqc_base (version: 2.0.3-test)
2026-01-10 17:33:15,948 - engine.extraction_engine - INFO - Extraction des données depuis: .\data\raw\excel\QC300_0624_01504CT-CT11.xlsm
2026-01-10 17:33:20,741 - engine.extraction_engine - WARNING - Champ requis manquant: serial
2026-01-10 17:33:42,464 - engine.extraction_engine - ERROR - Erreur mapping colonnes: name 'columns_cfg' is not defined
2026-01-10 17:33:57,190 - engine.extraction_engine - ERROR - Erreur mapping colonnes: name 'columns_cfg' is not defined
2026-01-10 17:38:12,588 - engine.extraction_engine - ERROR - Erreur mapping colonnes: name 'columns_cfg' is not defined
2026-01-10 17:38:13,047 - engine.extraction_engine - ERROR - Erreur mapping colonnes: name 'columns_cfg' is not defined
2026-01-10 17:38:13,752 - engine.extraction_engine - ERROR - Erreur mapping colonnes: name 'columns_cfg' is not defined
2026-01-10 17:38:14,220 - engine.extraction_engine - ERROR - Erreur mapping colonnes: name 'columns_cfg' is not defined
2026-01-10 17:38:14,810 - engine.extraction_engine - ERROR - Erreur mapping colonnes: name 'columns_cfg' is not defined
2026-01-10 17:38:15,451 - engine.extraction_engine - ERROR - Erreur mapping colonnes: "['kvp_central', 'limit_central_percent', 'deviation_periphery_percent'] not in index"
2026-01-10 17:38:59,063 - engine.extraction_engine - INFO - Extraction terminée: 7 champs, 40 tables depuis 23 feuilles
2026-01-10 17:38:59,118 - models.qa_visit - DEBUG - Dernier QAID trouvé: 1885
2026-01-10 17:38:59,118 - core.audit - INFO - [INFO] QAVisit.Created: QAVisit 1886 created successfully
2026-01-10 17:38:59,119 - models.qa_visit - INFO - QAVisit 1886 ready for HDF5 persistence
2026-01-10 17:38:59,274 - storage.parquet_export - WARNING - Could not export Geometry data: ("Could not convert 'NVT' with type str: tried to convert to double", 'Conversion failed for column Geometr-   ische efficiëntie % with type object')
2026-01-10 17:38:59,306 - storage.parquet_export - INFO - Parquet export completed for QAVisit 1886
2026-01-10 17:38:59,337 - storage.access_export - DEBUG - Access TXT file created: .\data\export\access\QAVisit.txt
2026-01-10 17:38:59,344 - storage.access_export - WARNING - Could not export QA data for Access: Reindexing only valid with uniquely valued Index objects
2026-01-10 17:38:59,349 - storage.access_export - DEBUG - Access TXT file created: .\data\export\access\Extraction_Metadata.txt
2026-01-10 17:38:59,350 - storage.access_export - INFO - Access export completed for QAVisit 1886
2026-01-10 17:38:59,407 - core.audit - INFO - [SUCCESS] Orchestrator.ProcessingComplete: File processed successfully | File: QC300_0624_01504CT-CT11.xlsm
2026-01-10 17:38:59,409 - core.audit - INFO - [INFO] Orchestrator.BatchComplete: Batch processing completed
2026-01-10 17:38:59,433 - storage.hdf5_store - DEBUG - Table AuditTrail saved (65 rows)
2026-01-10 17:38:59,434 - core.audit - INFO - Audit data exported to HDF5: 4 events
2026-01-10 17:38:59,455 - core.audit - INFO - Audit data exported to Parquet: 4 events
2026-01-10 17:38:59,459 - storage.hdf5_store - INFO - HDF5 store closed
2026-01-10 18:04:30,436 - core.selector - INFO - TemplateSelector initialisé - template unique: ctqc_base
2026-01-10 18:04:30,438 - core.audit - INFO - [INFO] Orchestrator.ProcessingStart: Start processing file | File: QC300_0624_01504CT-CT11.xlsm
2026-01-10 18:04:30,521 - core.sidecar - INFO - Sidecar loaded: ctqc_base (version: 2.0.3-test)
2026-01-10 18:04:30,521 - engine.extraction_engine - INFO - Extraction des données depuis: .\data\raw\excel\QC300_0624_01504CT-CT11.xlsm
2026-01-10 18:04:35,375 - engine.extraction_engine - WARNING - Champ requis manquant: serial
2026-01-10 18:04:58,377 - engine.extraction_engine - ERROR - Erreur mapping colonnes: name 'columns_cfg' is not defined
2026-01-10 18:05:13,938 - engine.extraction_engine - ERROR - Erreur mapping colonnes: name 'columns_cfg' is not defined
2026-01-10 18:09:33,753 - engine.extraction_engine - ERROR - Erreur mapping colonnes: name 'columns_cfg' is not defined
2026-01-10 18:09:34,215 - engine.extraction_engine - ERROR - Erreur mapping colonnes: name 'columns_cfg' is not defined
2026-01-10 18:09:34,897 - engine.extraction_engine - ERROR - Erreur mapping colonnes: name 'columns_cfg' is not defined
2026-01-10 18:09:35,366 - engine.extraction_engine - ERROR - Erreur mapping colonnes: name 'columns_cfg' is not defined
2026-01-10 18:09:35,834 - engine.extraction_engine - ERROR - Erreur mapping colonnes: name 'columns_cfg' is not defined
2026-01-10 18:09:36,395 - engine.extraction_engine - ERROR - Erreur mapping colonnes: "['kvp_central', 'limit_central_percent', 'deviation_periphery_percent'] not in index"
2026-01-10 18:10:24,229 - engine.extraction_engine - INFO - Extraction terminée: 7 champs, 40 tables depuis 23 feuilles
2026-01-10 18:10:24,335 - models.qa_visit - DEBUG - Dernier QAID trouvé: 1885
2026-01-10 18:10:24,336 - core.audit - INFO - [INFO] QAVisit.Created: QAVisit 1886 created successfully
2026-01-10 18:10:24,339 - models.qa_visit - INFO - QAVisit 1886 ready for HDF5 persistence
2026-01-10 18:10:24,531 - storage.parquet_export - WARNING - Could not export Geometry data: ("Could not convert 'NVT' with type str: tried to convert to double", 'Conversion failed for column Geometr-   ische efficiëntie % with type object')
2026-01-10 18:10:24,568 - storage.parquet_export - INFO - Parquet export completed for QAVisit 1886
2026-01-10 18:10:24,621 - storage.access_export - DEBUG - Access TXT file created: .\data\export\access\QAVisit.txt
2026-01-10 18:10:24,629 - storage.access_export - DEBUG - Access TXT file created: .\data\export\access\Tube_Voltage.txt
2026-01-10 18:10:24,632 - storage.access_export - DEBUG - Access TXT file created: .\data\export\access\Geometry_Slice_Thickness.txt
2026-01-10 18:10:24,635 - storage.access_export - DEBUG - Access TXT file created: .\data\export\access\Geometry_Table_Motion.txt
2026-01-10 18:10:24,637 - storage.access_export - DEBUG - Access TXT file created: .\data\export\access\Sensitivity_Profile.txt
2026-01-10 18:10:24,641 - storage.access_export - DEBUG - Access TXT file created: .\data\export\access\Slice_Thickness_Measurements.txt
2026-01-10 18:10:24,646 - storage.access_export - DEBUG - Access TXT file created: .\data\export\access\Noise_High_Contrast_Visual.txt
2026-01-10 18:10:24,650 - storage.access_export - DEBUG - Access TXT file created: .\data\export\access\Noise_High_Contrast_Numeric.txt
2026-01-10 18:10:24,654 - storage.access_export - DEBUG - Access TXT file created: .\data\export\access\Tube_Current_Modulation.txt
2026-01-10 18:10:24,658 - storage.access_export - DEBUG - Access TXT file created: .\data\export\access\Protocols.txt
2026-01-10 18:10:24,662 - storage.access_export - DEBUG - Access TXT file created: .\data\export\access\HU_Measurements.txt
2026-01-10 18:10:24,665 - storage.access_export - DEBUG - Access TXT file created: .\data\export\access\QC_Control_Options.txt
2026-01-10 18:10:24,669 - storage.access_export - DEBUG - Access TXT file created: .\data\export\access\Scan_Parameters.txt
2026-01-10 18:10:24,673 - storage.access_export - DEBUG - Access TXT file created: .\data\export\access\Uniformity_Standard.txt
2026-01-10 18:10:24,675 - storage.access_export - DEBUG - Access TXT file created: .\data\export\access\Uniformity_Summary_Standard.txt
2026-01-10 18:10:24,678 - storage.access_export - DEBUG - Access TXT file created: .\data\export\access\Uniformity_Iterative.txt
2026-01-10 18:10:24,681 - storage.access_export - DEBUG - Access TXT file created: .\data\export\access\Uniformity_Summary_Iterative.txt
2026-01-10 18:10:24,684 - storage.access_export - DEBUG - Access TXT file created: .\data\export\access\Resolution_Numeric_Standard.txt
2026-01-10 18:10:24,687 - storage.access_export - DEBUG - Access TXT file created: .\data\export\access\Resolution_Visual_Standard.txt
2026-01-10 18:10:24,690 - storage.access_export - DEBUG - Access TXT file created: .\data\export\access\Resolution_Numeric_Iterative.txt
2026-01-10 18:10:24,694 - storage.access_export - DEBUG - Access TXT file created: .\data\export\access\Sensitometry_Standard.txt
2026-01-10 18:10:24,696 - storage.access_export - DEBUG - Access TXT file created: .\data\export\access\Sensitometry_Iterative.txt
2026-01-10 18:10:24,701 - storage.access_export - DEBUG - Access TXT file created: .\data\export\access\Location.txt
2026-01-10 18:10:24,704 - storage.access_export - DEBUG - Access TXT file created: .\data\export\access\Date_Standard.txt
2026-01-10 18:10:24,707 - storage.access_export - DEBUG - Access TXT file created: .\data\export\access\Date_Iterative.txt
2026-01-10 18:10:24,711 - storage.access_export - DEBUG - Access TXT file created: .\data\export\access\DS_Water_Air_HU.txt
2026-01-10 18:10:24,714 - storage.access_export - DEBUG - Access TXT file created: .\data\export\access\DS_Temporal_HU_Stability.txt
2026-01-10 18:10:24,718 - storage.access_export - DEBUG - Access TXT file created: .\data\export\access\TB_Water_Air_HU.txt
2026-01-10 18:10:24,722 - storage.access_export - DEBUG - Access TXT file created: .\data\export\access\TB_Temporal_HU_Stability.txt
2026-01-10 18:10:24,726 - storage.access_export - DEBUG - Access TXT file created: .\data\export\access\CTDI_32_Reproducibility.txt
2026-01-10 18:10:24,729 - storage.access_export - DEBUG - Access TXT file created: .\data\export\access\CTDI_32_KV.txt
2026-01-10 18:10:24,732 - storage.access_export - DEBUG - Access TXT file created: .\data\export\access\CTDI_32_Collimation.txt
2026-01-10 18:10:24,735 - storage.access_export - DEBUG - Access TXT file created: .\data\export\access\CTDI_32_MAS_Standard.txt
2026-01-10 18:10:24,738 - storage.access_export - DEBUG - Access TXT file created: .\data\export\access\CTDI_32_MAS_Iterative.txt
2026-01-10 18:10:24,741 - storage.access_export - DEBUG - Access TXT file created: .\data\export\access\CTDI_32_Dual_Source.txt
2026-01-10 18:10:24,744 - storage.access_export - DEBUG - Access TXT file created: .\data\export\access\CTDI_32_Twin_Beam.txt
2026-01-10 18:10:24,747 - storage.access_export - DEBUG - Access TXT file created: .\data\export\access\CTDI_16_KV.txt
2026-01-10 18:10:24,750 - storage.access_export - DEBUG - Access TXT file created: .\data\export\access\CTDI_16_KV_Deviation.txt
2026-01-10 18:10:24,757 - storage.access_export - DEBUG - Access TXT file created: .\data\export\access\Extracted_Fields.txt
2026-01-10 18:10:24,764 - storage.access_export - DEBUG - Access TXT file created: .\data\export\access\Extraction_Metadata.txt
2026-01-10 18:10:24,765 - storage.access_export - INFO - Access export completed for QAVisit 1886
2026-01-10 18:10:24,832 - core.audit - INFO - [SUCCESS] Orchestrator.ProcessingComplete: File processed successfully | File: QC300_0624_01504CT-CT11.xlsm
2026-01-10 18:10:24,834 - core.audit - INFO - [INFO] Orchestrator.BatchComplete: Batch processing completed
2026-01-10 18:10:24,874 - storage.hdf5_store - DEBUG - Table AuditTrail saved (69 rows)
2026-01-10 18:10:24,874 - core.audit - INFO - Audit data exported to HDF5: 4 events
2026-01-10 18:10:24,891 - core.audit - INFO - Audit data exported to Parquet: 4 events
2026-01-10 18:10:24,896 - storage.hdf5_store - INFO - HDF5 store closed
2026-01-11 17:48:01,855 - core.selector - INFO - TemplateSelector initialisé - template unique: ctqc_base
2026-01-11 17:48:01,856 - core.audit - INFO - [INFO] Orchestrator.ProcessingStart: Start processing file | File: QC300_0624_01504CT-CT11.xlsm
2026-01-11 17:48:01,994 - core.sidecar - INFO - Sidecar loaded: ctqc_base (version: 2.0.3-test)
2026-01-11 17:48:01,995 - engine.extraction_engine - INFO - Extraction des données depuis: .\data\raw\excel\QC300_0624_01504CT-CT11.xlsm
2026-01-11 17:48:08,449 - engine.extraction_engine - WARNING - Champ requis manquant: serial
2026-01-11 17:48:37,051 - engine.extraction_engine - ERROR - Erreur mapping colonnes: name 'columns_cfg' is not defined
2026-01-11 17:48:54,292 - engine.extraction_engine - ERROR - Erreur mapping colonnes: name 'columns_cfg' is not defined
2026-01-11 17:48:57,538 - engine.extraction_engine - ERROR - Erreur mapping colonnes: name 'columns_cfg' is not defined
2026-01-11 17:49:17,720 - engine.extraction_engine - ERROR - Erreur extraction plage K3:083: K3:083 is not a valid coordinate or range
2026-01-11 17:49:18,479 - engine.extraction_engine - ERROR - Erreur mapping colonnes: name 'columns_cfg' is not defined
2026-01-11 17:49:19,048 - engine.extraction_engine - ERROR - Erreur mapping colonnes: name 'columns_cfg' is not defined
2026-01-11 17:49:19,713 - engine.extraction_engine - ERROR - Erreur mapping colonnes: name 'columns_cfg' is not defined
2026-01-11 17:49:20,283 - engine.extraction_engine - ERROR - Erreur mapping colonnes: name 'columns_cfg' is not defined
2026-01-11 17:49:20,775 - engine.extraction_engine - ERROR - Erreur mapping colonnes: name 'columns_cfg' is not defined
2026-01-11 17:49:21,400 - engine.extraction_engine - ERROR - Erreur mapping colonnes: "['kvp_central', 'limit_central_percent', 'deviation_periphery_percent'] not in index"
2026-01-11 17:49:27,892 - engine.extraction_engine - ERROR - Erreur mapping colonnes: "['buisttrom_aan', 'exposure_aan', 'mean_aan', 'stddev_aan'] not in index"
2026-01-11 17:49:28,233 - engine.extraction_engine - INFO - Extraction terminée: 7 champs, 34 tables depuis 23 feuilles
2026-01-11 17:49:28,290 - models.qa_visit - DEBUG - Dernier QAID trouvé: 1885
2026-01-11 17:49:28,291 - core.audit - INFO - [INFO] QAVisit.Created: QAVisit 1886 created successfully
2026-01-11 17:49:28,292 - models.qa_visit - INFO - QAVisit 1886 ready for HDF5 persistence
2026-01-11 17:49:28,628 - storage.parquet_export - WARNING - Could not export Geometry data: ("Could not convert 'NVT' with type str: tried to convert to double", 'Conversion failed for column Geometr-   ische efficiëntie % with type object')
2026-01-11 17:49:28,671 - storage.parquet_export - INFO - Parquet export completed for QAVisit 1886
2026-01-11 17:49:28,730 - storage.access_export - DEBUG - Access TXT file created: .\data\export\access\QAVisit.txt
2026-01-11 17:49:28,742 - storage.access_export - DEBUG - Access TXT file created: .\data\export\access\Tube_Voltage.txt
2026-01-11 17:49:28,745 - storage.access_export - DEBUG - Access TXT file created: .\data\export\access\Geometry_Irradiated_Slice_Thickness.txt
2026-01-11 17:49:28,756 - storage.access_export - DEBUG - Access TXT file created: .\data\export\access\Geometry_Table_Motion.txt
2026-01-11 17:49:28,765 - storage.access_export - DEBUG - Access TXT file created: .\data\export\access\Location.txt
2026-01-11 17:49:28,770 - storage.access_export - DEBUG - Access TXT file created: .\data\export\access\Date.txt
2026-01-11 17:49:28,773 - storage.access_export - DEBUG - Access TXT file created: .\data\export\access\Resolution_Numeric.txt
2026-01-11 17:49:28,777 - storage.access_export - DEBUG - Access TXT file created: .\data\export\access\Resolution_Visual.txt
2026-01-11 17:49:28,780 - storage.access_export - DEBUG - Access TXT file created: .\data\export\access\Sensitometry_Measurements.txt
2026-01-11 17:49:28,784 - storage.access_export - DEBUG - Access TXT file created: .\data\export\access\Uniformity.txt
2026-01-11 17:49:28,787 - storage.access_export - DEBUG - Access TXT file created: .\data\export\access\Uniformity_Summary.txt
2026-01-11 17:49:28,790 - storage.access_export - DEBUG - Access TXT file created: .\data\export\access\Date_IT.txt
2026-01-11 17:49:28,793 - storage.access_export - DEBUG - Access TXT file created: .\data\export\access\Resolution_Numeric_IT.txt
2026-01-11 17:49:28,796 - storage.access_export - DEBUG - Access TXT file created: .\data\export\access\Resolution_Visual_IT.txt
2026-01-11 17:49:28,800 - storage.access_export - DEBUG - Access TXT file created: .\data\export\access\Sensitometry_Measurements_IT.txt
2026-01-11 17:49:28,803 - storage.access_export - DEBUG - Access TXT file created: .\data\export\access\Uniformity_IT.txt
2026-01-11 17:49:28,807 - storage.access_export - DEBUG - Access TXT file created: .\data\export\access\Uniformity_Summary_IT.txt
2026-01-11 17:49:28,810 - storage.access_export - DEBUG - Access TXT file created: .\data\export\access\Sensitometry_Measurements_DS.txt
2026-01-11 17:49:28,816 - storage.access_export - DEBUG - Access TXT file created: .\data\export\access\Sensitometry_Measurements_DS_IT.txt
2026-01-11 17:49:28,819 - storage.access_export - DEBUG - Access TXT file created: .\data\export\access\Sensitivity_Profile_Measurements.txt
2026-01-11 17:49:28,822 - storage.access_export - DEBUG - Access TXT file created: .\data\export\access\Slice_Thickness_Measurements_1.txt
2026-01-11 17:49:28,826 - storage.access_export - DEBUG - Access TXT file created: .\data\export\access\Slice_Thickness_Measurements_2.txt
2026-01-11 17:49:28,836 - storage.access_export - DEBUG - Access TXT file created: .\data\export\access\CTDI_32_Reproducibility.txt
2026-01-11 17:49:28,846 - storage.access_export - DEBUG - Access TXT file created: .\data\export\access\CTDI_32_KV.txt
2026-01-11 17:49:28,855 - storage.access_export - DEBUG - Access TXT file created: .\data\export\access\CTDI_32_Collimation.txt
2026-01-11 17:49:28,865 - storage.access_export - DEBUG - Access TXT file created: .\data\export\access\CTDI_32_MAS_Standard.txt
2026-01-11 17:49:28,877 - storage.access_export - DEBUG - Access TXT file created: .\data\export\access\CTDI_32_MAS_Iterative.txt
2026-01-11 17:49:28,890 - storage.access_export - DEBUG - Access TXT file created: .\data\export\access\CTDI_32_Dual_Source.txt
2026-01-11 17:49:28,905 - storage.access_export - DEBUG - Access TXT file created: .\data\export\access\CTDI_32_Twin_Beam.txt
2026-01-11 17:49:28,920 - storage.access_export - DEBUG - Access TXT file created: .\data\export\access\CTDI_16_KV.txt
2026-01-11 17:49:28,935 - storage.access_export - DEBUG - Access TXT file created: .\data\export\access\CTDI_16_KV_Deviation.txt
2026-01-11 17:49:28,940 - storage.access_export - DEBUG - Access TXT file created: .\data\export\access\TCM_Dikteobject.txt
2026-01-11 17:49:28,943 - storage.access_export - DEBUG - Access TXT file created: .\data\export\access\System_Protocols.txt
2026-01-11 17:49:28,957 - storage.access_export - DEBUG - Access TXT file created: .\data\export\access\Extracted_Fields.txt
2026-01-11 17:49:28,970 - storage.access_export - DEBUG - Access TXT file created: .\data\export\access\Extraction_Metadata.txt
2026-01-11 17:49:28,971 - storage.access_export - INFO - Access export completed for QAVisit 1886
2026-01-11 17:49:29,055 - core.audit - INFO - [SUCCESS] Orchestrator.ProcessingComplete: File processed successfully | File: QC300_0624_01504CT-CT11.xlsm
2026-01-11 17:49:29,056 - core.audit - INFO - [INFO] Orchestrator.BatchComplete: Batch processing completed
2026-01-11 17:49:29,089 - storage.hdf5_store - DEBUG - Table AuditTrail saved (73 rows)
2026-01-11 17:49:29,090 - core.audit - INFO - Audit data exported to HDF5: 4 events
2026-01-11 17:49:29,105 - core.audit - INFO - Audit data exported to Parquet: 4 events
2026-01-11 17:49:29,110 - storage.hdf5_store - INFO - HDF5 store closed
2026-01-11 18:15:27,800 - core.selector - INFO - TemplateSelector initialisé - template unique: ctqc_base
2026-01-11 18:15:27,802 - core.audit - INFO - [INFO] Orchestrator.ProcessingStart: Start processing file | File: QC300_0624_01504CT-CT11.xlsm
2026-01-11 18:15:27,915 - core.sidecar - INFO - Sidecar loaded: ctqc_base (version: 2.0.3-test)
2026-01-11 18:15:27,915 - engine.extraction_engine - INFO - Extraction des données depuis: .\data\raw\excel\QC300_0624_01504CT-CT11.xlsm
2026-01-11 18:15:32,406 - engine.extraction_engine - WARNING - Champ requis manquant: serial
2026-01-11 18:15:55,656 - engine.extraction_engine - ERROR - Erreur mapping colonnes: name 'columns_cfg' is not defined
2026-01-11 18:16:13,180 - engine.extraction_engine - ERROR - Erreur mapping colonnes: name 'columns_cfg' is not defined
2026-01-11 18:16:16,126 - engine.extraction_engine - ERROR - Erreur mapping colonnes: name 'columns_cfg' is not defined
2026-01-11 18:16:31,966 - engine.extraction_engine - ERROR - Erreur extraction plage K3:083: K3:083 is not a valid coordinate or range
2026-01-11 18:16:32,745 - engine.extraction_engine - ERROR - Erreur mapping colonnes: name 'columns_cfg' is not defined
2026-01-11 18:16:33,196 - engine.extraction_engine - ERROR - Erreur mapping colonnes: name 'columns_cfg' is not defined
2026-01-11 18:16:33,799 - engine.extraction_engine - ERROR - Erreur mapping colonnes: name 'columns_cfg' is not defined
2026-01-11 18:16:34,197 - engine.extraction_engine - ERROR - Erreur mapping colonnes: name 'columns_cfg' is not defined
2026-01-11 18:16:34,670 - engine.extraction_engine - ERROR - Erreur mapping colonnes: name 'columns_cfg' is not defined
2026-01-11 18:16:35,146 - engine.extraction_engine - ERROR - Erreur mapping colonnes: "['kvp_central', 'limit_central_percent', 'deviation_periphery_percent'] not in index"
2026-01-11 18:16:40,502 - engine.extraction_engine - ERROR - Erreur mapping colonnes: "['buisttrom_aan', 'exposure_aan', 'mean_aan', 'stddev_aan'] not in index"
2026-01-11 18:16:40,792 - engine.extraction_engine - INFO - Extraction terminée: 7 champs, 34 tables depuis 23 feuilles
2026-01-11 18:16:40,837 - models.qa_visit - DEBUG - Dernier QAID trouvé: 1885
2026-01-11 18:16:40,838 - core.audit - INFO - [INFO] QAVisit.Created: QAVisit 1886 created successfully
2026-01-11 18:16:40,838 - models.qa_visit - INFO - QAVisit 1886 ready for HDF5 persistence
2026-01-11 18:16:40,985 - storage.parquet_export - WARNING - Could not export Geometry data: ("Could not convert 'NVT' with type str: tried to convert to double", 'Conversion failed for column Geometr-   ische efficiëntie % with type object')
2026-01-11 18:16:41,019 - storage.parquet_export - INFO - Parquet export completed for QAVisit 1886
2026-01-11 18:16:41,063 - storage.access_export - DEBUG - Access TXT file created: .\data\export\access\Metadata\QAVisit.txt
2026-01-11 18:16:41,068 - storage.access_export - DEBUG - Access TXT file created: .\data\export\access\buisspanning_geometrie\Tube_Voltage.txt
2026-01-11 18:16:41,069 - storage.access_export - WARNING - Could not export QA data for Access: 'AccessExporter' object has no attribute '_export_slice_thickness_txt'
2026-01-11 18:16:41,072 - storage.access_export - DEBUG - Access TXT file created: .\data\export\access\Metadata\Extraction_Metadata.txt
2026-01-11 18:16:41,073 - storage.access_export - INFO - Access export completed for QAVisit 1886
2026-01-11 18:16:41,114 - core.audit - INFO - [SUCCESS] Orchestrator.ProcessingComplete: File processed successfully | File: QC300_0624_01504CT-CT11.xlsm
2026-01-11 18:16:41,115 - core.audit - INFO - [INFO] Orchestrator.BatchComplete: Batch processing completed
2026-01-11 18:16:41,151 - storage.hdf5_store - DEBUG - Table AuditTrail saved (77 rows)
2026-01-11 18:16:41,152 - core.audit - INFO - Audit data exported to HDF5: 4 events
2026-01-11 18:16:41,172 - core.audit - INFO - Audit data exported to Parquet: 4 events
2026-01-11 18:16:41,177 - storage.hdf5_store - INFO - HDF5 store closed
2026-01-11 18:25:08,270 - core.selector - INFO - TemplateSelector initialisé - template unique: ctqc_base
2026-01-11 18:25:08,272 - core.audit - INFO - [INFO] Orchestrator.ProcessingStart: Start processing file | File: QC300_0624_01504CT-CT11.xlsm
2026-01-11 18:25:08,371 - core.sidecar - INFO - Sidecar loaded: ctqc_base (version: 2.0.3-test)
2026-01-11 18:25:08,372 - engine.extraction_engine - INFO - Extraction des données depuis: .\data\raw\excel\QC300_0624_01504CT-CT11.xlsm
2026-01-11 18:25:13,000 - engine.extraction_engine - WARNING - Champ requis manquant: serial
2026-01-11 18:25:35,321 - engine.extraction_engine - ERROR - Erreur mapping colonnes: name 'columns_cfg' is not defined
2026-01-11 18:25:49,949 - engine.extraction_engine - ERROR - Erreur mapping colonnes: name 'columns_cfg' is not defined
2026-01-11 18:25:53,503 - engine.extraction_engine - ERROR - Erreur mapping colonnes: name 'columns_cfg' is not defined
2026-01-11 18:26:11,754 - engine.extraction_engine - ERROR - Erreur extraction plage K3:083: K3:083 is not a valid coordinate or range
2026-01-11 18:26:12,483 - engine.extraction_engine - ERROR - Erreur mapping colonnes: name 'columns_cfg' is not defined
2026-01-11 18:26:12,931 - engine.extraction_engine - ERROR - Erreur mapping colonnes: name 'columns_cfg' is not defined
2026-01-11 18:26:13,509 - engine.extraction_engine - ERROR - Erreur mapping colonnes: name 'columns_cfg' is not defined
2026-01-11 18:26:13,947 - engine.extraction_engine - ERROR - Erreur mapping colonnes: name 'columns_cfg' is not defined
2026-01-11 18:26:14,359 - engine.extraction_engine - ERROR - Erreur mapping colonnes: name 'columns_cfg' is not defined
2026-01-11 18:26:14,859 - engine.extraction_engine - ERROR - Erreur mapping colonnes: "['kvp_central', 'limit_central_percent', 'deviation_periphery_percent'] not in index"
2026-01-11 18:26:20,358 - engine.extraction_engine - ERROR - Erreur mapping colonnes: "['buisttrom_aan', 'exposure_aan', 'mean_aan', 'stddev_aan'] not in index"
2026-01-11 18:26:20,610 - engine.extraction_engine - INFO - Extraction terminée: 7 champs, 34 tables depuis 23 feuilles
2026-01-11 18:26:20,658 - models.qa_visit - DEBUG - Dernier QAID trouvé: 1885
2026-01-11 18:26:20,659 - core.audit - INFO - [INFO] QAVisit.Created: QAVisit 1886 created successfully
2026-01-11 18:26:20,660 - models.qa_visit - INFO - QAVisit 1886 ready for HDF5 persistence
2026-01-11 18:26:20,794 - storage.parquet_export - WARNING - Could not export Geometry data: ("Could not convert 'NVT' with type str: tried to convert to double", 'Conversion failed for column Geometr-   ische efficiëntie % with type object')
2026-01-11 18:26:20,820 - storage.parquet_export - INFO - Parquet export completed for QAVisit 1886
2026-01-11 18:26:20,873 - storage.access_export - DEBUG - Access TXT file created: .\data\export\access\Metadata\QAVisit.txt
2026-01-11 18:26:20,877 - storage.access_export - DEBUG - Access TXT file created: .\data\export\access\buisspanning_geometrie\Tube_Voltage.txt
2026-01-11 18:26:20,880 - storage.access_export - DEBUG - Access TXT file created: .\data\export\access\buisspanning_geometrie\Geometry_Irradiated_Slice_Thickness.txt
2026-01-11 18:26:20,884 - storage.access_export - DEBUG - Access TXT file created: .\data\export\access\buisspanning_geometrie\Geometry_Table_Motion.txt
2026-01-11 18:26:20,887 - storage.access_export - DEBUG - Access TXT file created: .\data\export\access\Beeldkwaliteit\Location.txt
2026-01-11 18:26:20,891 - storage.access_export - DEBUG - Access TXT file created: .\data\export\access\Beeldkwaliteit\Date.txt
2026-01-11 18:26:20,894 - storage.access_export - DEBUG - Access TXT file created: .\data\export\access\Beeldkwaliteit\Resolution_Numeric.txt
2026-01-11 18:26:20,897 - storage.access_export - DEBUG - Access TXT file created: .\data\export\access\Beeldkwaliteit\Resolution_Visual.txt
2026-01-11 18:26:20,901 - storage.access_export - DEBUG - Access TXT file created: .\data\export\access\Beeldkwaliteit\Sensitometry_Measurements.txt
2026-01-11 18:26:20,904 - storage.access_export - DEBUG - Access TXT file created: .\data\export\access\Beeldkwaliteit\Uniformity.txt
2026-01-11 18:26:20,907 - storage.access_export - DEBUG - Access TXT file created: .\data\export\access\Beeldkwaliteit\Uniformity_Summary.txt
2026-01-11 18:26:20,909 - storage.access_export - DEBUG - Access TXT file created: .\data\export\access\Beeldkwaliteit\HU.txt
2026-01-11 18:26:20,913 - storage.access_export - DEBUG - Access TXT file created: .\data\export\access\Beeldkwaliteit_Iteratief\Date_IT.txt
2026-01-11 18:26:20,916 - storage.access_export - DEBUG - Access TXT file created: .\data\export\access\Beeldkwaliteit_Iteratief\Resolution_Numeric_IT.txt
2026-01-11 18:26:20,920 - storage.access_export - DEBUG - Access TXT file created: .\data\export\access\Beeldkwaliteit_Iteratief\Resolution_Visual_IT.txt
2026-01-11 18:26:20,923 - storage.access_export - DEBUG - Access TXT file created: .\data\export\access\Beeldkwaliteit_Iteratief\Sensitometry_Measurements_IT.txt
2026-01-11 18:26:20,926 - storage.access_export - DEBUG - Access TXT file created: .\data\export\access\Beeldkwaliteit_Iteratief\Uniformity_IT.txt
2026-01-11 18:26:20,929 - storage.access_export - DEBUG - Access TXT file created: .\data\export\access\Beeldkwaliteit_Iteratief\Uniformity_Summary_IT.txt
2026-01-11 18:26:20,933 - storage.access_export - DEBUG - Access TXT file created: .\data\export\access\Beeldkwaliteit_Iteratief\HU_IT.txt
2026-01-11 18:26:20,936 - storage.access_export - DEBUG - Access TXT file created: .\data\export\access\Beeldkwaliteit_DS\Sensitometry_Measurements_DS.txt
2026-01-11 18:26:20,939 - storage.access_export - DEBUG - Access TXT file created: .\data\export\access\Beeldkwaliteit_DS_Iteratief\Sensitometry_Measurements_DS_IT.txt
2026-01-11 18:26:20,943 - storage.access_export - DEBUG - Access TXT file created: .\data\export\access\Snededikte\Sensitivity_Profile_Measurements.txt
2026-01-11 18:26:20,946 - storage.access_export - DEBUG - Access TXT file created: .\data\export\access\Snededikte\Slice_Thickness_Measurements_1.txt
2026-01-11 18:26:20,949 - storage.access_export - DEBUG - Access TXT file created: .\data\export\access\Snededikte\Slice_Thickness_Measurements_2.txt
2026-01-11 18:26:20,953 - storage.access_export - DEBUG - Access TXT file created: .\data\export\access\CTDI_32cm\CTDI_32_Reproducibility.txt
2026-01-11 18:26:20,956 - storage.access_export - DEBUG - Access TXT file created: .\data\export\access\CTDI_32cm\CTDI_32_KV.txt
2026-01-11 18:26:20,959 - storage.access_export - DEBUG - Access TXT file created: .\data\export\access\CTDI_32cm\CTDI_32_Collimation.txt
2026-01-11 18:26:20,962 - storage.access_export - DEBUG - Access TXT file created: .\data\export\access\CTDI_32cm\CTDI_32_MAS_Standard.txt
2026-01-11 18:26:20,966 - storage.access_export - DEBUG - Access TXT file created: .\data\export\access\CTDI_32cm\CTDI_32_MAS_Iterative.txt
2026-01-11 18:26:20,969 - storage.access_export - DEBUG - Access TXT file created: .\data\export\access\CTDI_32cm\CTDI_32_Dual_Source.txt
2026-01-11 18:26:20,972 - storage.access_export - DEBUG - Access TXT file created: .\data\export\access\CTDI_32cm\CTDI_32_Twin_Beam.txt
2026-01-11 18:26:20,976 - storage.access_export - DEBUG - Access TXT file created: .\data\export\access\CTDI_16cm\CTDI_16_KV.txt
2026-01-11 18:26:20,980 - storage.access_export - DEBUG - Access TXT file created: .\data\export\access\CTDI_16cm\CTDI_16_KV_Deviation.txt
2026-01-11 18:26:20,984 - storage.access_export - DEBUG - Access TXT file created: .\data\export\access\Buisstroommodulatie\TCM_Dikteobject.txt
2026-01-11 18:26:20,987 - storage.access_export - DEBUG - Access TXT file created: .\data\export\access\protocollen\System_Protocols.txt
2026-01-11 18:26:20,990 - storage.access_export - DEBUG - Access TXT file created: .\data\export\access\Metadata\Extracted_Fields.txt
2026-01-11 18:26:20,993 - storage.access_export - DEBUG - Access TXT file created: .\data\export\access\Metadata\Extraction_Metadata.txt
2026-01-11 18:26:20,994 - storage.access_export - INFO - Access export completed for QAVisit 1886
2026-01-11 18:26:21,023 - core.audit - INFO - [SUCCESS] Orchestrator.ProcessingComplete: File processed successfully | File: QC300_0624_01504CT-CT11.xlsm
2026-01-11 18:26:21,026 - core.audit - INFO - [INFO] Orchestrator.BatchComplete: Batch processing completed
2026-01-11 18:26:21,051 - storage.hdf5_store - DEBUG - Table AuditTrail saved (81 rows)
2026-01-11 18:26:21,052 - core.audit - INFO - Audit data exported to HDF5: 4 events
2026-01-11 18:26:21,067 - core.audit - INFO - Audit data exported to Parquet: 4 events
2026-01-11 18:26:21,076 - storage.hdf5_store - INFO - HDF5 store closed
2026-01-11 18:40:25,194 - core.selector - INFO - TemplateSelector initialisé - template unique: ctqc_base
2026-01-11 18:40:25,196 - core.audit - INFO - [INFO] Orchestrator.ProcessingStart: Start processing file | File: QC300_0624_01504CT-CT11.xlsm
2026-01-11 18:40:25,306 - core.sidecar - INFO - Sidecar loaded: ctqc_base (version: 2.0.3-test)
2026-01-11 18:40:25,307 - engine.extraction_engine - INFO - Extraction des données depuis: .\data\raw\excel\QC300_0624_01504CT-CT11.xlsm
2026-01-11 18:40:30,006 - engine.extraction_engine - WARNING - Champ requis manquant: serial
2026-01-11 18:40:51,929 - engine.extraction_engine - ERROR - Erreur mapping colonnes: name 'columns_cfg' is not defined
2026-01-11 18:41:06,582 - engine.extraction_engine - ERROR - Erreur mapping colonnes: name 'columns_cfg' is not defined
2026-01-11 18:41:09,599 - engine.extraction_engine - ERROR - Erreur mapping colonnes: name 'columns_cfg' is not defined
2026-01-11 18:41:26,245 - engine.extraction_engine - ERROR - Erreur extraction plage K3:083: K3:083 is not a valid coordinate or range
2026-01-11 18:41:26,999 - engine.extraction_engine - ERROR - Erreur mapping colonnes: name 'columns_cfg' is not defined
2026-01-11 18:41:27,456 - engine.extraction_engine - ERROR - Erreur mapping colonnes: name 'columns_cfg' is not defined
2026-01-11 18:41:28,052 - engine.extraction_engine - ERROR - Erreur mapping colonnes: name 'columns_cfg' is not defined
2026-01-11 18:41:28,507 - engine.extraction_engine - ERROR - Erreur mapping colonnes: name 'columns_cfg' is not defined
2026-01-11 18:41:28,955 - engine.extraction_engine - ERROR - Erreur mapping colonnes: name 'columns_cfg' is not defined
2026-01-11 18:41:29,456 - engine.extraction_engine - ERROR - Erreur mapping colonnes: "['kvp_central', 'limit_central_percent', 'deviation_periphery_percent'] not in index"
2026-01-11 18:41:34,913 - engine.extraction_engine - ERROR - Erreur mapping colonnes: "['buisttrom_aan', 'exposure_aan', 'mean_aan', 'stddev_aan'] not in index"
2026-01-11 18:41:35,174 - engine.extraction_engine - INFO - Extraction terminée: 7 champs, 34 tables depuis 23 feuilles
2026-01-11 18:41:35,223 - models.qa_visit - DEBUG - Dernier QAID trouvé: 1885
2026-01-11 18:41:35,224 - core.audit - INFO - [INFO] QAVisit.Created: QAVisit 1886 created successfully
2026-01-11 18:41:35,224 - models.qa_visit - INFO - QAVisit 1886 ready for HDF5 persistence
2026-01-11 18:41:35,361 - storage.parquet_export - WARNING - Could not export Geometry data: ("Could not convert 'NVT' with type str: tried to convert to double", 'Conversion failed for column Geometr-   ische efficiëntie % with type object')
2026-01-11 18:41:35,393 - storage.parquet_export - INFO - Parquet export completed for QAVisit 1886
2026-01-11 18:41:35,451 - storage.access_export - DEBUG - Access TXT file created: .\data\export\access\Metadata\QAVisit.txt
2026-01-11 18:41:35,458 - storage.access_export - DEBUG - Access TXT file created: .\data\export\access\buisspanning_geometrie\Tube_Voltage.txt
2026-01-11 18:41:35,465 - storage.access_export - DEBUG - Access TXT file created: .\data\export\access\buisspanning_geometrie\Geometry_Irradiated_Slice_Thickness.txt
2026-01-11 18:41:35,472 - storage.access_export - DEBUG - Access TXT file created: .\data\export\access\buisspanning_geometrie\Geometry_Table_Motion.txt
2026-01-11 18:41:35,478 - storage.access_export - DEBUG - Access TXT file created: .\data\export\access\Beeldkwaliteit\Location.txt
2026-01-11 18:41:35,485 - storage.access_export - DEBUG - Access TXT file created: .\data\export\access\Beeldkwaliteit\Date.txt
2026-01-11 18:41:35,491 - storage.access_export - DEBUG - Access TXT file created: .\data\export\access\Beeldkwaliteit\Resolution_Numeric.txt
2026-01-11 18:41:35,497 - storage.access_export - DEBUG - Access TXT file created: .\data\export\access\Beeldkwaliteit\Resolution_Visual.txt
2026-01-11 18:41:35,504 - storage.access_export - DEBUG - Access TXT file created: .\data\export\access\Beeldkwaliteit\Sensitometry_Measurements.txt
2026-01-11 18:41:35,510 - storage.access_export - DEBUG - Access TXT file created: .\data\export\access\Beeldkwaliteit\Uniformity.txt
2026-01-11 18:41:35,517 - storage.access_export - DEBUG - Access TXT file created: .\data\export\access\Beeldkwaliteit\Uniformity_Summary.txt
2026-01-11 18:41:35,523 - storage.access_export - DEBUG - Access TXT file created: .\data\export\access\Beeldkwaliteit\HU.txt
2026-01-11 18:41:35,530 - storage.access_export - DEBUG - Access TXT file created: .\data\export\access\Beeldkwaliteit_Iteratief\Date_IT.txt
2026-01-11 18:41:35,537 - storage.access_export - DEBUG - Access TXT file created: .\data\export\access\Beeldkwaliteit_Iteratief\Resolution_Numeric_IT.txt
2026-01-11 18:41:35,544 - storage.access_export - DEBUG - Access TXT file created: .\data\export\access\Beeldkwaliteit_Iteratief\Resolution_Visual_IT.txt
2026-01-11 18:41:35,551 - storage.access_export - DEBUG - Access TXT file created: .\data\export\access\Beeldkwaliteit_Iteratief\Sensitometry_Measurements_IT.txt
2026-01-11 18:41:35,557 - storage.access_export - DEBUG - Access TXT file created: .\data\export\access\Beeldkwaliteit_Iteratief\Uniformity_IT.txt
2026-01-11 18:41:35,564 - storage.access_export - DEBUG - Access TXT file created: .\data\export\access\Beeldkwaliteit_Iteratief\Uniformity_Summary_IT.txt
2026-01-11 18:41:35,570 - storage.access_export - DEBUG - Access TXT file created: .\data\export\access\Beeldkwaliteit_Iteratief\HU_IT.txt
2026-01-11 18:41:35,577 - storage.access_export - DEBUG - Access TXT file created: .\data\export\access\Beeldkwaliteit_DS\Sensitometry_Measurements_DS.txt
2026-01-11 18:41:35,584 - storage.access_export - DEBUG - Access TXT file created: .\data\export\access\Beeldkwaliteit_DS_Iteratief\Sensitometry_Measurements_DS_IT.txt
2026-01-11 18:41:35,590 - storage.access_export - DEBUG - Access TXT file created: .\data\export\access\Snededikte\Sensitivity_Profile_Measurements.txt
2026-01-11 18:41:35,597 - storage.access_export - DEBUG - Access TXT file created: .\data\export\access\Snededikte\Slice_Thickness_Measurements_1.txt
2026-01-11 18:41:35,604 - storage.access_export - DEBUG - Access TXT file created: .\data\export\access\Snededikte\Slice_Thickness_Measurements_2.txt
2026-01-11 18:41:35,611 - storage.access_export - DEBUG - Access TXT file created: .\data\export\access\CTDI_32cm\CTDI_32_Reproducibility.txt
2026-01-11 18:41:35,617 - storage.access_export - DEBUG - Access TXT file created: .\data\export\access\CTDI_32cm\CTDI_32_KV.txt
2026-01-11 18:41:35,624 - storage.access_export - DEBUG - Access TXT file created: .\data\export\access\CTDI_32cm\CTDI_32_Collimation.txt
2026-01-11 18:41:35,631 - storage.access_export - DEBUG - Access TXT file created: .\data\export\access\CTDI_32cm\CTDI_32_MAS_Standard.txt
2026-01-11 18:41:35,638 - storage.access_export - DEBUG - Access TXT file created: .\data\export\access\CTDI_32cm\CTDI_32_MAS_Iterative.txt
2026-01-11 18:41:35,644 - storage.access_export - DEBUG - Access TXT file created: .\data\export\access\CTDI_32cm\CTDI_32_Dual_Source.txt
2026-01-11 18:41:35,650 - storage.access_export - DEBUG - Access TXT file created: .\data\export\access\CTDI_32cm\CTDI_32_Twin_Beam.txt
2026-01-11 18:41:35,656 - storage.access_export - DEBUG - Access TXT file created: .\data\export\access\CTDI_16cm\CTDI_16_KV.txt
2026-01-11 18:41:35,663 - storage.access_export - DEBUG - Access TXT file created: .\data\export\access\CTDI_16cm\CTDI_16_KV_Deviation.txt
2026-01-11 18:41:35,669 - storage.access_export - DEBUG - Access TXT file created: .\data\export\access\Buisstroommodulatie\TCM_Dikteobject.txt
2026-01-11 18:41:35,675 - storage.access_export - DEBUG - Access TXT file created: .\data\export\access\protocollen\System_Protocols.txt
2026-01-11 18:41:35,682 - storage.access_export - DEBUG - Access TXT file created: .\data\export\access\Metadata\Extracted_Fields.txt
2026-01-11 18:41:35,689 - storage.access_export - DEBUG - Access TXT file created: .\data\export\access\Metadata\Extraction_Metadata.txt
2026-01-11 18:41:35,689 - storage.access_export - INFO - Access export completed for QAVisit 1886
2026-01-11 18:41:35,729 - core.audit - INFO - [SUCCESS] Orchestrator.ProcessingComplete: File processed successfully | File: QC300_0624_01504CT-CT11.xlsm
2026-01-11 18:41:35,731 - core.audit - INFO - [INFO] Orchestrator.BatchComplete: Batch processing completed
2026-01-11 18:41:35,763 - storage.hdf5_store - DEBUG - Table AuditTrail saved (85 rows)
2026-01-11 18:41:35,763 - core.audit - INFO - Audit data exported to HDF5: 4 events
2026-01-11 18:41:35,780 - core.audit - INFO - Audit data exported to Parquet: 4 events
2026-01-11 18:41:35,786 - storage.hdf5_store - INFO - HDF5 store closed
2026-05-16 18:02:47,665 - core.selector - INFO - TemplateSelector initialisé - template unique: ctqc_base
2026-05-16 18:02:47,665 - core.audit - INFO - [INFO] Orchestrator.ProcessingStart: Start processing file | File: QC300_0624_01504CT-CT11.xlsm
2026-05-16 18:02:47,919 - core.sidecar - INFO - Sidecar loaded: ctqc_base (version: 6.8)
2026-05-16 18:02:47,920 - engine.extraction_engine - INFO - Extraction des donnees depuis: data/raw/Excel/QC300_0624_01504CT-CT11.xlsm
2026-05-16 18:03:54,810 - engine.extraction_engine - INFO - Extraction terminee: 317 champs, 50 tables, 22 named results
2026-05-16 18:03:54,872 - models.qa_visit - DEBUG - Dernier QAID trouvé: 1885
2026-05-16 18:03:54,885 - storage.hdf5_store - ERROR - Query failed on Linktable with Qampr == "QC300_0624_01504CT.xlsm": could not convert string to float: 'QC300_0624_01504CT.xlsm'
2026-05-16 18:03:54,885 - core.audit - INFO - [INFO] QAVisit.ReferencesResolved: References resolved successfully
2026-05-16 18:03:54,885 - core.audit - INFO - [INFO] QAVisit.Created: QAVisit 1886 created successfully
2026-05-16 18:03:54,885 - core.audit - INFO - [INFO] Orchestrator.DryRunComplete: Dry-run validation successful | File: QC300_0624_01504CT-CT11.xlsm
2026-05-16 18:03:54,887 - storage.hdf5_store - INFO - HDF5 store closed
2026-05-16 18:04:21,294 - core.selector - INFO - TemplateSelector initialisé - template unique: ctqc_base
2026-05-16 18:04:21,294 - core.audit - INFO - [INFO] Orchestrator.ProcessingStart: Start processing file | File: QC300_0624_01504CT-CT11.xlsm
2026-05-16 18:04:21,534 - core.sidecar - INFO - Sidecar loaded: ctqc_base (version: 6.8)
2026-05-16 18:04:21,534 - engine.extraction_engine - INFO - Extraction des donnees depuis: data/raw/Excel/QC300_0624_01504CT-CT11.xlsm
2026-05-16 18:05:27,497 - engine.extraction_engine - INFO - Extraction terminee: 317 champs, 50 tables, 22 named results
2026-05-16 18:05:27,539 - models.qa_visit - DEBUG - Dernier QAID trouvé: 1885
2026-05-16 18:05:27,539 - core.audit - INFO - [INFO] QAVisit.Created: QAVisit 1886 created successfully
2026-05-16 18:05:27,541 - core.audit - INFO - [INFO] Orchestrator.DryRunComplete: Dry-run validation successful | File: QC300_0624_01504CT-CT11.xlsm
2026-05-16 18:05:27,542 - storage.hdf5_store - INFO - HDF5 store closed
2026-05-16 21:09:42,227 - core.selector - INFO - TemplateSelector initialisé - template unique: ctqc_base
2026-05-16 21:09:42,228 - core.audit - INFO - [INFO] Orchestrator.ProcessingStart: Start processing file | File: QC300_0624_01504CT-CT11.xlsm
2026-05-16 21:09:42,464 - core.sidecar - INFO - Sidecar loaded: ctqc_base (version: 6.8)
2026-05-16 21:09:42,464 - engine.extraction_engine - INFO - Extraction des donnees depuis: data/raw/Excel/QC300_0624_01504CT-CT11.xlsm
2026-05-16 21:10:36,067 - engine.extraction_engine - INFO - Extraction terminee: 317 champs, 50 tables, 22 named results
2026-05-16 21:10:36,072 - models.qa_visit - WARNING - Utilisation QAID fallback: 636072
2026-05-16 21:10:36,072 - core.audit - INFO - [INFO] QAVisit.Created: QAVisit 636072 created successfully
2026-05-16 21:10:36,072 - core.audit - INFO - [INFO] Orchestrator.DryRunComplete: Dry-run validation successful | File: QC300_0624_01504CT-CT11.xlsm
2026-05-16 21:10:36,074 - storage.hdf5_store - INFO - HDF5 store closed
2026-05-16 21:20:46,822 - core.selector - INFO - TemplateSelector initialisé - template unique: ctqc_base
2026-05-16 21:20:46,824 - core.audit - INFO - [INFO] Orchestrator.ProcessingStart: Start processing file | File: QC300_0624_01504CT-CT11.xlsm
2026-05-16 21:20:47,051 - core.sidecar - INFO - Sidecar loaded: ctqc_base (version: 6.8)
2026-05-16 21:20:47,051 - engine.extraction_engine - INFO - Extraction des donnees depuis: data/raw/Excel/QC300_0624_01504CT-CT11.xlsm
2026-05-16 21:21:36,766 - engine.extraction_engine - INFO - Extraction terminee: 317 champs, 50 tables, 22 named results
2026-05-16 21:21:36,770 - models.qa_visit - WARNING - Utilisation QAID fallback: 296770
2026-05-16 21:21:36,770 - core.audit - INFO - [INFO] QAVisit.Created: QAVisit 296770 created successfully
2026-05-16 21:21:36,771 - models.qa_visit - INFO - QAVisit 296770 ready for HDF5 persistence
2026-05-16 21:21:36,835 - core.audit - INFO - [SUCCESS] Orchestrator.ProcessingComplete: File processed successfully | File: QC300_0624_01504CT-CT11.xlsm
2026-05-16 21:21:36,836 - storage.hdf5_store - INFO - HDF5 store closed
2026-05-16 21:31:49,460 - core.selector - INFO - TemplateSelector initialisé - template unique: ctqc_base
2026-05-16 21:31:49,460 - core.audit - INFO - [INFO] Orchestrator.ProcessingStart: Start processing file | File: QC300_0624_01504CT-CT11.xlsm
2026-05-16 21:31:49,707 - core.sidecar - INFO - Sidecar loaded: ctqc_base (version: 6.8)
2026-05-16 21:31:49,707 - engine.extraction_engine - INFO - Extraction des donnees depuis: data/raw/Excel/QC300_0624_01504CT-CT11.xlsm
2026-05-16 21:32:39,372 - engine.extraction_engine - INFO - Extraction terminee: 317 champs, 50 tables, 22 named results
2026-05-16 21:32:39,377 - models.qa_visit - WARNING - Utilisation QAID fallback: 959376
2026-05-16 21:32:39,377 - core.audit - INFO - [INFO] QAVisit.Created: QAVisit 959376 created successfully
2026-05-16 21:32:39,378 - models.qa_visit - INFO - QAVisit 959376 ready for HDF5 persistence
2026-05-16 21:32:39,406 - storage.access_export - DEBUG - Access TXT file created: data/export/access\Metadata\QAVisit.txt
2026-05-16 21:32:39,412 - storage.access_export - DEBUG - Access TXT file created: data/export/access\Extracted_Tables\meta__measurement_equipment.txt
2026-05-16 21:32:39,415 - storage.access_export - DEBUG - Access TXT file created: data/export/access\Extracted_Tables\tube_voltage__accuracy.txt
2026-05-16 21:32:39,417 - storage.access_export - DEBUG - Access TXT file created: data/export/access\Extracted_Tables\tube_voltage__reproducibility.txt
2026-05-16 21:32:39,424 - storage.access_export - DEBUG - Access TXT file created: data/export/access\Extracted_Tables\geometry__geometric_efficiency.txt
2026-05-16 21:32:39,426 - storage.access_export - DEBUG - Access TXT file created: data/export/access\Extracted_Tables\geometry__positioning_light.txt
2026-05-16 21:32:39,428 - storage.access_export - DEBUG - Access TXT file created: data/export/access\Extracted_Tables\geometry__table_travel.txt
2026-05-16 21:32:39,430 - storage.access_export - DEBUG - Access TXT file created: data/export/access\Extracted_Tables\geometry__overscan.txt
2026-05-16 21:32:39,434 - storage.access_export - DEBUG - Access TXT file created: data/export/access\Extracted_Tables\geometry__increment.txt
2026-05-16 21:32:39,436 - storage.access_export - DEBUG - Access TXT file created: data/export/access\Extracted_Tables\geometry__pixel_size.txt
2026-05-16 21:32:39,439 - storage.access_export - DEBUG - Access TXT file created: data/export/access\Extracted_Tables\geometry__circular_symmetry.txt
2026-05-16 21:32:39,440 - storage.access_export - DEBUG - Access TXT file created: data/export/access\Extracted_Tables\dose__CTDI32_reproducibility.txt
2026-05-16 21:32:39,443 - storage.access_export - DEBUG - Access TXT file created: data/export/access\Extracted_Tables\dose__CTDI32_kV.txt
2026-05-16 21:32:39,445 - storage.access_export - DEBUG - Access TXT file created: data/export/access\Extracted_Tables\dose__CTDI32_kV_deviation.txt
2026-05-16 21:32:39,448 - storage.access_export - DEBUG - Access TXT file created: data/export/access\Extracted_Tables\dose__CTDI32_collimation.txt
2026-05-16 21:32:39,450 - storage.access_export - DEBUG - Access TXT file created: data/export/access\Extracted_Tables\dose__CTDI32_linearity.txt
2026-05-16 21:32:39,453 - storage.access_export - DEBUG - Access TXT file created: data/export/access\Extracted_Tables\dose__CTDI32_linearity_iterative.txt
2026-05-16 21:32:39,455 - storage.access_export - DEBUG - Access TXT file created: data/export/access\Extracted_Tables\dose__CTDI32_verification_standard.txt
2026-05-16 21:32:39,457 - storage.access_export - DEBUG - Access TXT file created: data/export/access\Extracted_Tables\dose__CTDI32_verification_DS.txt
2026-05-16 21:32:39,460 - storage.access_export - DEBUG - Access TXT file created: data/export/access\Extracted_Tables\noise__detector_row.txt
2026-05-16 21:32:39,464 - storage.access_export - DEBUG - Access TXT file created: data/export/access\Extracted_Tables\tcm__z_dikte_tcm_aan.txt
2026-05-16 21:32:39,466 - storage.access_export - DEBUG - Access TXT file created: data/export/access\Extracted_Tables\tcm__z_dikte_tcm_af.txt
2026-05-16 21:32:39,472 - storage.access_export - DEBUG - Access TXT file created: data/export/access\Extracted_Tables\tcm__z_densiteit_tcm_aan.txt
2026-05-16 21:32:39,475 - storage.access_export - DEBUG - Access TXT file created: data/export/access\Extracted_Tables\tcm__z_densiteit_tcm_af.txt
2026-05-16 21:32:39,477 - storage.access_export - DEBUG - Access TXT file created: data/export/access\Extracted_Tables\dose__CTDI16_kV.txt
2026-05-16 21:32:39,481 - storage.access_export - DEBUG - Access TXT file created: data/export/access\Extracted_Tables\uniformiteit__summary_table.txt
2026-05-16 21:32:39,484 - storage.access_export - DEBUG - Access TXT file created: data/export/access\Extracted_Tables\CT_getal_lineair.txt
2026-05-16 21:32:39,487 - storage.access_export - DEBUG - Access TXT file created: data/export/access\Extracted_Tables\iq__DS_CT_getal_lineair_mixed.txt
2026-05-16 21:32:39,491 - storage.access_export - DEBUG - Access TXT file created: data/export/access\Extracted_Tables\iq__DS_CT_getal_lineair_buisB.txt
2026-05-16 21:32:39,493 - storage.access_export - DEBUG - Access TXT file created: data/export/access\Extracted_Tables\iq__DS_HU_water_lucht_mixed.txt
2026-05-16 21:32:39,496 - storage.access_export - DEBUG - Access TXT file created: data/export/access\Extracted_Tables\iq__DS_HU_water_lucht_buisB.txt
2026-05-16 21:32:39,500 - storage.access_export - DEBUG - Access TXT file created: data/export/access\Extracted_Tables\iq__DS_uniformiteit_mixed.txt
2026-05-16 21:32:39,502 - storage.access_export - DEBUG - Access TXT file created: data/export/access\Extracted_Tables\iq__DS_uniformiteit_mixed_summary.txt
2026-05-16 21:32:39,504 - storage.access_export - DEBUG - Access TXT file created: data/export/access\Extracted_Tables\iq__DS_uniformiteit_buisB.txt
2026-05-16 21:32:39,508 - storage.access_export - DEBUG - Access TXT file created: data/export/access\Extracted_Tables\iq__DS_uniformiteit_buisB_summary.txt
2026-05-16 21:32:39,510 - storage.access_export - DEBUG - Access TXT file created: data/export/access\Extracted_Tables\iq__DS_correlatie_mixed.txt
2026-05-16 21:32:39,512 - storage.access_export - DEBUG - Access TXT file created: data/export/access\Extracted_Tables\iq__DS_correlatie_buisB.txt
2026-05-16 21:32:39,516 - storage.access_export - DEBUG - Access TXT file created: data/export/access\Extracted_Tables\geometry__slice_thickness_gt2mm.txt
2026-05-16 21:32:39,519 - storage.access_export - DEBUG - Access TXT file created: data/export/access\Extracted_Tables\geometry__slice_thickness_lt2mm.txt
2026-05-16 21:32:39,521 - storage.access_export - DEBUG - Access TXT file created: data/export/access\Extracted_Tables\protocols__adult.txt
2026-05-16 21:32:39,523 - storage.access_export - DEBUG - Access TXT file created: data/export/access\Extracted_Tables\protocols__pediatric.txt
2026-05-16 21:32:39,529 - storage.access_export - DEBUG - Access TXT file created: data/export/access\Metadata\Scalar_Records.txt
2026-05-16 21:32:39,533 - storage.access_export - DEBUG - Access TXT file created: data/export/access\Metadata\Named_Results.txt
2026-05-16 21:32:39,553 - storage.access_export - DEBUG - Access TXT file created: data/export/access\Metadata\Extracted_Fields.txt
2026-05-16 21:32:39,556 - storage.access_export - DEBUG - Access TXT file created: data/export/access\Metadata\Extraction_Metadata.txt
2026-05-16 21:32:39,556 - storage.access_export - INFO - Access export completed for QAVisit 959376
2026-05-16 21:32:39,622 - core.audit - INFO - [SUCCESS] Orchestrator.ProcessingComplete: File processed successfully | File: QC300_0624_01504CT-CT11.xlsm
2026-05-16 21:32:39,623 - storage.hdf5_store - INFO - HDF5 store closed
2026-05-16 21:36:23,761 - core.selector - INFO - TemplateSelector initialisé - template unique: ctqc_base
2026-05-16 21:36:23,761 - core.audit - INFO - [INFO] Orchestrator.ProcessingStart: Start processing file | File: QC300_0524_00770CT-PETCTTruepoint.xlsm
2026-05-16 21:36:23,988 - core.sidecar - INFO - Sidecar loaded: ctqc_base (version: 6.8)
2026-05-16 21:36:23,989 - engine.extraction_engine - INFO - Extraction des donnees depuis: data/raw/Excel/QC300_0524_00770CT-PETCTTruepoint.xlsm
2026-05-16 21:36:42,325 - engine.extraction_engine - INFO - Extraction terminee: 317 champs, 47 tables, 22 named results
2026-05-16 21:36:42,329 - models.qa_visit - WARNING - Utilisation QAID fallback: 202329
2026-05-16 21:36:42,329 - core.audit - INFO - [INFO] QAVisit.Created: QAVisit 202329 created successfully
2026-05-16 21:36:42,329 - models.qa_visit - INFO - QAVisit 202329 ready for HDF5 persistence
2026-05-16 21:36:42,338 - storage.access_export - DEBUG - Access TXT file created: data/export/access\Metadata\QAVisit.txt
2026-05-16 21:36:42,341 - storage.access_export - DEBUG - Access TXT file created: data/export/access\Extracted_Tables\meta__measurement_equipment.txt
2026-05-16 21:36:42,343 - storage.access_export - DEBUG - Access TXT file created: data/export/access\Extracted_Tables\tube_voltage__accuracy.txt
2026-05-16 21:36:42,344 - storage.access_export - DEBUG - Access TXT file created: data/export/access\Extracted_Tables\tube_voltage__reproducibility.txt
2026-05-16 21:36:42,347 - storage.access_export - DEBUG - Access TXT file created: data/export/access\Extracted_Tables\geometry__geometric_efficiency.txt
2026-05-16 21:36:42,349 - storage.access_export - DEBUG - Access TXT file created: data/export/access\Extracted_Tables\geometry__positioning_light.txt
2026-05-16 21:36:42,351 - storage.access_export - DEBUG - Access TXT file created: data/export/access\Extracted_Tables\geometry__table_travel.txt
2026-05-16 21:36:42,354 - storage.access_export - DEBUG - Access TXT file created: data/export/access\Extracted_Tables\geometry__overscan.txt
2026-05-16 21:36:42,360 - storage.access_export - DEBUG - Access TXT file created: data/export/access\Extracted_Tables\geometry__increment.txt
2026-05-16 21:36:42,363 - storage.access_export - DEBUG - Access TXT file created: data/export/access\Extracted_Tables\geometry__pixel_size.txt
2026-05-16 21:36:42,366 - storage.access_export - DEBUG - Access TXT file created: data/export/access\Extracted_Tables\geometry__circular_symmetry.txt
2026-05-16 21:36:42,370 - storage.access_export - DEBUG - Access TXT file created: data/export/access\Extracted_Tables\dose__CTDI32_reproducibility.txt
2026-05-16 21:36:42,373 - storage.access_export - DEBUG - Access TXT file created: data/export/access\Extracted_Tables\dose__CTDI32_kV.txt
2026-05-16 21:36:42,377 - storage.access_export - DEBUG - Access TXT file created: data/export/access\Extracted_Tables\dose__CTDI32_kV_deviation.txt
2026-05-16 21:36:42,380 - storage.access_export - DEBUG - Access TXT file created: data/export/access\Extracted_Tables\dose__CTDI32_collimation.txt
2026-05-16 21:36:42,382 - storage.access_export - DEBUG - Access TXT file created: data/export/access\Extracted_Tables\dose__CTDI32_linearity.txt
2026-05-16 21:36:42,389 - storage.access_export - DEBUG - Access TXT file created: data/export/access\Extracted_Tables\dose__CTDI32_linearity_iterative.txt
2026-05-16 21:36:42,393 - storage.access_export - DEBUG - Access TXT file created: data/export/access\Extracted_Tables\dose__CTDI32_verification_standard.txt
2026-05-16 21:36:42,396 - storage.access_export - DEBUG - Access TXT file created: data/export/access\Extracted_Tables\noise__detector_row.txt
2026-05-16 21:36:42,399 - storage.access_export - DEBUG - Access TXT file created: data/export/access\Extracted_Tables\tcm__z_dikte_tcm_aan.txt
2026-05-16 21:36:42,404 - storage.access_export - DEBUG - Access TXT file created: data/export/access\Extracted_Tables\tcm__z_dikte_tcm_af.txt
2026-05-16 21:36:42,408 - storage.access_export - DEBUG - Access TXT file created: data/export/access\Extracted_Tables\tcm__z_densiteit_tcm_aan.txt
2026-05-16 21:36:42,410 - storage.access_export - DEBUG - Access TXT file created: data/export/access\Extracted_Tables\tcm__z_densiteit_tcm_af.txt
2026-05-16 21:36:42,413 - storage.access_export - DEBUG - Access TXT file created: data/export/access\Extracted_Tables\dose__CTDI16_kV.txt
2026-05-16 21:36:42,416 - storage.access_export - DEBUG - Access TXT file created: data/export/access\Extracted_Tables\uniformiteit__summary_table.txt
2026-05-16 21:36:42,421 - storage.access_export - DEBUG - Access TXT file created: data/export/access\Extracted_Tables\CT_getal_lineair.txt
2026-05-16 21:36:42,424 - storage.access_export - DEBUG - Access TXT file created: data/export/access\Extracted_Tables\iq__DS_CT_getal_lineair_mixed.txt
2026-05-16 21:36:42,426 - storage.access_export - DEBUG - Access TXT file created: data/export/access\Extracted_Tables\iq__DS_CT_getal_lineair_buisB.txt
2026-05-16 21:36:42,429 - storage.access_export - DEBUG - Access TXT file created: data/export/access\Extracted_Tables\iq__DS_HU_water_lucht_mixed.txt
2026-05-16 21:36:42,432 - storage.access_export - DEBUG - Access TXT file created: data/export/access\Extracted_Tables\iq__DS_uniformiteit_mixed.txt
2026-05-16 21:36:42,435 - storage.access_export - DEBUG - Access TXT file created: data/export/access\Extracted_Tables\iq__DS_uniformiteit_mixed_summary.txt
2026-05-16 21:36:42,438 - storage.access_export - DEBUG - Access TXT file created: data/export/access\Extracted_Tables\iq__DS_uniformiteit_buisB.txt
2026-05-16 21:36:42,440 - storage.access_export - DEBUG - Access TXT file created: data/export/access\Extracted_Tables\iq__DS_uniformiteit_buisB_summary.txt
2026-05-16 21:36:42,443 - storage.access_export - DEBUG - Access TXT file created: data/export/access\Extracted_Tables\iq__DS_correlatie_mixed.txt
2026-05-16 21:36:42,445 - storage.access_export - DEBUG - Access TXT file created: data/export/access\Extracted_Tables\iq__DS_correlatie_buisB.txt
2026-05-16 21:36:42,448 - storage.access_export - DEBUG - Access TXT file created: data/export/access\Extracted_Tables\geometry__slice_thickness_gt2mm.txt
2026-05-16 21:36:42,451 - storage.access_export - DEBUG - Access TXT file created: data/export/access\Extracted_Tables\geometry__slice_thickness_lt2mm.txt
2026-05-16 21:36:42,453 - storage.access_export - DEBUG - Access TXT file created: data/export/access\Extracted_Tables\protocols__adult.txt
2026-05-16 21:36:42,455 - storage.access_export - DEBUG - Access TXT file created: data/export/access\Extracted_Tables\protocols__pediatric.txt
2026-05-16 21:36:42,462 - storage.access_export - DEBUG - Access TXT file created: data/export/access\Metadata\Scalar_Records.txt
2026-05-16 21:36:42,465 - storage.access_export - DEBUG - Access TXT file created: data/export/access\Metadata\Named_Results.txt
2026-05-16 21:36:42,515 - storage.access_export - DEBUG - Access TXT file created: data/export/access\Metadata\Extracted_Fields.txt
2026-05-16 21:36:42,518 - storage.access_export - DEBUG - Access TXT file created: data/export/access\Metadata\Extraction_Metadata.txt
2026-05-16 21:36:42,519 - storage.access_export - INFO - Access export completed for QAVisit 202329
2026-05-16 21:36:42,581 - core.audit - INFO - [SUCCESS] Orchestrator.ProcessingComplete: File processed successfully | File: QC300_0524_00770CT-PETCTTruepoint.xlsm
2026-05-16 21:36:42,582 - core.audit - INFO - [INFO] Orchestrator.ProcessingStart: Start processing file | File: QC300_0524_01005CT-SPECTSymbia2.xlsm
2026-05-16 21:36:42,583 - engine.extraction_engine - INFO - Extraction des donnees depuis: data/raw/Excel/QC300_0524_01005CT-SPECTSymbia2.xlsm
2026-05-16 21:36:59,351 - engine.extraction_engine - INFO - Extraction terminee: 317 champs, 48 tables, 22 named results
2026-05-16 21:36:59,355 - models.qa_visit - WARNING - Utilisation QAID fallback: 219355
2026-05-16 21:36:59,356 - core.audit - INFO - [INFO] QAVisit.Created: QAVisit 219355 created successfully
2026-05-16 21:36:59,356 - models.qa_visit - INFO - QAVisit 219355 ready for HDF5 persistence
2026-05-16 21:36:59,360 - storage.access_export - DEBUG - Access TXT file created: data/export/access\Metadata\QAVisit.txt
2026-05-16 21:36:59,362 - storage.access_export - DEBUG - Access TXT file created: data/export/access\Extracted_Tables\meta__measurement_equipment.txt
2026-05-16 21:36:59,364 - storage.access_export - DEBUG - Access TXT file created: data/export/access\Extracted_Tables\tube_voltage__accuracy.txt
2026-05-16 21:36:59,366 - storage.access_export - DEBUG - Access TXT file created: data/export/access\Extracted_Tables\tube_voltage__reproducibility.txt
2026-05-16 21:36:59,369 - storage.access_export - DEBUG - Access TXT file created: data/export/access\Extracted_Tables\geometry__geometric_efficiency.txt
2026-05-16 21:36:59,371 - storage.access_export - DEBUG - Access TXT file created: data/export/access\Extracted_Tables\geometry__positioning_light.txt
2026-05-16 21:36:59,373 - storage.access_export - DEBUG - Access TXT file created: data/export/access\Extracted_Tables\geometry__table_travel.txt
2026-05-16 21:36:59,375 - storage.access_export - DEBUG - Access TXT file created: data/export/access\Extracted_Tables\geometry__overscan.txt
2026-05-16 21:36:59,377 - storage.access_export - DEBUG - Access TXT file created: data/export/access\Extracted_Tables\geometry__increment.txt
2026-05-16 21:36:59,379 - storage.access_export - DEBUG - Access TXT file created: data/export/access\Extracted_Tables\geometry__pixel_size.txt
2026-05-16 21:36:59,381 - storage.access_export - DEBUG - Access TXT file created: data/export/access\Extracted_Tables\geometry__circular_symmetry.txt
2026-05-16 21:36:59,383 - storage.access_export - DEBUG - Access TXT file created: data/export/access\Extracted_Tables\dose__CTDI32_reproducibility.txt
2026-05-16 21:36:59,385 - storage.access_export - DEBUG - Access TXT file created: data/export/access\Extracted_Tables\dose__CTDI32_kV.txt
2026-05-16 21:36:59,388 - storage.access_export - DEBUG - Access TXT file created: data/export/access\Extracted_Tables\dose__CTDI32_kV_deviation.txt
2026-05-16 21:36:59,396 - storage.access_export - DEBUG - Access TXT file created: data/export/access\Extracted_Tables\dose__CTDI32_collimation.txt
2026-05-16 21:36:59,398 - storage.access_export - DEBUG - Access TXT file created: data/export/access\Extracted_Tables\dose__CTDI32_linearity.txt
2026-05-16 21:36:59,401 - storage.access_export - DEBUG - Access TXT file created: data/export/access\Extracted_Tables\dose__CTDI32_linearity_iterative.txt
2026-05-16 21:36:59,403 - storage.access_export - DEBUG - Access TXT file created: data/export/access\Extracted_Tables\dose__CTDI32_verification_standard.txt
2026-05-16 21:36:59,405 - storage.access_export - DEBUG - Access TXT file created: data/export/access\Extracted_Tables\dose__CTDI32_verification_DS.txt
2026-05-16 21:36:59,408 - storage.access_export - DEBUG - Access TXT file created: data/export/access\Extracted_Tables\noise__detector_row.txt
2026-05-16 21:36:59,411 - storage.access_export - DEBUG - Access TXT file created: data/export/access\Extracted_Tables\tcm__z_dikte_tcm_aan.txt
2026-05-16 21:36:59,413 - storage.access_export - DEBUG - Access TXT file created: data/export/access\Extracted_Tables\tcm__z_dikte_tcm_af.txt
2026-05-16 21:36:59,416 - storage.access_export - DEBUG - Access TXT file created: data/export/access\Extracted_Tables\tcm__z_densiteit_tcm_aan.txt
2026-05-16 21:36:59,424 - storage.access_export - DEBUG - Access TXT file created: data/export/access\Extracted_Tables\tcm__z_densiteit_tcm_af.txt
2026-05-16 21:36:59,427 - storage.access_export - DEBUG - Access TXT file created: data/export/access\Extracted_Tables\dose__CTDI16_kV.txt
2026-05-16 21:36:59,430 - storage.access_export - DEBUG - Access TXT file created: data/export/access\Extracted_Tables\uniformiteit__summary_table.txt
2026-05-16 21:36:59,433 - storage.access_export - DEBUG - Access TXT file created: data/export/access\Extracted_Tables\CT_getal_lineair.txt
2026-05-16 21:36:59,436 - storage.access_export - DEBUG - Access TXT file created: data/export/access\Extracted_Tables\iq__DS_CT_getal_lineair_mixed.txt
2026-05-16 21:36:59,438 - storage.access_export - DEBUG - Access TXT file created: data/export/access\Extracted_Tables\iq__DS_CT_getal_lineair_buisB.txt
2026-05-16 21:36:59,441 - storage.access_export - DEBUG - Access TXT file created: data/export/access\Extracted_Tables\iq__DS_HU_water_lucht_mixed.txt
2026-05-16 21:36:59,444 - storage.access_export - DEBUG - Access TXT file created: data/export/access\Extracted_Tables\iq__DS_uniformiteit_mixed.txt
2026-05-16 21:36:59,447 - storage.access_export - DEBUG - Access TXT file created: data/export/access\Extracted_Tables\iq__DS_uniformiteit_mixed_summary.txt
2026-05-16 21:36:59,451 - storage.access_export - DEBUG - Access TXT file created: data/export/access\Extracted_Tables\iq__DS_uniformiteit_buisB.txt
2026-05-16 21:36:59,455 - storage.access_export - DEBUG - Access TXT file created: data/export/access\Extracted_Tables\iq__DS_uniformiteit_buisB_summary.txt
2026-05-16 21:36:59,457 - storage.access_export - DEBUG - Access TXT file created: data/export/access\Extracted_Tables\iq__DS_correlatie_mixed.txt
2026-05-16 21:36:59,460 - storage.access_export - DEBUG - Access TXT file created: data/export/access\Extracted_Tables\iq__DS_correlatie_buisB.txt
2026-05-16 21:36:59,463 - storage.access_export - DEBUG - Access TXT file created: data/export/access\Extracted_Tables\geometry__slice_thickness_gt2mm.txt
2026-05-16 21:36:59,466 - storage.access_export - DEBUG - Access TXT file created: data/export/access\Extracted_Tables\geometry__slice_thickness_lt2mm.txt
2026-05-16 21:36:59,469 - storage.access_export - DEBUG - Access TXT file created: data/export/access\Extracted_Tables\protocols__adult.txt
2026-05-16 21:36:59,471 - storage.access_export - DEBUG - Access TXT file created: data/export/access\Extracted_Tables\protocols__pediatric.txt
2026-05-16 21:36:59,478 - storage.access_export - DEBUG - Access TXT file created: data/export/access\Metadata\Scalar_Records.txt
2026-05-16 21:36:59,483 - storage.access_export - DEBUG - Access TXT file created: data/export/access\Metadata\Named_Results.txt
2026-05-16 21:36:59,510 - storage.access_export - DEBUG - Access TXT file created: data/export/access\Metadata\Extracted_Fields.txt
2026-05-16 21:36:59,515 - storage.access_export - DEBUG - Access TXT file created: data/export/access\Metadata\Extraction_Metadata.txt
2026-05-16 21:36:59,515 - storage.access_export - INFO - Access export completed for QAVisit 219355
2026-05-16 21:36:59,620 - core.audit - INFO - [SUCCESS] Orchestrator.ProcessingComplete: File processed successfully | File: QC300_0524_01005CT-SPECTSymbia2.xlsm
2026-05-16 21:36:59,622 - core.audit - INFO - [INFO] Orchestrator.ProcessingStart: Start processing file | File: QC300_0524_01319CT-SPECTGE.xlsm
2026-05-16 21:36:59,622 - engine.extraction_engine - INFO - Extraction des donnees depuis: data/raw/Excel/QC300_0524_01319CT-SPECTGE.xlsm
2026-05-16 21:37:22,370 - engine.extraction_engine - INFO - Extraction terminee: 317 champs, 48 tables, 22 named results
2026-05-16 21:37:22,375 - models.qa_visit - WARNING - Utilisation QAID fallback: 242375
2026-05-16 21:37:22,377 - core.audit - INFO - [INFO] QAVisit.Created: QAVisit 242375 created successfully
2026-05-16 21:37:22,378 - models.qa_visit - INFO - QAVisit 242375 ready for HDF5 persistence
2026-05-16 21:37:22,386 - storage.access_export - DEBUG - Access TXT file created: data/export/access\Metadata\QAVisit.txt
2026-05-16 21:37:22,391 - storage.access_export - DEBUG - Access TXT file created: data/export/access\Extracted_Tables\meta__measurement_equipment.txt
2026-05-16 21:37:22,394 - storage.access_export - DEBUG - Access TXT file created: data/export/access\Extracted_Tables\tube_voltage__accuracy.txt
2026-05-16 21:37:22,397 - storage.access_export - DEBUG - Access TXT file created: data/export/access\Extracted_Tables\tube_voltage__reproducibility.txt
2026-05-16 21:37:22,401 - storage.access_export - DEBUG - Access TXT file created: data/export/access\Extracted_Tables\geometry__geometric_efficiency.txt
2026-05-16 21:37:22,405 - storage.access_export - DEBUG - Access TXT file created: data/export/access\Extracted_Tables\geometry__positioning_light.txt
2026-05-16 21:37:22,416 - storage.access_export - DEBUG - Access TXT file created: data/export/access\Extracted_Tables\geometry__table_travel.txt
2026-05-16 21:37:22,424 - storage.access_export - DEBUG - Access TXT file created: data/export/access\Extracted_Tables\geometry__overscan.txt
2026-05-16 21:37:22,432 - storage.access_export - DEBUG - Access TXT file created: data/export/access\Extracted_Tables\geometry__increment.txt
2026-05-16 21:37:22,437 - storage.access_export - DEBUG - Access TXT file created: data/export/access\Extracted_Tables\geometry__pixel_size.txt
2026-05-16 21:37:22,447 - storage.access_export - DEBUG - Access TXT file created: data/export/access\Extracted_Tables\geometry__circular_symmetry.txt
2026-05-16 21:37:22,450 - storage.access_export - DEBUG - Access TXT file created: data/export/access\Extracted_Tables\dose__CTDI32_reproducibility.txt
2026-05-16 21:37:22,455 - storage.access_export - DEBUG - Access TXT file created: data/export/access\Extracted_Tables\dose__CTDI32_kV.txt
2026-05-16 21:37:22,464 - storage.access_export - DEBUG - Access TXT file created: data/export/access\Extracted_Tables\dose__CTDI32_kV_deviation.txt
2026-05-16 21:37:22,476 - storage.access_export - DEBUG - Access TXT file created: data/export/access\Extracted_Tables\dose__CTDI32_collimation.txt
2026-05-16 21:37:22,482 - storage.access_export - DEBUG - Access TXT file created: data/export/access\Extracted_Tables\dose__CTDI32_linearity.txt
2026-05-16 21:37:22,488 - storage.access_export - DEBUG - Access TXT file created: data/export/access\Extracted_Tables\dose__CTDI32_linearity_iterative.txt
2026-05-16 21:37:22,493 - storage.access_export - DEBUG - Access TXT file created: data/export/access\Extracted_Tables\dose__CTDI32_verification_standard.txt
2026-05-16 21:37:22,497 - storage.access_export - DEBUG - Access TXT file created: data/export/access\Extracted_Tables\dose__CTDI32_verification_DS.txt
2026-05-16 21:37:22,501 - storage.access_export - DEBUG - Access TXT file created: data/export/access\Extracted_Tables\noise__detector_row.txt
2026-05-16 21:37:22,507 - storage.access_export - DEBUG - Access TXT file created: data/export/access\Extracted_Tables\tcm__z_dikte_tcm_aan.txt
2026-05-16 21:37:22,521 - storage.access_export - DEBUG - Access TXT file created: data/export/access\Extracted_Tables\tcm__z_dikte_tcm_af.txt
2026-05-16 21:37:22,529 - storage.access_export - DEBUG - Access TXT file created: data/export/access\Extracted_Tables\tcm__z_densiteit_tcm_aan.txt
2026-05-16 21:37:22,535 - storage.access_export - DEBUG - Access TXT file created: data/export/access\Extracted_Tables\tcm__z_densiteit_tcm_af.txt
2026-05-16 21:37:22,540 - storage.access_export - DEBUG - Access TXT file created: data/export/access\Extracted_Tables\dose__CTDI16_kV.txt
2026-05-16 21:37:22,550 - storage.access_export - DEBUG - Access TXT file created: data/export/access\Extracted_Tables\uniformiteit__summary_table.txt
2026-05-16 21:37:22,555 - storage.access_export - DEBUG - Access TXT file created: data/export/access\Extracted_Tables\CT_getal_lineair.txt
2026-05-16 21:37:22,561 - storage.access_export - DEBUG - Access TXT file created: data/export/access\Extracted_Tables\iq__DS_CT_getal_lineair_mixed.txt
2026-05-16 21:37:22,567 - storage.access_export - DEBUG - Access TXT file created: data/export/access\Extracted_Tables\iq__DS_CT_getal_lineair_buisB.txt
2026-05-16 21:37:22,572 - storage.access_export - DEBUG - Access TXT file created: data/export/access\Extracted_Tables\iq__DS_HU_water_lucht_mixed.txt
2026-05-16 21:37:22,583 - storage.access_export - DEBUG - Access TXT file created: data/export/access\Extracted_Tables\iq__DS_uniformiteit_mixed.txt
2026-05-16 21:37:22,588 - storage.access_export - DEBUG - Access TXT file created: data/export/access\Extracted_Tables\iq__DS_uniformiteit_mixed_summary.txt
2026-05-16 21:37:22,594 - storage.access_export - DEBUG - Access TXT file created: data/export/access\Extracted_Tables\iq__DS_uniformiteit_buisB.txt
2026-05-16 21:37:22,598 - storage.access_export - DEBUG - Access TXT file created: data/export/access\Extracted_Tables\iq__DS_uniformiteit_buisB_summary.txt
2026-05-16 21:37:22,603 - storage.access_export - DEBUG - Access TXT file created: data/export/access\Extracted_Tables\iq__DS_correlatie_mixed.txt
2026-05-16 21:37:22,610 - storage.access_export - DEBUG - Access TXT file created: data/export/access\Extracted_Tables\iq__DS_correlatie_buisB.txt
2026-05-16 21:37:22,616 - storage.access_export - DEBUG - Access TXT file created: data/export/access\Extracted_Tables\geometry__slice_thickness_gt2mm.txt
2026-05-16 21:37:22,621 - storage.access_export - DEBUG - Access TXT file created: data/export/access\Extracted_Tables\geometry__slice_thickness_lt2mm.txt
2026-05-16 21:37:22,624 - storage.access_export - DEBUG - Access TXT file created: data/export/access\Extracted_Tables\protocols__adult.txt
2026-05-16 21:37:22,627 - storage.access_export - DEBUG - Access TXT file created: data/export/access\Extracted_Tables\protocols__pediatric.txt
2026-05-16 21:37:22,636 - storage.access_export - DEBUG - Access TXT file created: data/export/access\Metadata\Scalar_Records.txt
2026-05-16 21:37:22,647 - storage.access_export - DEBUG - Access TXT file created: data/export/access\Metadata\Named_Results.txt
2026-05-16 21:37:22,677 - storage.access_export - DEBUG - Access TXT file created: data/export/access\Metadata\Extracted_Fields.txt
2026-05-16 21:37:22,682 - storage.access_export - DEBUG - Access TXT file created: data/export/access\Metadata\Extraction_Metadata.txt
2026-05-16 21:37:22,682 - storage.access_export - INFO - Access export completed for QAVisit 242375
2026-05-16 21:37:22,763 - core.audit - INFO - [SUCCESS] Orchestrator.ProcessingComplete: File processed successfully | File: QC300_0524_01319CT-SPECTGE.xlsm
2026-05-16 21:37:22,765 - core.audit - INFO - [INFO] Orchestrator.ProcessingStart: Start processing file | File: QC300_0524_01468CT-PETGE10.xlsm
2026-05-16 21:37:22,765 - engine.extraction_engine - INFO - Extraction des donnees depuis: data/raw/Excel/QC300_0524_01468CT-PETGE10.xlsm
2026-05-16 21:37:49,459 - engine.extraction_engine - INFO - Extraction terminee: 317 champs, 48 tables, 22 named results
2026-05-16 21:37:49,466 - models.qa_visit - WARNING - Utilisation QAID fallback: 269466
2026-05-16 21:37:49,467 - core.audit - INFO - [INFO] QAVisit.Created: QAVisit 269466 created successfully
2026-05-16 21:37:49,467 - models.qa_visit - INFO - QAVisit 269466 ready for HDF5 persistence
2026-05-16 21:37:49,473 - storage.access_export - DEBUG - Access TXT file created: data/export/access\Metadata\QAVisit.txt
2026-05-16 21:37:49,477 - storage.access_export - DEBUG - Access TXT file created: data/export/access\Extracted_Tables\meta__measurement_equipment.txt
2026-05-16 21:37:49,480 - storage.access_export - DEBUG - Access TXT file created: data/export/access\Extracted_Tables\tube_voltage__accuracy.txt
2026-05-16 21:37:49,486 - storage.access_export - DEBUG - Access TXT file created: data/export/access\Extracted_Tables\tube_voltage__reproducibility.txt
2026-05-16 21:37:49,490 - storage.access_export - DEBUG - Access TXT file created: data/export/access\Extracted_Tables\geometry__geometric_efficiency.txt
2026-05-16 21:37:49,493 - storage.access_export - DEBUG - Access TXT file created: data/export/access\Extracted_Tables\geometry__positioning_light.txt
2026-05-16 21:37:49,496 - storage.access_export - DEBUG - Access TXT file created: data/export/access\Extracted_Tables\geometry__table_travel.txt
2026-05-16 21:37:49,504 - storage.access_export - DEBUG - Access TXT file created: data/export/access\Extracted_Tables\geometry__overscan.txt
2026-05-16 21:37:49,509 - storage.access_export - DEBUG - Access TXT file created: data/export/access\Extracted_Tables\geometry__increment.txt
2026-05-16 21:37:49,513 - storage.access_export - DEBUG - Access TXT file created: data/export/access\Extracted_Tables\geometry__pixel_size.txt
2026-05-16 21:37:49,517 - storage.access_export - DEBUG - Access TXT file created: data/export/access\Extracted_Tables\geometry__circular_symmetry.txt
2026-05-16 21:37:49,521 - storage.access_export - DEBUG - Access TXT file created: data/export/access\Extracted_Tables\dose__CTDI32_reproducibility.txt
2026-05-16 21:37:49,525 - storage.access_export - DEBUG - Access TXT file created: data/export/access\Extracted_Tables\dose__CTDI32_kV.txt
2026-05-16 21:37:49,528 - storage.access_export - DEBUG - Access TXT file created: data/export/access\Extracted_Tables\dose__CTDI32_kV_deviation.txt
2026-05-16 21:37:49,531 - storage.access_export - DEBUG - Access TXT file created: data/export/access\Extracted_Tables\dose__CTDI32_collimation.txt
2026-05-16 21:37:49,538 - storage.access_export - DEBUG - Access TXT file created: data/export/access\Extracted_Tables\dose__CTDI32_linearity.txt
2026-05-16 21:37:49,544 - storage.access_export - DEBUG - Access TXT file created: data/export/access\Extracted_Tables\dose__CTDI32_linearity_iterative.txt
2026-05-16 21:37:49,552 - storage.access_export - DEBUG - Access TXT file created: data/export/access\Extracted_Tables\dose__CTDI32_verification_standard.txt
2026-05-16 21:37:49,557 - storage.access_export - DEBUG - Access TXT file created: data/export/access\Extracted_Tables\dose__CTDI32_verification_DS.txt
2026-05-16 21:37:49,562 - storage.access_export - DEBUG - Access TXT file created: data/export/access\Extracted_Tables\noise__detector_row.txt
2026-05-16 21:37:49,571 - storage.access_export - DEBUG - Access TXT file created: data/export/access\Extracted_Tables\tcm__z_dikte_tcm_aan.txt
2026-05-16 21:37:49,578 - storage.access_export - DEBUG - Access TXT file created: data/export/access\Extracted_Tables\tcm__z_dikte_tcm_af.txt
2026-05-16 21:37:49,585 - storage.access_export - DEBUG - Access TXT file created: data/export/access\Extracted_Tables\tcm__z_densiteit_tcm_aan.txt
2026-05-16 21:37:49,590 - storage.access_export - DEBUG - Access TXT file created: data/export/access\Extracted_Tables\tcm__z_densiteit_tcm_af.txt
2026-05-16 21:37:49,593 - storage.access_export - DEBUG - Access TXT file created: data/export/access\Extracted_Tables\dose__CTDI16_kV.txt
2026-05-16 21:37:49,602 - storage.access_export - DEBUG - Access TXT file created: data/export/access\Extracted_Tables\uniformiteit__summary_table.txt
2026-05-16 21:37:49,607 - storage.access_export - DEBUG - Access TXT file created: data/export/access\Extracted_Tables\CT_getal_lineair.txt
2026-05-16 21:37:49,612 - storage.access_export - DEBUG - Access TXT file created: data/export/access\Extracted_Tables\iq__DS_CT_getal_lineair_mixed.txt
2026-05-16 21:37:49,616 - storage.access_export - DEBUG - Access TXT file created: data/export/access\Extracted_Tables\iq__DS_CT_getal_lineair_buisB.txt
2026-05-16 21:37:49,619 - storage.access_export - DEBUG - Access TXT file created: data/export/access\Extracted_Tables\iq__DS_HU_water_lucht_mixed.txt
2026-05-16 21:37:49,623 - storage.access_export - DEBUG - Access TXT file created: data/export/access\Extracted_Tables\iq__DS_uniformiteit_mixed.txt
2026-05-16 21:37:49,626 - storage.access_export - DEBUG - Access TXT file created: data/export/access\Extracted_Tables\iq__DS_uniformiteit_mixed_summary.txt
2026-05-16 21:37:49,633 - storage.access_export - DEBUG - Access TXT file created: data/export/access\Extracted_Tables\iq__DS_uniformiteit_buisB.txt
2026-05-16 21:37:49,638 - storage.access_export - DEBUG - Access TXT file created: data/export/access\Extracted_Tables\iq__DS_uniformiteit_buisB_summary.txt
2026-05-16 21:37:49,641 - storage.access_export - DEBUG - Access TXT file created: data/export/access\Extracted_Tables\iq__DS_correlatie_mixed.txt
2026-05-16 21:37:49,645 - storage.access_export - DEBUG - Access TXT file created: data/export/access\Extracted_Tables\iq__DS_correlatie_buisB.txt
2026-05-16 21:37:49,650 - storage.access_export - DEBUG - Access TXT file created: data/export/access\Extracted_Tables\geometry__slice_thickness_gt2mm.txt
2026-05-16 21:37:49,654 - storage.access_export - DEBUG - Access TXT file created: data/export/access\Extracted_Tables\geometry__slice_thickness_lt2mm.txt
2026-05-16 21:37:49,657 - storage.access_export - DEBUG - Access TXT file created: data/export/access\Extracted_Tables\protocols__adult.txt
2026-05-16 21:37:49,660 - storage.access_export - DEBUG - Access TXT file created: data/export/access\Extracted_Tables\protocols__pediatric.txt
2026-05-16 21:37:49,672 - storage.access_export - DEBUG - Access TXT file created: data/export/access\Metadata\Scalar_Records.txt
2026-05-16 21:37:49,677 - storage.access_export - DEBUG - Access TXT file created: data/export/access\Metadata\Named_Results.txt
2026-05-16 21:37:49,711 - storage.access_export - DEBUG - Access TXT file created: data/export/access\Metadata\Extracted_Fields.txt
2026-05-16 21:37:49,716 - storage.access_export - DEBUG - Access TXT file created: data/export/access\Metadata\Extraction_Metadata.txt
2026-05-16 21:37:49,717 - storage.access_export - INFO - Access export completed for QAVisit 269466
2026-05-16 21:37:49,803 - core.audit - INFO - [SUCCESS] Orchestrator.ProcessingComplete: File processed successfully | File: QC300_0524_01468CT-PETGE10.xlsm
2026-05-16 21:37:49,806 - core.audit - INFO - [INFO] Orchestrator.ProcessingStart: Start processing file | File: QC300_0524_01611CT-SPECTSymbiaBold4.xlsm
2026-05-16 21:37:49,807 - engine.extraction_engine - INFO - Extraction des donnees depuis: data/raw/Excel/QC300_0524_01611CT-SPECTSymbiaBold4.xlsm
2026-05-16 21:38:09,312 - engine.extraction_engine - INFO - Extraction terminee: 317 champs, 48 tables, 22 named results
2026-05-16 21:38:09,316 - models.qa_visit - WARNING - Utilisation QAID fallback: 289316
2026-05-16 21:38:09,317 - core.audit - INFO - [INFO] QAVisit.Created: QAVisit 289316 created successfully
2026-05-16 21:38:09,317 - models.qa_visit - INFO - QAVisit 289316 ready for HDF5 persistence
2026-05-16 21:38:09,321 - storage.access_export - DEBUG - Access TXT file created: data/export/access\Metadata\QAVisit.txt
2026-05-16 21:38:09,324 - storage.access_export - DEBUG - Access TXT file created: data/export/access\Extracted_Tables\meta__measurement_equipment.txt
2026-05-16 21:38:09,327 - storage.access_export - DEBUG - Access TXT file created: data/export/access\Extracted_Tables\tube_voltage__accuracy.txt
2026-05-16 21:38:09,329 - storage.access_export - DEBUG - Access TXT file created: data/export/access\Extracted_Tables\tube_voltage__reproducibility.txt
2026-05-16 21:38:09,333 - storage.access_export - DEBUG - Access TXT file created: data/export/access\Extracted_Tables\geometry__geometric_efficiency.txt
2026-05-16 21:38:09,336 - storage.access_export - DEBUG - Access TXT file created: data/export/access\Extracted_Tables\geometry__positioning_light.txt
2026-05-16 21:38:09,340 - storage.access_export - DEBUG - Access TXT file created: data/export/access\Extracted_Tables\geometry__table_travel.txt
2026-05-16 21:38:09,343 - storage.access_export - DEBUG - Access TXT file created: data/export/access\Extracted_Tables\geometry__overscan.txt
2026-05-16 21:38:09,349 - storage.access_export - DEBUG - Access TXT file created: data/export/access\Extracted_Tables\geometry__increment.txt
2026-05-16 21:38:09,352 - storage.access_export - DEBUG - Access TXT file created: data/export/access\Extracted_Tables\geometry__pixel_size.txt
2026-05-16 21:38:09,354 - storage.access_export - DEBUG - Access TXT file created: data/export/access\Extracted_Tables\geometry__circular_symmetry.txt
2026-05-16 21:38:09,356 - storage.access_export - DEBUG - Access TXT file created: data/export/access\Extracted_Tables\dose__CTDI32_reproducibility.txt
2026-05-16 21:38:09,358 - storage.access_export - DEBUG - Access TXT file created: data/export/access\Extracted_Tables\dose__CTDI32_kV.txt
2026-05-16 21:38:09,362 - storage.access_export - DEBUG - Access TXT file created: data/export/access\Extracted_Tables\dose__CTDI32_kV_deviation.txt
2026-05-16 21:38:09,364 - storage.access_export - DEBUG - Access TXT file created: data/export/access\Extracted_Tables\dose__CTDI32_collimation.txt
2026-05-16 21:38:09,367 - storage.access_export - DEBUG - Access TXT file created: data/export/access\Extracted_Tables\dose__CTDI32_linearity.txt
2026-05-16 21:38:09,369 - storage.access_export - DEBUG - Access TXT file created: data/export/access\Extracted_Tables\dose__CTDI32_linearity_iterative.txt
2026-05-16 21:38:09,371 - storage.access_export - DEBUG - Access TXT file created: data/export/access\Extracted_Tables\dose__CTDI32_verification_standard.txt
2026-05-16 21:38:09,374 - storage.access_export - DEBUG - Access TXT file created: data/export/access\Extracted_Tables\dose__CTDI32_verification_DS.txt
2026-05-16 21:38:09,376 - storage.access_export - DEBUG - Access TXT file created: data/export/access\Extracted_Tables\noise__detector_row.txt
2026-05-16 21:38:09,379 - storage.access_export - DEBUG - Access TXT file created: data/export/access\Extracted_Tables\tcm__z_dikte_tcm_aan.txt
2026-05-16 21:38:09,382 - storage.access_export - DEBUG - Access TXT file created: data/export/access\Extracted_Tables\tcm__z_dikte_tcm_af.txt
2026-05-16 21:38:09,385 - storage.access_export - DEBUG - Access TXT file created: data/export/access\Extracted_Tables\tcm__z_densiteit_tcm_aan.txt
2026-05-16 21:38:09,388 - storage.access_export - DEBUG - Access TXT file created: data/export/access\Extracted_Tables\tcm__z_densiteit_tcm_af.txt
2026-05-16 21:38:09,390 - storage.access_export - DEBUG - Access TXT file created: data/export/access\Extracted_Tables\dose__CTDI16_kV.txt
2026-05-16 21:38:09,392 - storage.access_export - DEBUG - Access TXT file created: data/export/access\Extracted_Tables\uniformiteit__summary_table.txt
2026-05-16 21:38:09,395 - storage.access_export - DEBUG - Access TXT file created: data/export/access\Extracted_Tables\CT_getal_lineair.txt
2026-05-16 21:38:09,397 - storage.access_export - DEBUG - Access TXT file created: data/export/access\Extracted_Tables\iq__DS_CT_getal_lineair_mixed.txt
2026-05-16 21:38:09,400 - storage.access_export - DEBUG - Access TXT file created: data/export/access\Extracted_Tables\iq__DS_CT_getal_lineair_buisB.txt
2026-05-16 21:38:09,403 - storage.access_export - DEBUG - Access TXT file created: data/export/access\Extracted_Tables\iq__DS_HU_water_lucht_mixed.txt
2026-05-16 21:38:09,406 - storage.access_export - DEBUG - Access TXT file created: data/export/access\Extracted_Tables\iq__DS_uniformiteit_mixed.txt
2026-05-16 21:38:09,408 - storage.access_export - DEBUG - Access TXT file created: data/export/access\Extracted_Tables\iq__DS_uniformiteit_mixed_summary.txt
2026-05-16 21:38:09,411 - storage.access_export - DEBUG - Access TXT file created: data/export/access\Extracted_Tables\iq__DS_uniformiteit_buisB.txt
2026-05-16 21:38:09,413 - storage.access_export - DEBUG - Access TXT file created: data/export/access\Extracted_Tables\iq__DS_uniformiteit_buisB_summary.txt
2026-05-16 21:38:09,416 - storage.access_export - DEBUG - Access TXT file created: data/export/access\Extracted_Tables\iq__DS_correlatie_mixed.txt
2026-05-16 21:38:09,419 - storage.access_export - DEBUG - Access TXT file created: data/export/access\Extracted_Tables\iq__DS_correlatie_buisB.txt
2026-05-16 21:38:09,422 - storage.access_export - DEBUG - Access TXT file created: data/export/access\Extracted_Tables\geometry__slice_thickness_gt2mm.txt
2026-05-16 21:38:09,424 - storage.access_export - DEBUG - Access TXT file created: data/export/access\Extracted_Tables\geometry__slice_thickness_lt2mm.txt
2026-05-16 21:38:09,426 - storage.access_export - DEBUG - Access TXT file created: data/export/access\Extracted_Tables\protocols__adult.txt
2026-05-16 21:38:09,429 - storage.access_export - DEBUG - Access TXT file created: data/export/access\Extracted_Tables\protocols__pediatric.txt
2026-05-16 21:38:09,436 - storage.access_export - DEBUG - Access TXT file created: data/export/access\Metadata\Scalar_Records.txt
2026-05-16 21:38:09,439 - storage.access_export - DEBUG - Access TXT file created: data/export/access\Metadata\Named_Results.txt
2026-05-16 21:38:09,460 - storage.access_export - DEBUG - Access TXT file created: data/export/access\Metadata\Extracted_Fields.txt
2026-05-16 21:38:09,463 - storage.access_export - DEBUG - Access TXT file created: data/export/access\Metadata\Extraction_Metadata.txt
2026-05-16 21:38:09,463 - storage.access_export - INFO - Access export completed for QAVisit 289316
2026-05-16 21:38:09,522 - core.audit - INFO - [SUCCESS] Orchestrator.ProcessingComplete: File processed successfully | File: QC300_0524_01611CT-SPECTSymbiaBold4.xlsm
2026-05-16 21:38:09,523 - core.audit - INFO - [INFO] Orchestrator.ProcessingStart: Start processing file | File: QC300_0624_01504CT-CT11.xlsm
2026-05-16 21:38:09,524 - engine.extraction_engine - INFO - Extraction des donnees depuis: data/raw/Excel/QC300_0624_01504CT-CT11.xlsm
2026-05-16 21:38:58,365 - engine.extraction_engine - INFO - Extraction terminee: 317 champs, 50 tables, 22 named results
2026-05-16 21:38:58,369 - models.qa_visit - WARNING - Utilisation QAID fallback: 338369
2026-05-16 21:38:58,369 - core.audit - INFO - [INFO] QAVisit.Created: QAVisit 338369 created successfully
2026-05-16 21:38:58,370 - models.qa_visit - INFO - QAVisit 338369 ready for HDF5 persistence
2026-05-16 21:38:58,373 - storage.access_export - DEBUG - Access TXT file created: data/export/access\Metadata\QAVisit.txt
2026-05-16 21:38:58,377 - storage.access_export - DEBUG - Access TXT file created: data/export/access\Extracted_Tables\meta__measurement_equipment.txt
2026-05-16 21:38:58,379 - storage.access_export - DEBUG - Access TXT file created: data/export/access\Extracted_Tables\tube_voltage__accuracy.txt
2026-05-16 21:38:58,381 - storage.access_export - DEBUG - Access TXT file created: data/export/access\Extracted_Tables\tube_voltage__reproducibility.txt
2026-05-16 21:38:58,384 - storage.access_export - DEBUG - Access TXT file created: data/export/access\Extracted_Tables\geometry__geometric_efficiency.txt
2026-05-16 21:38:58,386 - storage.access_export - DEBUG - Access TXT file created: data/export/access\Extracted_Tables\geometry__positioning_light.txt
2026-05-16 21:38:58,389 - storage.access_export - DEBUG - Access TXT file created: data/export/access\Extracted_Tables\geometry__table_travel.txt
2026-05-16 21:38:58,391 - storage.access_export - DEBUG - Access TXT file created: data/export/access\Extracted_Tables\geometry__overscan.txt
2026-05-16 21:38:58,394 - storage.access_export - DEBUG - Access TXT file created: data/export/access\Extracted_Tables\geometry__increment.txt
2026-05-16 21:38:58,396 - storage.access_export - DEBUG - Access TXT file created: data/export/access\Extracted_Tables\geometry__pixel_size.txt
2026-05-16 21:38:58,398 - storage.access_export - DEBUG - Access TXT file created: data/export/access\Extracted_Tables\geometry__circular_symmetry.txt
2026-05-16 21:38:58,401 - storage.access_export - DEBUG - Access TXT file created: data/export/access\Extracted_Tables\dose__CTDI32_reproducibility.txt
2026-05-16 21:38:58,404 - storage.access_export - DEBUG - Access TXT file created: data/export/access\Extracted_Tables\dose__CTDI32_kV.txt
2026-05-16 21:38:58,410 - storage.access_export - DEBUG - Access TXT file created: data/export/access\Extracted_Tables\dose__CTDI32_kV_deviation.txt
2026-05-16 21:38:58,413 - storage.access_export - DEBUG - Access TXT file created: data/export/access\Extracted_Tables\dose__CTDI32_collimation.txt
2026-05-16 21:38:58,415 - storage.access_export - DEBUG - Access TXT file created: data/export/access\Extracted_Tables\dose__CTDI32_linearity.txt
2026-05-16 21:38:58,417 - storage.access_export - DEBUG - Access TXT file created: data/export/access\Extracted_Tables\dose__CTDI32_linearity_iterative.txt
2026-05-16 21:38:58,421 - storage.access_export - DEBUG - Access TXT file created: data/export/access\Extracted_Tables\dose__CTDI32_verification_standard.txt
2026-05-16 21:38:58,423 - storage.access_export - DEBUG - Access TXT file created: data/export/access\Extracted_Tables\dose__CTDI32_verification_DS.txt
2026-05-16 21:38:58,425 - storage.access_export - DEBUG - Access TXT file created: data/export/access\Extracted_Tables\noise__detector_row.txt
2026-05-16 21:38:58,428 - storage.access_export - DEBUG - Access TXT file created: data/export/access\Extracted_Tables\tcm__z_dikte_tcm_aan.txt
2026-05-16 21:38:58,432 - storage.access_export - DEBUG - Access TXT file created: data/export/access\Extracted_Tables\tcm__z_dikte_tcm_af.txt
2026-05-16 21:38:58,437 - storage.access_export - DEBUG - Access TXT file created: data/export/access\Extracted_Tables\tcm__z_densiteit_tcm_aan.txt
2026-05-16 21:38:58,442 - storage.access_export - DEBUG - Access TXT file created: data/export/access\Extracted_Tables\tcm__z_densiteit_tcm_af.txt
2026-05-16 21:38:58,445 - storage.access_export - DEBUG - Access TXT file created: data/export/access\Extracted_Tables\dose__CTDI16_kV.txt
2026-05-16 21:38:58,447 - storage.access_export - DEBUG - Access TXT file created: data/export/access\Extracted_Tables\uniformiteit__summary_table.txt
2026-05-16 21:38:58,450 - storage.access_export - DEBUG - Access TXT file created: data/export/access\Extracted_Tables\CT_getal_lineair.txt
2026-05-16 21:38:58,453 - storage.access_export - DEBUG - Access TXT file created: data/export/access\Extracted_Tables\iq__DS_CT_getal_lineair_mixed.txt
2026-05-16 21:38:58,456 - storage.access_export - DEBUG - Access TXT file created: data/export/access\Extracted_Tables\iq__DS_CT_getal_lineair_buisB.txt
2026-05-16 21:38:58,459 - storage.access_export - DEBUG - Access TXT file created: data/export/access\Extracted_Tables\iq__DS_HU_water_lucht_mixed.txt
2026-05-16 21:38:58,461 - storage.access_export - DEBUG - Access TXT file created: data/export/access\Extracted_Tables\iq__DS_HU_water_lucht_buisB.txt
2026-05-16 21:38:58,464 - storage.access_export - DEBUG - Access TXT file created: data/export/access\Extracted_Tables\iq__DS_uniformiteit_mixed.txt
2026-05-16 21:38:58,467 - storage.access_export - DEBUG - Access TXT file created: data/export/access\Extracted_Tables\iq__DS_uniformiteit_mixed_summary.txt
2026-05-16 21:38:58,470 - storage.access_export - DEBUG - Access TXT file created: data/export/access\Extracted_Tables\iq__DS_uniformiteit_buisB.txt
2026-05-16 21:38:58,472 - storage.access_export - DEBUG - Access TXT file created: data/export/access\Extracted_Tables\iq__DS_uniformiteit_buisB_summary.txt
2026-05-16 21:38:58,475 - storage.access_export - DEBUG - Access TXT file created: data/export/access\Extracted_Tables\iq__DS_correlatie_mixed.txt
2026-05-16 21:38:58,477 - storage.access_export - DEBUG - Access TXT file created: data/export/access\Extracted_Tables\iq__DS_correlatie_buisB.txt
2026-05-16 21:38:58,480 - storage.access_export - DEBUG - Access TXT file created: data/export/access\Extracted_Tables\geometry__slice_thickness_gt2mm.txt
2026-05-16 21:38:58,482 - storage.access_export - DEBUG - Access TXT file created: data/export/access\Extracted_Tables\geometry__slice_thickness_lt2mm.txt
2026-05-16 21:38:58,485 - storage.access_export - DEBUG - Access TXT file created: data/export/access\Extracted_Tables\protocols__adult.txt
2026-05-16 21:38:58,487 - storage.access_export - DEBUG - Access TXT file created: data/export/access\Extracted_Tables\protocols__pediatric.txt
2026-05-16 21:38:58,493 - storage.access_export - DEBUG - Access TXT file created: data/export/access\Metadata\Scalar_Records.txt
2026-05-16 21:38:58,497 - storage.access_export - DEBUG - Access TXT file created: data/export/access\Metadata\Named_Results.txt
2026-05-16 21:38:58,519 - storage.access_export - DEBUG - Access TXT file created: data/export/access\Metadata\Extracted_Fields.txt
2026-05-16 21:38:58,522 - storage.access_export - DEBUG - Access TXT file created: data/export/access\Metadata\Extraction_Metadata.txt
2026-05-16 21:38:58,522 - storage.access_export - INFO - Access export completed for QAVisit 338369
2026-05-16 21:38:58,603 - core.audit - INFO - [SUCCESS] Orchestrator.ProcessingComplete: File processed successfully | File: QC300_0624_01504CT-CT11.xlsm
2026-05-16 21:38:58,604 - core.audit - INFO - [INFO] Orchestrator.ProcessingStart: Start processing file | File: QC300_0724_01014CT-CT13.xlsm
2026-05-16 21:38:58,605 - engine.extraction_engine - INFO - Extraction des donnees depuis: data/raw/Excel/QC300_0724_01014CT-CT13.xlsm
2026-05-16 21:39:18,557 - engine.extraction_engine - INFO - Extraction terminee: 317 champs, 48 tables, 22 named results
2026-05-16 21:39:18,563 - models.qa_visit - WARNING - Utilisation QAID fallback: 358563
2026-05-16 21:39:18,563 - core.audit - INFO - [INFO] QAVisit.Created: QAVisit 358563 created successfully
2026-05-16 21:39:18,564 - models.qa_visit - INFO - QAVisit 358563 ready for HDF5 persistence
2026-05-16 21:39:18,568 - storage.access_export - DEBUG - Access TXT file created: data/export/access\Metadata\QAVisit.txt
2026-05-16 21:39:18,572 - storage.access_export - DEBUG - Access TXT file created: data/export/access\Extracted_Tables\meta__measurement_equipment.txt
2026-05-16 21:39:18,575 - storage.access_export - DEBUG - Access TXT file created: data/export/access\Extracted_Tables\tube_voltage__accuracy.txt
2026-05-16 21:39:18,577 - storage.access_export - DEBUG - Access TXT file created: data/export/access\Extracted_Tables\tube_voltage__reproducibility.txt
2026-05-16 21:39:18,580 - storage.access_export - DEBUG - Access TXT file created: data/export/access\Extracted_Tables\geometry__geometric_efficiency.txt
2026-05-16 21:39:18,582 - storage.access_export - DEBUG - Access TXT file created: data/export/access\Extracted_Tables\geometry__positioning_light.txt
2026-05-16 21:39:18,584 - storage.access_export - DEBUG - Access TXT file created: data/export/access\Extracted_Tables\geometry__table_travel.txt
2026-05-16 21:39:18,587 - storage.access_export - DEBUG - Access TXT file created: data/export/access\Extracted_Tables\geometry__overscan.txt
2026-05-16 21:39:18,589 - storage.access_export - DEBUG - Access TXT file created: data/export/access\Extracted_Tables\geometry__increment.txt
2026-05-16 21:39:18,592 - storage.access_export - DEBUG - Access TXT file created: data/export/access\Extracted_Tables\geometry__pixel_size.txt
2026-05-16 21:39:18,597 - storage.access_export - DEBUG - Access TXT file created: data/export/access\Extracted_Tables\geometry__circular_symmetry.txt
2026-05-16 21:39:18,599 - storage.access_export - DEBUG - Access TXT file created: data/export/access\Extracted_Tables\dose__CTDI32_reproducibility.txt
2026-05-16 21:39:18,603 - storage.access_export - DEBUG - Access TXT file created: data/export/access\Extracted_Tables\dose__CTDI32_kV.txt
2026-05-16 21:39:18,607 - storage.access_export - DEBUG - Access TXT file created: data/export/access\Extracted_Tables\dose__CTDI32_kV_deviation.txt
2026-05-16 21:39:18,609 - storage.access_export - DEBUG - Access TXT file created: data/export/access\Extracted_Tables\dose__CTDI32_collimation.txt
2026-05-16 21:39:18,611 - storage.access_export - DEBUG - Access TXT file created: data/export/access\Extracted_Tables\dose__CTDI32_linearity.txt
2026-05-16 21:39:18,613 - storage.access_export - DEBUG - Access TXT file created: data/export/access\Extracted_Tables\dose__CTDI32_linearity_iterative.txt
2026-05-16 21:39:18,615 - storage.access_export - DEBUG - Access TXT file created: data/export/access\Extracted_Tables\dose__CTDI32_verification_standard.txt
2026-05-16 21:39:18,617 - storage.access_export - DEBUG - Access TXT file created: data/export/access\Extracted_Tables\dose__CTDI32_verification_DS.txt
2026-05-16 21:39:18,620 - storage.access_export - DEBUG - Access TXT file created: data/export/access\Extracted_Tables\noise__detector_row.txt
2026-05-16 21:39:18,628 - storage.access_export - DEBUG - Access TXT file created: data/export/access\Extracted_Tables\tcm__z_dikte_tcm_aan.txt
2026-05-16 21:39:18,631 - storage.access_export - DEBUG - Access TXT file created: data/export/access\Extracted_Tables\tcm__z_dikte_tcm_af.txt
2026-05-16 21:39:18,633 - storage.access_export - DEBUG - Access TXT file created: data/export/access\Extracted_Tables\dose__CTDI16_kV.txt
2026-05-16 21:39:18,636 - storage.access_export - DEBUG - Access TXT file created: data/export/access\Extracted_Tables\uniformiteit__summary_table.txt
2026-05-16 21:39:18,639 - storage.access_export - DEBUG - Access TXT file created: data/export/access\Extracted_Tables\CT_getal_lineair.txt
2026-05-16 21:39:18,643 - storage.access_export - DEBUG - Access TXT file created: data/export/access\Extracted_Tables\iq__DS_CT_getal_lineair_mixed.txt
2026-05-16 21:39:18,646 - storage.access_export - DEBUG - Access TXT file created: data/export/access\Extracted_Tables\iq__DS_CT_getal_lineair_buisB.txt
2026-05-16 21:39:18,648 - storage.access_export - DEBUG - Access TXT file created: data/export/access\Extracted_Tables\iq__DS_HU_water_lucht_mixed.txt
2026-05-16 21:39:18,652 - storage.access_export - DEBUG - Access TXT file created: data/export/access\Extracted_Tables\iq__DS_HU_water_lucht_buisB.txt
2026-05-16 21:39:18,656 - storage.access_export - DEBUG - Access TXT file created: data/export/access\Extracted_Tables\iq__DS_uniformiteit_mixed.txt
2026-05-16 21:39:18,659 - storage.access_export - DEBUG - Access TXT file created: data/export/access\Extracted_Tables\iq__DS_uniformiteit_mixed_summary.txt
2026-05-16 21:39:18,662 - storage.access_export - DEBUG - Access TXT file created: data/export/access\Extracted_Tables\iq__DS_uniformiteit_buisB.txt
2026-05-16 21:39:18,663 - storage.access_export - DEBUG - Access TXT file created: data/export/access\Extracted_Tables\iq__DS_uniformiteit_buisB_summary.txt
2026-05-16 21:39:18,666 - storage.access_export - DEBUG - Access TXT file created: data/export/access\Extracted_Tables\iq__DS_correlatie_mixed.txt
2026-05-16 21:39:18,669 - storage.access_export - DEBUG - Access TXT file created: data/export/access\Extracted_Tables\iq__DS_correlatie_buisB.txt
2026-05-16 21:39:18,672 - storage.access_export - DEBUG - Access TXT file created: data/export/access\Extracted_Tables\geometry__slice_thickness_gt2mm.txt
2026-05-16 21:39:18,675 - storage.access_export - DEBUG - Access TXT file created: data/export/access\Extracted_Tables\geometry__slice_thickness_lt2mm.txt
2026-05-16 21:39:18,677 - storage.access_export - DEBUG - Access TXT file created: data/export/access\Extracted_Tables\protocols__adult.txt
2026-05-16 21:39:18,679 - storage.access_export - DEBUG - Access TXT file created: data/export/access\Extracted_Tables\protocols__pediatric.txt
2026-05-16 21:39:18,687 - storage.access_export - DEBUG - Access TXT file created: data/export/access\Metadata\Scalar_Records.txt
2026-05-16 21:39:18,692 - storage.access_export - DEBUG - Access TXT file created: data/export/access\Metadata\Named_Results.txt
2026-05-16 21:39:18,714 - storage.access_export - DEBUG - Access TXT file created: data/export/access\Metadata\Extracted_Fields.txt
2026-05-16 21:39:18,717 - storage.access_export - DEBUG - Access TXT file created: data/export/access\Metadata\Extraction_Metadata.txt
2026-05-16 21:39:18,718 - storage.access_export - INFO - Access export completed for QAVisit 358563
2026-05-16 21:39:18,779 - core.audit - INFO - [SUCCESS] Orchestrator.ProcessingComplete: File processed successfully | File: QC300_0724_01014CT-CT13.xlsm
2026-05-16 21:39:18,780 - core.audit - INFO - [INFO] Orchestrator.ProcessingStart: Start processing file | File: QC300_0724_01705CT_CT16.xlsm
2026-05-16 21:39:18,780 - engine.extraction_engine - INFO - Extraction des donnees depuis: data/raw/Excel/QC300_0724_01705CT_CT16.xlsm
2026-05-16 21:39:49,139 - engine.extraction_engine - INFO - Extraction terminee: 317 champs, 48 tables, 22 named results
2026-05-16 21:39:49,143 - models.qa_visit - WARNING - Utilisation QAID fallback: 389143
2026-05-16 21:39:49,143 - core.audit - INFO - [INFO] QAVisit.Created: QAVisit 389143 created successfully
2026-05-16 21:39:49,144 - models.qa_visit - INFO - QAVisit 389143 ready for HDF5 persistence
2026-05-16 21:39:49,148 - storage.access_export - DEBUG - Access TXT file created: data/export/access\Metadata\QAVisit.txt
2026-05-16 21:39:49,151 - storage.access_export - DEBUG - Access TXT file created: data/export/access\Extracted_Tables\meta__measurement_equipment.txt
2026-05-16 21:39:49,153 - storage.access_export - DEBUG - Access TXT file created: data/export/access\Extracted_Tables\tube_voltage__accuracy.txt
2026-05-16 21:39:49,155 - storage.access_export - DEBUG - Access TXT file created: data/export/access\Extracted_Tables\tube_voltage__reproducibility.txt
2026-05-16 21:39:49,158 - storage.access_export - DEBUG - Access TXT file created: data/export/access\Extracted_Tables\geometry__geometric_efficiency.txt
2026-05-16 21:39:49,160 - storage.access_export - DEBUG - Access TXT file created: data/export/access\Extracted_Tables\geometry__positioning_light.txt
2026-05-16 21:39:49,162 - storage.access_export - DEBUG - Access TXT file created: data/export/access\Extracted_Tables\geometry__table_travel.txt
2026-05-16 21:39:49,164 - storage.access_export - DEBUG - Access TXT file created: data/export/access\Extracted_Tables\geometry__overscan.txt
2026-05-16 21:39:49,166 - storage.access_export - DEBUG - Access TXT file created: data/export/access\Extracted_Tables\geometry__increment.txt
2026-05-16 21:39:49,168 - storage.access_export - DEBUG - Access TXT file created: data/export/access\Extracted_Tables\geometry__pixel_size.txt
2026-05-16 21:39:49,172 - storage.access_export - DEBUG - Access TXT file created: data/export/access\Extracted_Tables\geometry__circular_symmetry.txt
2026-05-16 21:39:49,175 - storage.access_export - DEBUG - Access TXT file created: data/export/access\Extracted_Tables\dose__CTDI32_reproducibility.txt
2026-05-16 21:39:49,179 - storage.access_export - DEBUG - Access TXT file created: data/export/access\Extracted_Tables\dose__CTDI32_kV.txt
2026-05-16 21:39:49,182 - storage.access_export - DEBUG - Access TXT file created: data/export/access\Extracted_Tables\dose__CTDI32_kV_deviation.txt
2026-05-16 21:39:49,185 - storage.access_export - DEBUG - Access TXT file created: data/export/access\Extracted_Tables\dose__CTDI32_collimation.txt
2026-05-16 21:39:49,188 - storage.access_export - DEBUG - Access TXT file created: data/export/access\Extracted_Tables\dose__CTDI32_linearity.txt
2026-05-16 21:39:49,190 - storage.access_export - DEBUG - Access TXT file created: data/export/access\Extracted_Tables\dose__CTDI32_linearity_iterative.txt
2026-05-16 21:39:49,192 - storage.access_export - DEBUG - Access TXT file created: data/export/access\Extracted_Tables\dose__CTDI32_verification_standard.txt
2026-05-16 21:39:49,193 - storage.access_export - DEBUG - Access TXT file created: data/export/access\Extracted_Tables\dose__CTDI32_verification_DS.txt
2026-05-16 21:39:49,196 - storage.access_export - DEBUG - Access TXT file created: data/export/access\Extracted_Tables\noise__detector_row.txt
2026-05-16 21:39:49,202 - storage.access_export - DEBUG - Access TXT file created: data/export/access\Extracted_Tables\tcm__z_dikte_tcm_aan.txt
2026-05-16 21:39:49,208 - storage.access_export - DEBUG - Access TXT file created: data/export/access\Extracted_Tables\tcm__z_dikte_tcm_af.txt
2026-05-16 21:39:49,213 - storage.access_export - DEBUG - Access TXT file created: data/export/access\Extracted_Tables\tcm__z_densiteit_tcm_aan.txt
2026-05-16 21:39:49,216 - storage.access_export - DEBUG - Access TXT file created: data/export/access\Extracted_Tables\tcm__z_densiteit_tcm_af.txt
2026-05-16 21:39:49,218 - storage.access_export - DEBUG - Access TXT file created: data/export/access\Extracted_Tables\dose__CTDI16_kV.txt
2026-05-16 21:39:49,222 - storage.access_export - DEBUG - Access TXT file created: data/export/access\Extracted_Tables\uniformiteit__summary_table.txt
2026-05-16 21:39:49,225 - storage.access_export - DEBUG - Access TXT file created: data/export/access\Extracted_Tables\CT_getal_lineair.txt
2026-05-16 21:39:49,228 - storage.access_export - DEBUG - Access TXT file created: data/export/access\Extracted_Tables\iq__DS_CT_getal_lineair_mixed.txt
2026-05-16 21:39:49,232 - storage.access_export - DEBUG - Access TXT file created: data/export/access\Extracted_Tables\iq__DS_CT_getal_lineair_buisB.txt
2026-05-16 21:39:49,236 - storage.access_export - DEBUG - Access TXT file created: data/export/access\Extracted_Tables\iq__DS_HU_water_lucht_mixed.txt
2026-05-16 21:39:49,239 - storage.access_export - DEBUG - Access TXT file created: data/export/access\Extracted_Tables\iq__DS_uniformiteit_mixed.txt
2026-05-16 21:39:49,242 - storage.access_export - DEBUG - Access TXT file created: data/export/access\Extracted_Tables\iq__DS_uniformiteit_mixed_summary.txt
2026-05-16 21:39:49,245 - storage.access_export - DEBUG - Access TXT file created: data/export/access\Extracted_Tables\iq__DS_uniformiteit_buisB.txt
2026-05-16 21:39:49,247 - storage.access_export - DEBUG - Access TXT file created: data/export/access\Extracted_Tables\iq__DS_uniformiteit_buisB_summary.txt
2026-05-16 21:39:49,250 - storage.access_export - DEBUG - Access TXT file created: data/export/access\Extracted_Tables\iq__DS_correlatie_mixed.txt
2026-05-16 21:39:49,253 - storage.access_export - DEBUG - Access TXT file created: data/export/access\Extracted_Tables\iq__DS_correlatie_buisB.txt
2026-05-16 21:39:49,255 - storage.access_export - DEBUG - Access TXT file created: data/export/access\Extracted_Tables\geometry__slice_thickness_gt2mm.txt
2026-05-16 21:39:49,258 - storage.access_export - DEBUG - Access TXT file created: data/export/access\Extracted_Tables\geometry__slice_thickness_lt2mm.txt
2026-05-16 21:39:49,260 - storage.access_export - DEBUG - Access TXT file created: data/export/access\Extracted_Tables\protocols__adult.txt
2026-05-16 21:39:49,262 - storage.access_export - DEBUG - Access TXT file created: data/export/access\Extracted_Tables\protocols__pediatric.txt
2026-05-16 21:39:49,270 - storage.access_export - DEBUG - Access TXT file created: data/export/access\Metadata\Scalar_Records.txt
2026-05-16 21:39:49,275 - storage.access_export - DEBUG - Access TXT file created: data/export/access\Metadata\Named_Results.txt
2026-05-16 21:39:49,296 - storage.access_export - DEBUG - Access TXT file created: data/export/access\Metadata\Extracted_Fields.txt
2026-05-16 21:39:49,300 - storage.access_export - DEBUG - Access TXT file created: data/export/access\Metadata\Extraction_Metadata.txt
2026-05-16 21:39:49,300 - storage.access_export - INFO - Access export completed for QAVisit 389143
2026-05-16 21:39:49,373 - core.audit - INFO - [SUCCESS] Orchestrator.ProcessingComplete: File processed successfully | File: QC300_0724_01705CT_CT16.xlsm
2026-05-16 21:39:49,374 - core.audit - INFO - [INFO] Orchestrator.ProcessingStart: Start processing file | File: QC300_0924_01979CT-PETCT9.xlsm
2026-05-16 21:39:49,375 - engine.extraction_engine - INFO - Extraction des donnees depuis: data/raw/Excel/QC300_0924_01979CT-PETCT9.xlsm
2026-05-16 21:40:06,228 - engine.extraction_engine - INFO - Extraction terminee: 317 champs, 48 tables, 22 named results
2026-05-16 21:40:06,232 - models.qa_visit - WARNING - Utilisation QAID fallback: 406232
2026-05-16 21:40:06,232 - core.audit - INFO - [INFO] QAVisit.Created: QAVisit 406232 created successfully
2026-05-16 21:40:06,233 - models.qa_visit - INFO - QAVisit 406232 ready for HDF5 persistence
2026-05-16 21:40:06,237 - storage.access_export - DEBUG - Access TXT file created: data/export/access\Metadata\QAVisit.txt
2026-05-16 21:40:06,239 - storage.access_export - DEBUG - Access TXT file created: data/export/access\Extracted_Tables\meta__measurement_equipment.txt
2026-05-16 21:40:06,241 - storage.access_export - DEBUG - Access TXT file created: data/export/access\Extracted_Tables\tube_voltage__accuracy.txt
2026-05-16 21:40:06,243 - storage.access_export - DEBUG - Access TXT file created: data/export/access\Extracted_Tables\tube_voltage__reproducibility.txt
2026-05-16 21:40:06,246 - storage.access_export - DEBUG - Access TXT file created: data/export/access\Extracted_Tables\geometry__geometric_efficiency.txt
2026-05-16 21:40:06,248 - storage.access_export - DEBUG - Access TXT file created: data/export/access\Extracted_Tables\geometry__positioning_light.txt
2026-05-16 21:40:06,252 - storage.access_export - DEBUG - Access TXT file created: data/export/access\Extracted_Tables\geometry__table_travel.txt
2026-05-16 21:40:06,255 - storage.access_export - DEBUG - Access TXT file created: data/export/access\Extracted_Tables\geometry__overscan.txt
2026-05-16 21:40:06,260 - storage.access_export - DEBUG - Access TXT file created: data/export/access\Extracted_Tables\geometry__increment.txt
2026-05-16 21:40:06,263 - storage.access_export - DEBUG - Access TXT file created: data/export/access\Extracted_Tables\geometry__pixel_size.txt
2026-05-16 21:40:06,269 - storage.access_export - DEBUG - Access TXT file created: data/export/access\Extracted_Tables\geometry__circular_symmetry.txt
2026-05-16 21:40:06,273 - storage.access_export - DEBUG - Access TXT file created: data/export/access\Extracted_Tables\dose__CTDI32_reproducibility.txt
2026-05-16 21:40:06,276 - storage.access_export - DEBUG - Access TXT file created: data/export/access\Extracted_Tables\dose__CTDI32_kV.txt
2026-05-16 21:40:06,279 - storage.access_export - DEBUG - Access TXT file created: data/export/access\Extracted_Tables\dose__CTDI32_kV_deviation.txt
2026-05-16 21:40:06,283 - storage.access_export - DEBUG - Access TXT file created: data/export/access\Extracted_Tables\dose__CTDI32_collimation.txt
2026-05-16 21:40:06,286 - storage.access_export - DEBUG - Access TXT file created: data/export/access\Extracted_Tables\dose__CTDI32_linearity.txt
2026-05-16 21:40:06,289 - storage.access_export - DEBUG - Access TXT file created: data/export/access\Extracted_Tables\dose__CTDI32_linearity_iterative.txt
2026-05-16 21:40:06,291 - storage.access_export - DEBUG - Access TXT file created: data/export/access\Extracted_Tables\dose__CTDI32_verification_standard.txt
2026-05-16 21:40:06,294 - storage.access_export - DEBUG - Access TXT file created: data/export/access\Extracted_Tables\dose__CTDI32_verification_DS.txt
2026-05-16 21:40:06,298 - storage.access_export - DEBUG - Access TXT file created: data/export/access\Extracted_Tables\noise__detector_row.txt
2026-05-16 21:40:06,301 - storage.access_export - DEBUG - Access TXT file created: data/export/access\Extracted_Tables\tcm__z_dikte_tcm_aan.txt
2026-05-16 21:40:06,304 - storage.access_export - DEBUG - Access TXT file created: data/export/access\Extracted_Tables\tcm__z_dikte_tcm_af.txt
2026-05-16 21:40:06,307 - storage.access_export - DEBUG - Access TXT file created: data/export/access\Extracted_Tables\tcm__z_densiteit_tcm_aan.txt
2026-05-16 21:40:06,310 - storage.access_export - DEBUG - Access TXT file created: data/export/access\Extracted_Tables\tcm__z_densiteit_tcm_af.txt
2026-05-16 21:40:06,313 - storage.access_export - DEBUG - Access TXT file created: data/export/access\Extracted_Tables\dose__CTDI16_kV.txt
2026-05-16 21:40:06,316 - storage.access_export - DEBUG - Access TXT file created: data/export/access\Extracted_Tables\uniformiteit__summary_table.txt
2026-05-16 21:40:06,319 - storage.access_export - DEBUG - Access TXT file created: data/export/access\Extracted_Tables\CT_getal_lineair.txt
2026-05-16 21:40:06,322 - storage.access_export - DEBUG - Access TXT file created: data/export/access\Extracted_Tables\iq__DS_CT_getal_lineair_mixed.txt
2026-05-16 21:40:06,325 - storage.access_export - DEBUG - Access TXT file created: data/export/access\Extracted_Tables\iq__DS_CT_getal_lineair_buisB.txt
2026-05-16 21:40:06,329 - storage.access_export - DEBUG - Access TXT file created: data/export/access\Extracted_Tables\iq__DS_HU_water_lucht_mixed.txt
2026-05-16 21:40:06,332 - storage.access_export - DEBUG - Access TXT file created: data/export/access\Extracted_Tables\iq__DS_uniformiteit_mixed.txt
2026-05-16 21:40:06,335 - storage.access_export - DEBUG - Access TXT file created: data/export/access\Extracted_Tables\iq__DS_uniformiteit_mixed_summary.txt
2026-05-16 21:40:06,337 - storage.access_export - DEBUG - Access TXT file created: data/export/access\Extracted_Tables\iq__DS_uniformiteit_buisB.txt
2026-05-16 21:40:06,340 - storage.access_export - DEBUG - Access TXT file created: data/export/access\Extracted_Tables\iq__DS_uniformiteit_buisB_summary.txt
2026-05-16 21:40:06,342 - storage.access_export - DEBUG - Access TXT file created: data/export/access\Extracted_Tables\iq__DS_correlatie_mixed.txt
2026-05-16 21:40:06,345 - storage.access_export - DEBUG - Access TXT file created: data/export/access\Extracted_Tables\iq__DS_correlatie_buisB.txt
2026-05-16 21:40:06,348 - storage.access_export - DEBUG - Access TXT file created: data/export/access\Extracted_Tables\geometry__slice_thickness_gt2mm.txt
2026-05-16 21:40:06,350 - storage.access_export - DEBUG - Access TXT file created: data/export/access\Extracted_Tables\geometry__slice_thickness_lt2mm.txt
2026-05-16 21:40:06,352 - storage.access_export - DEBUG - Access TXT file created: data/export/access\Extracted_Tables\protocols__adult.txt
2026-05-16 21:40:06,354 - storage.access_export - DEBUG - Access TXT file created: data/export/access\Extracted_Tables\protocols__pediatric.txt
2026-05-16 21:40:06,360 - storage.access_export - DEBUG - Access TXT file created: data/export/access\Metadata\Scalar_Records.txt
2026-05-16 21:40:06,364 - storage.access_export - DEBUG - Access TXT file created: data/export/access\Metadata\Named_Results.txt
2026-05-16 21:40:06,388 - storage.access_export - DEBUG - Access TXT file created: data/export/access\Metadata\Extracted_Fields.txt
2026-05-16 21:40:06,390 - storage.access_export - DEBUG - Access TXT file created: data/export/access\Metadata\Extraction_Metadata.txt
2026-05-16 21:40:06,391 - storage.access_export - INFO - Access export completed for QAVisit 406232
2026-05-16 21:40:06,450 - core.audit - INFO - [SUCCESS] Orchestrator.ProcessingComplete: File processed successfully | File: QC300_0924_01979CT-PETCT9.xlsm
2026-05-16 21:40:06,452 - core.audit - INFO - [INFO] Orchestrator.ProcessingStart: Start processing file | File: QC300_1024_01835CT-CT14 .xlsm
2026-05-16 21:40:06,453 - engine.extraction_engine - INFO - Extraction des donnees depuis: data/raw/Excel/QC300_1024_01835CT-CT14 .xlsm
2026-05-16 21:40:22,004 - engine.extraction_engine - INFO - Extraction terminee: 169 champs, 41 tables, 18 named results
2026-05-16 21:40:22,008 - models.qa_visit - WARNING - Utilisation QAID fallback: 422008
2026-05-16 21:40:22,008 - core.audit - INFO - [INFO] QAVisit.Created: QAVisit 422008 created successfully
2026-05-16 21:40:22,009 - models.qa_visit - INFO - QAVisit 422008 ready for HDF5 persistence
2026-05-16 21:40:22,012 - storage.access_export - DEBUG - Access TXT file created: data/export/access\Metadata\QAVisit.txt
2026-05-16 21:40:22,015 - storage.access_export - DEBUG - Access TXT file created: data/export/access\Extracted_Tables\meta__measurement_equipment.txt
2026-05-16 21:40:22,017 - storage.access_export - DEBUG - Access TXT file created: data/export/access\Extracted_Tables\tube_voltage__accuracy.txt
2026-05-16 21:40:22,019 - storage.access_export - DEBUG - Access TXT file created: data/export/access\Extracted_Tables\tube_voltage__reproducibility.txt
2026-05-16 21:40:22,021 - storage.access_export - DEBUG - Access TXT file created: data/export/access\Extracted_Tables\geometry__geometric_efficiency.txt
2026-05-16 21:40:22,023 - storage.access_export - DEBUG - Access TXT file created: data/export/access\Extracted_Tables\geometry__positioning_light.txt
2026-05-16 21:40:22,025 - storage.access_export - DEBUG - Access TXT file created: data/export/access\Extracted_Tables\geometry__table_travel.txt
2026-05-16 21:40:22,028 - storage.access_export - DEBUG - Access TXT file created: data/export/access\Extracted_Tables\geometry__overscan.txt
2026-05-16 21:40:22,030 - storage.access_export - DEBUG - Access TXT file created: data/export/access\Extracted_Tables\geometry__increment.txt
2026-05-16 21:40:22,034 - storage.access_export - DEBUG - Access TXT file created: data/export/access\Extracted_Tables\geometry__pixel_size.txt
2026-05-16 21:40:22,041 - storage.access_export - DEBUG - Access TXT file created: data/export/access\Extracted_Tables\geometry__circular_symmetry.txt
2026-05-16 21:40:22,044 - storage.access_export - DEBUG - Access TXT file created: data/export/access\Extracted_Tables\dose__CTDI32_reproducibility.txt
2026-05-16 21:40:22,047 - storage.access_export - DEBUG - Access TXT file created: data/export/access\Extracted_Tables\dose__CTDI32_kV.txt
2026-05-16 21:40:22,049 - storage.access_export - DEBUG - Access TXT file created: data/export/access\Extracted_Tables\dose__CTDI32_kV_deviation.txt
2026-05-16 21:40:22,052 - storage.access_export - DEBUG - Access TXT file created: data/export/access\Extracted_Tables\dose__CTDI32_collimation.txt
2026-05-16 21:40:22,054 - storage.access_export - DEBUG - Access TXT file created: data/export/access\Extracted_Tables\dose__CTDI32_linearity.txt
2026-05-16 21:40:22,056 - storage.access_export - DEBUG - Access TXT file created: data/export/access\Extracted_Tables\dose__CTDI32_linearity_iterative.txt
2026-05-16 21:40:22,059 - storage.access_export - DEBUG - Access TXT file created: data/export/access\Extracted_Tables\dose__CTDI32_verification_standard.txt
2026-05-16 21:40:22,062 - storage.access_export - DEBUG - Access TXT file created: data/export/access\Extracted_Tables\dose__CTDI32_verification_DS.txt
2026-05-16 21:40:22,068 - storage.access_export - DEBUG - Access TXT file created: data/export/access\Extracted_Tables\noise__detector_row.txt
2026-05-16 21:40:22,072 - storage.access_export - DEBUG - Access TXT file created: data/export/access\Extracted_Tables\tcm__z_dikte_tcm_aan.txt
2026-05-16 21:40:22,074 - storage.access_export - DEBUG - Access TXT file created: data/export/access\Extracted_Tables\tcm__z_dikte_tcm_af.txt
2026-05-16 21:40:22,077 - storage.access_export - DEBUG - Access TXT file created: data/export/access\Extracted_Tables\tcm__z_densiteit_tcm_aan.txt
2026-05-16 21:40:22,080 - storage.access_export - DEBUG - Access TXT file created: data/export/access\Extracted_Tables\tcm__z_densiteit_tcm_af.txt
2026-05-16 21:40:22,083 - storage.access_export - DEBUG - Access TXT file created: data/export/access\Extracted_Tables\dose__CTDI16_kV.txt
2026-05-16 21:40:22,086 - storage.access_export - DEBUG - Access TXT file created: data/export/access\Extracted_Tables\iq__DS_CT_getal_lineair_mixed.txt
2026-05-16 21:40:22,088 - storage.access_export - DEBUG - Access TXT file created: data/export/access\Extracted_Tables\iq__DS_CT_getal_lineair_buisB.txt
2026-05-16 21:40:22,091 - storage.access_export - DEBUG - Access TXT file created: data/export/access\Extracted_Tables\iq__DS_HU_water_lucht_mixed.txt
2026-05-16 21:40:22,095 - storage.access_export - DEBUG - Access TXT file created: data/export/access\Extracted_Tables\iq__DS_HU_water_lucht_buisB.txt
2026-05-16 21:40:22,097 - storage.access_export - DEBUG - Access TXT file created: data/export/access\Extracted_Tables\iq__DS_uniformiteit_mixed.txt
2026-05-16 21:40:22,100 - storage.access_export - DEBUG - Access TXT file created: data/export/access\Extracted_Tables\iq__DS_uniformiteit_buisB_summary.txt
2026-05-16 21:40:22,103 - storage.access_export - DEBUG - Access TXT file created: data/export/access\Extracted_Tables\iq__DS_correlatie_mixed.txt
2026-05-16 21:40:22,105 - storage.access_export - DEBUG - Access TXT file created: data/export/access\Extracted_Tables\geometry__slice_thickness_gt2mm.txt
2026-05-16 21:40:22,107 - storage.access_export - DEBUG - Access TXT file created: data/export/access\Extracted_Tables\geometry__slice_thickness_lt2mm.txt
2026-05-16 21:40:22,110 - storage.access_export - DEBUG - Access TXT file created: data/export/access\Extracted_Tables\protocols__adult.txt
2026-05-16 21:40:22,112 - storage.access_export - DEBUG - Access TXT file created: data/export/access\Extracted_Tables\protocols__pediatric.txt
2026-05-16 21:40:22,118 - storage.access_export - DEBUG - Access TXT file created: data/export/access\Metadata\Scalar_Records.txt
2026-05-16 21:40:22,121 - storage.access_export - DEBUG - Access TXT file created: data/export/access\Metadata\Named_Results.txt
2026-05-16 21:40:22,168 - storage.access_export - DEBUG - Access TXT file created: data/export/access\Metadata\Extracted_Fields.txt
2026-05-16 21:40:22,171 - storage.access_export - DEBUG - Access TXT file created: data/export/access\Metadata\Extraction_Metadata.txt
2026-05-16 21:40:22,171 - storage.access_export - INFO - Access export completed for QAVisit 422008
2026-05-16 21:40:22,227 - core.audit - INFO - [SUCCESS] Orchestrator.ProcessingComplete: File processed successfully | File: QC300_1024_01835CT-CT14 .xlsm
2026-05-16 21:40:22,230 - core.audit - INFO - [INFO] Orchestrator.BatchComplete: Batch processing completed
2026-05-16 21:40:22,261 - storage.hdf5_store - DEBUG - Table AuditTrail saved (31 rows)
2026-05-16 21:40:22,262 - core.audit - INFO - Audit data exported to HDF5: 31 events
2026-05-16 21:40:22,268 - storage.hdf5_store - INFO - HDF5 store closed
2026-05-16 22:10:51,362 - core.selector - INFO - TemplateSelector initialisé - template unique: ctqc_base
2026-05-16 22:10:51,364 - core.audit - INFO - [INFO] Orchestrator.ProcessingStart: Start processing file | File: QC300_1024_01835CT-CT14 .xlsm
2026-05-16 22:10:51,590 - core.sidecar - INFO - Sidecar loaded: ctqc_base (version: 6.8)
2026-05-16 22:10:51,590 - engine.extraction_engine - INFO - Extraction des donnees depuis: data/raw/Excel/QC300_1024_01835CT-CT14 .xlsm
2026-05-16 22:11:08,024 - engine.extraction_engine - INFO - Extraction terminee: 169 champs, 41 tables, 18 named results
2026-05-16 22:11:08,029 - models.qa_visit - WARNING - Utilisation QAID fallback: 268029
2026-05-16 22:11:08,029 - core.audit - INFO - [INFO] QAVisit.Created: QAVisit 268029 created successfully
2026-05-16 22:11:08,029 - models.qa_visit - INFO - QAVisit 268029 ready for HDF5 persistence
2026-05-16 22:11:08,041 - storage.access_export - DEBUG - Access TXT file created: data/export/access\Metadata\QAVisit.txt
2026-05-16 22:11:08,045 - storage.access_export - DEBUG - Access TXT file created: data/export/access\Extracted_Tables\meta__measurement_equipment.txt
2026-05-16 22:11:08,048 - storage.access_export - DEBUG - Access TXT file created: data/export/access\Extracted_Tables\tube_voltage__accuracy.txt
2026-05-16 22:11:08,052 - storage.access_export - DEBUG - Access TXT file created: data/export/access\Extracted_Tables\tube_voltage__reproducibility.txt
2026-05-16 22:11:08,062 - storage.access_export - DEBUG - Access TXT file created: data/export/access\Extracted_Tables\geometry__geometric_efficiency.txt
2026-05-16 22:11:08,068 - storage.access_export - DEBUG - Access TXT file created: data/export/access\Extracted_Tables\geometry__positioning_light.txt
2026-05-16 22:11:08,073 - storage.access_export - DEBUG - Access TXT file created: data/export/access\Extracted_Tables\geometry__table_travel.txt
2026-05-16 22:11:08,077 - storage.access_export - DEBUG - Access TXT file created: data/export/access\Extracted_Tables\geometry__overscan.txt
2026-05-16 22:11:08,079 - storage.access_export - DEBUG - Access TXT file created: data/export/access\Extracted_Tables\geometry__increment.txt
2026-05-16 22:11:08,083 - storage.access_export - DEBUG - Access TXT file created: data/export/access\Extracted_Tables\geometry__pixel_size.txt
2026-05-16 22:11:08,088 - storage.access_export - DEBUG - Access TXT file created: data/export/access\Extracted_Tables\geometry__circular_symmetry.txt
2026-05-16 22:11:08,092 - storage.access_export - DEBUG - Access TXT file created: data/export/access\Extracted_Tables\dose__CTDI32_reproducibility.txt
2026-05-16 22:11:08,094 - storage.access_export - DEBUG - Access TXT file created: data/export/access\Extracted_Tables\dose__CTDI32_kV.txt
2026-05-16 22:11:08,098 - storage.access_export - DEBUG - Access TXT file created: data/export/access\Extracted_Tables\dose__CTDI32_kV_deviation.txt
2026-05-16 22:11:08,102 - storage.access_export - DEBUG - Access TXT file created: data/export/access\Extracted_Tables\dose__CTDI32_collimation.txt
2026-05-16 22:11:08,105 - storage.access_export - DEBUG - Access TXT file created: data/export/access\Extracted_Tables\dose__CTDI32_linearity.txt
2026-05-16 22:11:08,108 - storage.access_export - DEBUG - Access TXT file created: data/export/access\Extracted_Tables\dose__CTDI32_linearity_iterative.txt
2026-05-16 22:11:08,111 - storage.access_export - DEBUG - Access TXT file created: data/export/access\Extracted_Tables\dose__CTDI32_verification_standard.txt
2026-05-16 22:11:08,115 - storage.access_export - DEBUG - Access TXT file created: data/export/access\Extracted_Tables\dose__CTDI32_verification_DS.txt
2026-05-16 22:11:08,120 - storage.access_export - DEBUG - Access TXT file created: data/export/access\Extracted_Tables\noise__detector_row.txt
2026-05-16 22:11:08,123 - storage.access_export - DEBUG - Access TXT file created: data/export/access\Extracted_Tables\tcm__z_dikte_tcm_aan.txt
2026-05-16 22:11:08,127 - storage.access_export - DEBUG - Access TXT file created: data/export/access\Extracted_Tables\tcm__z_dikte_tcm_af.txt
2026-05-16 22:11:08,130 - storage.access_export - DEBUG - Access TXT file created: data/export/access\Extracted_Tables\tcm__z_densiteit_tcm_aan.txt
2026-05-16 22:11:08,134 - storage.access_export - DEBUG - Access TXT file created: data/export/access\Extracted_Tables\tcm__z_densiteit_tcm_af.txt
2026-05-16 22:11:08,138 - storage.access_export - DEBUG - Access TXT file created: data/export/access\Extracted_Tables\dose__CTDI16_kV.txt
2026-05-16 22:11:08,143 - storage.access_export - DEBUG - Access TXT file created: data/export/access\Extracted_Tables\iq__DS_CT_getal_lineair_mixed.txt
2026-05-16 22:11:08,147 - storage.access_export - DEBUG - Access TXT file created: data/export/access\Extracted_Tables\iq__DS_CT_getal_lineair_buisB.txt
2026-05-16 22:11:08,150 - storage.access_export - DEBUG - Access TXT file created: data/export/access\Extracted_Tables\iq__DS_HU_water_lucht_mixed.txt
2026-05-16 22:11:08,154 - storage.access_export - DEBUG - Access TXT file created: data/export/access\Extracted_Tables\iq__DS_HU_water_lucht_buisB.txt
2026-05-16 22:11:08,157 - storage.access_export - DEBUG - Access TXT file created: data/export/access\Extracted_Tables\iq__DS_uniformiteit_mixed.txt
2026-05-16 22:11:08,161 - storage.access_export - DEBUG - Access TXT file created: data/export/access\Extracted_Tables\iq__DS_uniformiteit_buisB_summary.txt
2026-05-16 22:11:08,164 - storage.access_export - DEBUG - Access TXT file created: data/export/access\Extracted_Tables\iq__DS_correlatie_mixed.txt
2026-05-16 22:11:08,168 - storage.access_export - DEBUG - Access TXT file created: data/export/access\Extracted_Tables\geometry__slice_thickness_gt2mm.txt
2026-05-16 22:11:08,171 - storage.access_export - DEBUG - Access TXT file created: data/export/access\Extracted_Tables\geometry__slice_thickness_lt2mm.txt
2026-05-16 22:11:08,174 - storage.access_export - DEBUG - Access TXT file created: data/export/access\Extracted_Tables\protocols__adult.txt
2026-05-16 22:11:08,176 - storage.access_export - DEBUG - Access TXT file created: data/export/access\Extracted_Tables\protocols__pediatric.txt
2026-05-16 22:11:08,183 - storage.access_export - DEBUG - Access TXT file created: data/export/access\Metadata\Scalar_Records.txt
2026-05-16 22:11:08,188 - storage.access_export - DEBUG - Access TXT file created: data/export/access\Metadata\Named_Results.txt
2026-05-16 22:11:08,204 - storage.access_export - DEBUG - Access TXT file created: data/export/access\Metadata\Extracted_Fields.txt
2026-05-16 22:11:08,207 - storage.access_export - DEBUG - Access TXT file created: data/export/access\Metadata\Extraction_Metadata.txt
2026-05-16 22:11:08,207 - storage.access_export - INFO - Access export completed for QAVisit 268029
2026-05-16 22:11:08,260 - core.audit - INFO - [SUCCESS] Orchestrator.ProcessingComplete: File processed successfully | File: QC300_1024_01835CT-CT14 .xlsm
2026-05-16 22:11:08,265 - storage.hdf5_store - INFO - HDF5 store closed
2026-05-16 22:45:08,542 - core.selector - INFO - TemplateSelector initialisé - template unique: ctqc_base
2026-05-16 22:45:08,542 - core.audit - INFO - [INFO] Orchestrator.ProcessingStart: Start processing file | File: QC300_0624_01504CT-CT11.xlsm
2026-05-16 22:45:08,767 - core.sidecar - INFO - Sidecar loaded: ctqc_base (version: 6.8)
2026-05-16 22:45:08,767 - engine.extraction_engine - INFO - Extraction des donnees depuis: data/raw/Excel/QC300_0624_01504CT-CT11.xlsm
2026-05-16 22:45:58,898 - engine.extraction_engine - INFO - Extraction terminee: 317 champs, 50 tables, 22 named results
2026-05-16 22:45:58,903 - models.qa_visit - WARNING - Utilisation QAID fallback: 358903
2026-05-16 22:45:58,903 - models.qa_visit - WARNING - Reference table Linktable is missing or has no Qampr column
2026-05-16 22:45:58,904 - core.audit - WARNING - [WARNING] QAVisit.ReferenceResolutionSkipped: Reference table Linktable is missing or has no Qampr column
2026-05-16 22:45:58,904 - core.audit - INFO - [INFO] QAVisit.Created: QAVisit 358903 created successfully
2026-05-16 22:45:58,904 - models.qa_visit - INFO - QAVisit 358903 ready for HDF5 persistence
2026-05-16 22:45:58,918 - storage.access_export - DEBUG - Access TXT file created: data/export/access_test\Metadata\QAVisit.txt
2026-05-16 22:45:58,922 - storage.access_export - DEBUG - Access TXT file created: data/export/access_test\Extracted_Tables\meta__measurement_equipment.txt
2026-05-16 22:45:58,926 - storage.access_export - DEBUG - Access TXT file created: data/export/access_test\Extracted_Tables\tube_voltage__accuracy.txt
2026-05-16 22:45:58,930 - storage.access_export - DEBUG - Access TXT file created: data/export/access_test\Extracted_Tables\tube_voltage__reproducibility.txt
2026-05-16 22:45:58,934 - storage.access_export - DEBUG - Access TXT file created: data/export/access_test\Extracted_Tables\geometry__geometric_efficiency.txt
2026-05-16 22:45:58,939 - storage.access_export - DEBUG - Access TXT file created: data/export/access_test\Extracted_Tables\geometry__positioning_light.txt
2026-05-16 22:45:58,944 - storage.access_export - DEBUG - Access TXT file created: data/export/access_test\Extracted_Tables\geometry__table_travel.txt
2026-05-16 22:45:58,948 - storage.access_export - DEBUG - Access TXT file created: data/export/access_test\Extracted_Tables\geometry__overscan.txt
2026-05-16 22:45:58,953 - storage.access_export - DEBUG - Access TXT file created: data/export/access_test\Extracted_Tables\geometry__increment.txt
2026-05-16 22:45:58,958 - storage.access_export - DEBUG - Access TXT file created: data/export/access_test\Extracted_Tables\geometry__pixel_size.txt
2026-05-16 22:45:58,962 - storage.access_export - DEBUG - Access TXT file created: data/export/access_test\Extracted_Tables\geometry__circular_symmetry.txt
2026-05-16 22:45:58,966 - storage.access_export - DEBUG - Access TXT file created: data/export/access_test\Extracted_Tables\dose__CTDI32_reproducibility.txt
2026-05-16 22:45:58,971 - storage.access_export - DEBUG - Access TXT file created: data/export/access_test\Extracted_Tables\dose__CTDI32_kV.txt
2026-05-16 22:45:58,975 - storage.access_export - DEBUG - Access TXT file created: data/export/access_test\Extracted_Tables\dose__CTDI32_kV_deviation.txt
2026-05-16 22:45:58,979 - storage.access_export - DEBUG - Access TXT file created: data/export/access_test\Extracted_Tables\dose__CTDI32_collimation.txt
2026-05-16 22:45:58,983 - storage.access_export - DEBUG - Access TXT file created: data/export/access_test\Extracted_Tables\dose__CTDI32_linearity.txt
2026-05-16 22:45:58,988 - storage.access_export - DEBUG - Access TXT file created: data/export/access_test\Extracted_Tables\dose__CTDI32_linearity_iterative.txt
2026-05-16 22:45:58,992 - storage.access_export - DEBUG - Access TXT file created: data/export/access_test\Extracted_Tables\dose__CTDI32_verification_standard.txt
2026-05-16 22:45:58,996 - storage.access_export - DEBUG - Access TXT file created: data/export/access_test\Extracted_Tables\dose__CTDI32_verification_DS.txt
2026-05-16 22:45:59,001 - storage.access_export - DEBUG - Access TXT file created: data/export/access_test\Extracted_Tables\noise__detector_row.txt
2026-05-16 22:45:59,006 - storage.access_export - DEBUG - Access TXT file created: data/export/access_test\Extracted_Tables\tcm__z_dikte_tcm_aan.txt
2026-05-16 22:45:59,012 - storage.access_export - DEBUG - Access TXT file created: data/export/access_test\Extracted_Tables\tcm__z_dikte_tcm_af.txt
2026-05-16 22:45:59,018 - storage.access_export - DEBUG - Access TXT file created: data/export/access_test\Extracted_Tables\tcm__z_densiteit_tcm_aan.txt
2026-05-16 22:45:59,025 - storage.access_export - DEBUG - Access TXT file created: data/export/access_test\Extracted_Tables\tcm__z_densiteit_tcm_af.txt
2026-05-16 22:45:59,029 - storage.access_export - DEBUG - Access TXT file created: data/export/access_test\Extracted_Tables\dose__CTDI16_kV.txt
2026-05-16 22:45:59,034 - storage.access_export - DEBUG - Access TXT file created: data/export/access_test\Extracted_Tables\uniformiteit__summary_table.txt
2026-05-16 22:45:59,039 - storage.access_export - DEBUG - Access TXT file created: data/export/access_test\Extracted_Tables\CT_getal_lineair.txt
2026-05-16 22:45:59,044 - storage.access_export - DEBUG - Access TXT file created: data/export/access_test\Extracted_Tables\iq__DS_CT_getal_lineair_mixed.txt
2026-05-16 22:45:59,049 - storage.access_export - DEBUG - Access TXT file created: data/export/access_test\Extracted_Tables\iq__DS_CT_getal_lineair_buisB.txt
2026-05-16 22:45:59,054 - storage.access_export - DEBUG - Access TXT file created: data/export/access_test\Extracted_Tables\iq__DS_HU_water_lucht_mixed.txt
2026-05-16 22:45:59,059 - storage.access_export - DEBUG - Access TXT file created: data/export/access_test\Extracted_Tables\iq__DS_HU_water_lucht_buisB.txt
2026-05-16 22:45:59,064 - storage.access_export - DEBUG - Access TXT file created: data/export/access_test\Extracted_Tables\iq__DS_uniformiteit_mixed.txt
2026-05-16 22:45:59,068 - storage.access_export - DEBUG - Access TXT file created: data/export/access_test\Extracted_Tables\iq__DS_uniformiteit_mixed_summary.txt
2026-05-16 22:45:59,072 - storage.access_export - DEBUG - Access TXT file created: data/export/access_test\Extracted_Tables\iq__DS_uniformiteit_buisB.txt
2026-05-16 22:45:59,076 - storage.access_export - DEBUG - Access TXT file created: data/export/access_test\Extracted_Tables\iq__DS_uniformiteit_buisB_summary.txt
2026-05-16 22:45:59,080 - storage.access_export - DEBUG - Access TXT file created: data/export/access_test\Extracted_Tables\iq__DS_correlatie_mixed.txt
2026-05-16 22:45:59,083 - storage.access_export - DEBUG - Access TXT file created: data/export/access_test\Extracted_Tables\iq__DS_correlatie_buisB.txt
2026-05-16 22:45:59,087 - storage.access_export - DEBUG - Access TXT file created: data/export/access_test\Extracted_Tables\geometry__slice_thickness_gt2mm.txt
2026-05-16 22:45:59,091 - storage.access_export - DEBUG - Access TXT file created: data/export/access_test\Extracted_Tables\geometry__slice_thickness_lt2mm.txt
2026-05-16 22:45:59,095 - storage.access_export - DEBUG - Access TXT file created: data/export/access_test\Extracted_Tables\protocols__adult.txt
2026-05-16 22:45:59,099 - storage.access_export - DEBUG - Access TXT file created: data/export/access_test\Extracted_Tables\protocols__pediatric.txt
2026-05-16 22:45:59,108 - storage.access_export - DEBUG - Access TXT file created: data/export/access_test\Metadata\Scalar_Records.txt
2026-05-16 22:45:59,114 - storage.access_export - DEBUG - Access TXT file created: data/export/access_test\Metadata\Named_Results.txt
2026-05-16 22:45:59,136 - storage.access_export - DEBUG - Access TXT file created: data/export/access_test\Metadata\Extracted_Fields.txt
2026-05-16 22:45:59,139 - storage.access_export - DEBUG - Access TXT file created: data/export/access_test\Metadata\Extraction_Metadata.txt
2026-05-16 22:45:59,139 - storage.access_export - INFO - Access export completed for QAVisit 358903
2026-05-16 22:45:59,205 - core.audit - INFO - [SUCCESS] Orchestrator.ProcessingComplete: File processed successfully | File: QC300_0624_01504CT-CT11.xlsm
2026-05-16 22:45:59,207 - storage.hdf5_store - INFO - HDF5 store closed
2026-05-16 22:46:45,508 - core.selector - INFO - TemplateSelector initialisé - template unique: ctqc_base
2026-05-16 22:46:45,508 - core.audit - INFO - [INFO] Orchestrator.ProcessingStart: Start processing file | File: QC300_0624_01504CT-CT11.xlsm
2026-05-16 22:46:45,757 - core.sidecar - INFO - Sidecar loaded: ctqc_base (version: 6.8)
2026-05-16 22:46:45,758 - engine.extraction_engine - INFO - Extraction des donnees depuis: data/raw/Excel/QC300_0624_01504CT-CT11.xlsm
2026-05-16 22:47:35,476 - engine.extraction_engine - INFO - Extraction terminee: 317 champs, 50 tables, 22 named results
2026-05-16 22:47:35,481 - models.qa_visit - WARNING - Utilisation QAID fallback: 455481
2026-05-16 22:47:35,497 - core.audit - INFO - [INFO] QAVisit.ReferencesResolved: References resolved successfully
2026-05-16 22:47:35,497 - core.audit - INFO - [INFO] QAVisit.Created: QAVisit 455481 created successfully
2026-05-16 22:47:35,498 - models.qa_visit - INFO - QAVisit 455481 ready for HDF5 persistence
2026-05-16 22:47:35,505 - storage.access_export - DEBUG - Access TXT file created: data/export/access_test\Metadata\QAVisit.txt
2026-05-16 22:47:35,513 - storage.access_export - DEBUG - Access TXT file created: data/export/access_test\Extracted_Tables\meta__measurement_equipment.txt
2026-05-16 22:47:35,518 - storage.access_export - DEBUG - Access TXT file created: data/export/access_test\Extracted_Tables\tube_voltage__accuracy.txt
2026-05-16 22:47:35,524 - storage.access_export - DEBUG - Access TXT file created: data/export/access_test\Extracted_Tables\tube_voltage__reproducibility.txt
2026-05-16 22:47:35,531 - storage.access_export - DEBUG - Access TXT file created: data/export/access_test\Extracted_Tables\geometry__geometric_efficiency.txt
2026-05-16 22:47:35,537 - storage.access_export - DEBUG - Access TXT file created: data/export/access_test\Extracted_Tables\geometry__positioning_light.txt
2026-05-16 22:47:35,542 - storage.access_export - DEBUG - Access TXT file created: data/export/access_test\Extracted_Tables\geometry__table_travel.txt
2026-05-16 22:47:35,547 - storage.access_export - DEBUG - Access TXT file created: data/export/access_test\Extracted_Tables\geometry__overscan.txt
2026-05-16 22:47:35,552 - storage.access_export - DEBUG - Access TXT file created: data/export/access_test\Extracted_Tables\geometry__increment.txt
2026-05-16 22:47:35,557 - storage.access_export - DEBUG - Access TXT file created: data/export/access_test\Extracted_Tables\geometry__pixel_size.txt
2026-05-16 22:47:35,561 - storage.access_export - DEBUG - Access TXT file created: data/export/access_test\Extracted_Tables\geometry__circular_symmetry.txt
2026-05-16 22:47:35,566 - storage.access_export - DEBUG - Access TXT file created: data/export/access_test\Extracted_Tables\dose__CTDI32_reproducibility.txt
2026-05-16 22:47:35,572 - storage.access_export - DEBUG - Access TXT file created: data/export/access_test\Extracted_Tables\dose__CTDI32_kV.txt
2026-05-16 22:47:35,577 - storage.access_export - DEBUG - Access TXT file created: data/export/access_test\Extracted_Tables\dose__CTDI32_kV_deviation.txt
2026-05-16 22:47:35,581 - storage.access_export - DEBUG - Access TXT file created: data/export/access_test\Extracted_Tables\dose__CTDI32_collimation.txt
2026-05-16 22:47:35,586 - storage.access_export - DEBUG - Access TXT file created: data/export/access_test\Extracted_Tables\dose__CTDI32_linearity.txt
2026-05-16 22:47:35,590 - storage.access_export - DEBUG - Access TXT file created: data/export/access_test\Extracted_Tables\dose__CTDI32_linearity_iterative.txt
2026-05-16 22:47:35,594 - storage.access_export - DEBUG - Access TXT file created: data/export/access_test\Extracted_Tables\dose__CTDI32_verification_standard.txt
2026-05-16 22:47:35,599 - storage.access_export - DEBUG - Access TXT file created: data/export/access_test\Extracted_Tables\dose__CTDI32_verification_DS.txt
2026-05-16 22:47:35,604 - storage.access_export - DEBUG - Access TXT file created: data/export/access_test\Extracted_Tables\noise__detector_row.txt
2026-05-16 22:47:35,609 - storage.access_export - DEBUG - Access TXT file created: data/export/access_test\Extracted_Tables\tcm__z_dikte_tcm_aan.txt
2026-05-16 22:47:35,616 - storage.access_export - DEBUG - Access TXT file created: data/export/access_test\Extracted_Tables\tcm__z_dikte_tcm_af.txt
2026-05-16 22:47:35,623 - storage.access_export - DEBUG - Access TXT file created: data/export/access_test\Extracted_Tables\tcm__z_densiteit_tcm_aan.txt
2026-05-16 22:47:35,630 - storage.access_export - DEBUG - Access TXT file created: data/export/access_test\Extracted_Tables\tcm__z_densiteit_tcm_af.txt
2026-05-16 22:47:35,635 - storage.access_export - DEBUG - Access TXT file created: data/export/access_test\Extracted_Tables\dose__CTDI16_kV.txt
2026-05-16 22:47:35,640 - storage.access_export - DEBUG - Access TXT file created: data/export/access_test\Extracted_Tables\uniformiteit__summary_table.txt
2026-05-16 22:47:35,644 - storage.access_export - DEBUG - Access TXT file created: data/export/access_test\Extracted_Tables\CT_getal_lineair.txt
2026-05-16 22:47:35,649 - storage.access_export - DEBUG - Access TXT file created: data/export/access_test\Extracted_Tables\iq__DS_CT_getal_lineair_mixed.txt
2026-05-16 22:47:35,654 - storage.access_export - DEBUG - Access TXT file created: data/export/access_test\Extracted_Tables\iq__DS_CT_getal_lineair_buisB.txt
2026-05-16 22:47:35,660 - storage.access_export - DEBUG - Access TXT file created: data/export/access_test\Extracted_Tables\iq__DS_HU_water_lucht_mixed.txt
2026-05-16 22:47:35,664 - storage.access_export - DEBUG - Access TXT file created: data/export/access_test\Extracted_Tables\iq__DS_HU_water_lucht_buisB.txt
2026-05-16 22:47:35,670 - storage.access_export - DEBUG - Access TXT file created: data/export/access_test\Extracted_Tables\iq__DS_uniformiteit_mixed.txt
2026-05-16 22:47:35,674 - storage.access_export - DEBUG - Access TXT file created: data/export/access_test\Extracted_Tables\iq__DS_uniformiteit_mixed_summary.txt
2026-05-16 22:47:35,678 - storage.access_export - DEBUG - Access TXT file created: data/export/access_test\Extracted_Tables\iq__DS_uniformiteit_buisB.txt
2026-05-16 22:47:35,682 - storage.access_export - DEBUG - Access TXT file created: data/export/access_test\Extracted_Tables\iq__DS_uniformiteit_buisB_summary.txt
2026-05-16 22:47:35,685 - storage.access_export - DEBUG - Access TXT file created: data/export/access_test\Extracted_Tables\iq__DS_correlatie_mixed.txt
2026-05-16 22:47:35,689 - storage.access_export - DEBUG - Access TXT file created: data/export/access_test\Extracted_Tables\iq__DS_correlatie_buisB.txt
2026-05-16 22:47:35,694 - storage.access_export - DEBUG - Access TXT file created: data/export/access_test\Extracted_Tables\geometry__slice_thickness_gt2mm.txt
2026-05-16 22:47:35,698 - storage.access_export - DEBUG - Access TXT file created: data/export/access_test\Extracted_Tables\geometry__slice_thickness_lt2mm.txt
2026-05-16 22:47:35,701 - storage.access_export - DEBUG - Access TXT file created: data/export/access_test\Extracted_Tables\protocols__adult.txt
2026-05-16 22:47:35,704 - storage.access_export - DEBUG - Access TXT file created: data/export/access_test\Extracted_Tables\protocols__pediatric.txt
2026-05-16 22:47:35,712 - storage.access_export - DEBUG - Access TXT file created: data/export/access_test\Metadata\Scalar_Records.txt
2026-05-16 22:47:35,717 - storage.access_export - DEBUG - Access TXT file created: data/export/access_test\Metadata\Named_Results.txt
2026-05-16 22:47:35,739 - storage.access_export - DEBUG - Access TXT file created: data/export/access_test\Metadata\Extracted_Fields.txt
2026-05-16 22:47:35,741 - storage.access_export - DEBUG - Access TXT file created: data/export/access_test\Metadata\Extraction_Metadata.txt
2026-05-16 22:47:35,741 - storage.access_export - INFO - Access export completed for QAVisit 455481
2026-05-16 22:47:35,806 - core.audit - INFO - [SUCCESS] Orchestrator.ProcessingComplete: File processed successfully | File: QC300_0624_01504CT-CT11.xlsm
2026-05-16 22:47:35,807 - storage.hdf5_store - INFO - HDF5 store closed
2026-05-16 22:48:05,017 - core.selector - INFO - TemplateSelector initialisé - template unique: ctqc_base
2026-05-16 22:48:05,018 - core.audit - INFO - [INFO] Orchestrator.ProcessingStart: Start processing file | File: QC300_0524_00770CT-PETCTTruepoint.xlsm
2026-05-16 22:48:05,278 - core.sidecar - INFO - Sidecar loaded: ctqc_base (version: 6.8)
2026-05-16 22:48:05,279 - engine.extraction_engine - INFO - Extraction des donnees depuis: data/raw/Excel/QC300_0524_00770CT-PETCTTruepoint.xlsm
2026-05-16 22:48:23,716 - engine.extraction_engine - INFO - Extraction terminee: 317 champs, 47 tables, 22 named results
2026-05-16 22:48:23,719 - models.qa_visit - WARNING - Utilisation QAID fallback: 503719
2026-05-16 22:48:23,727 - core.audit - INFO - [INFO] QAVisit.ReferencesResolved: References resolved successfully
2026-05-16 22:48:23,727 - core.audit - INFO - [INFO] QAVisit.Created: QAVisit 503719 created successfully
2026-05-16 22:48:23,727 - models.qa_visit - INFO - QAVisit 503719 ready for HDF5 persistence
2026-05-16 22:48:23,733 - storage.access_export - DEBUG - Access TXT file created: data/export/access_test\Metadata\QAVisit.txt
2026-05-16 22:48:23,737 - storage.access_export - DEBUG - Access TXT file created: data/export/access_test\Extracted_Tables\meta__measurement_equipment.txt
2026-05-16 22:48:23,742 - storage.access_export - DEBUG - Access TXT file created: data/export/access_test\Extracted_Tables\tube_voltage__accuracy.txt
2026-05-16 22:48:23,746 - storage.access_export - DEBUG - Access TXT file created: data/export/access_test\Extracted_Tables\tube_voltage__reproducibility.txt
2026-05-16 22:48:23,750 - storage.access_export - DEBUG - Access TXT file created: data/export/access_test\Extracted_Tables\geometry__geometric_efficiency.txt
2026-05-16 22:48:23,755 - storage.access_export - DEBUG - Access TXT file created: data/export/access_test\Extracted_Tables\geometry__positioning_light.txt
2026-05-16 22:48:23,759 - storage.access_export - DEBUG - Access TXT file created: data/export/access_test\Extracted_Tables\geometry__table_travel.txt
2026-05-16 22:48:23,764 - storage.access_export - DEBUG - Access TXT file created: data/export/access_test\Extracted_Tables\geometry__overscan.txt
2026-05-16 22:48:23,767 - storage.access_export - DEBUG - Access TXT file created: data/export/access_test\Extracted_Tables\geometry__increment.txt
2026-05-16 22:48:23,771 - storage.access_export - DEBUG - Access TXT file created: data/export/access_test\Extracted_Tables\geometry__pixel_size.txt
2026-05-16 22:48:23,775 - storage.access_export - DEBUG - Access TXT file created: data/export/access_test\Extracted_Tables\geometry__circular_symmetry.txt
2026-05-16 22:48:23,778 - storage.access_export - DEBUG - Access TXT file created: data/export/access_test\Extracted_Tables\dose__CTDI32_reproducibility.txt
2026-05-16 22:48:23,782 - storage.access_export - DEBUG - Access TXT file created: data/export/access_test\Extracted_Tables\dose__CTDI32_kV.txt
2026-05-16 22:48:23,786 - storage.access_export - DEBUG - Access TXT file created: data/export/access_test\Extracted_Tables\dose__CTDI32_kV_deviation.txt
2026-05-16 22:48:23,790 - storage.access_export - DEBUG - Access TXT file created: data/export/access_test\Extracted_Tables\dose__CTDI32_collimation.txt
2026-05-16 22:48:23,794 - storage.access_export - DEBUG - Access TXT file created: data/export/access_test\Extracted_Tables\dose__CTDI32_linearity.txt
2026-05-16 22:48:23,797 - storage.access_export - DEBUG - Access TXT file created: data/export/access_test\Extracted_Tables\dose__CTDI32_linearity_iterative.txt
2026-05-16 22:48:23,802 - storage.access_export - DEBUG - Access TXT file created: data/export/access_test\Extracted_Tables\dose__CTDI32_verification_standard.txt
2026-05-16 22:48:23,807 - storage.access_export - DEBUG - Access TXT file created: data/export/access_test\Extracted_Tables\noise__detector_row.txt
2026-05-16 22:48:23,811 - storage.access_export - DEBUG - Access TXT file created: data/export/access_test\Extracted_Tables\tcm__z_dikte_tcm_aan.txt
2026-05-16 22:48:23,815 - storage.access_export - DEBUG - Access TXT file created: data/export/access_test\Extracted_Tables\tcm__z_dikte_tcm_af.txt
2026-05-16 22:48:23,820 - storage.access_export - DEBUG - Access TXT file created: data/export/access_test\Extracted_Tables\tcm__z_densiteit_tcm_aan.txt
2026-05-16 22:48:23,824 - storage.access_export - DEBUG - Access TXT file created: data/export/access_test\Extracted_Tables\tcm__z_densiteit_tcm_af.txt
2026-05-16 22:48:23,828 - storage.access_export - DEBUG - Access TXT file created: data/export/access_test\Extracted_Tables\dose__CTDI16_kV.txt
2026-05-16 22:48:23,831 - storage.access_export - DEBUG - Access TXT file created: data/export/access_test\Extracted_Tables\uniformiteit__summary_table.txt
2026-05-16 22:48:23,836 - storage.access_export - DEBUG - Access TXT file created: data/export/access_test\Extracted_Tables\CT_getal_lineair.txt
2026-05-16 22:48:23,841 - storage.access_export - DEBUG - Access TXT file created: data/export/access_test\Extracted_Tables\iq__DS_CT_getal_lineair_mixed.txt
2026-05-16 22:48:23,845 - storage.access_export - DEBUG - Access TXT file created: data/export/access_test\Extracted_Tables\iq__DS_CT_getal_lineair_buisB.txt
2026-05-16 22:48:23,850 - storage.access_export - DEBUG - Access TXT file created: data/export/access_test\Extracted_Tables\iq__DS_HU_water_lucht_mixed.txt
2026-05-16 22:48:23,854 - storage.access_export - DEBUG - Access TXT file created: data/export/access_test\Extracted_Tables\iq__DS_uniformiteit_mixed.txt
2026-05-16 22:48:23,858 - storage.access_export - DEBUG - Access TXT file created: data/export/access_test\Extracted_Tables\iq__DS_uniformiteit_mixed_summary.txt
2026-05-16 22:48:23,863 - storage.access_export - DEBUG - Access TXT file created: data/export/access_test\Extracted_Tables\iq__DS_uniformiteit_buisB.txt
2026-05-16 22:48:23,867 - storage.access_export - DEBUG - Access TXT file created: data/export/access_test\Extracted_Tables\iq__DS_uniformiteit_buisB_summary.txt
2026-05-16 22:48:23,872 - storage.access_export - DEBUG - Access TXT file created: data/export/access_test\Extracted_Tables\iq__DS_correlatie_mixed.txt
2026-05-16 22:48:23,876 - storage.access_export - DEBUG - Access TXT file created: data/export/access_test\Extracted_Tables\iq__DS_correlatie_buisB.txt
2026-05-16 22:48:23,882 - storage.access_export - DEBUG - Access TXT file created: data/export/access_test\Extracted_Tables\geometry__slice_thickness_gt2mm.txt
2026-05-16 22:48:23,888 - storage.access_export - DEBUG - Access TXT file created: data/export/access_test\Extracted_Tables\geometry__slice_thickness_lt2mm.txt
2026-05-16 22:48:23,892 - storage.access_export - DEBUG - Access TXT file created: data/export/access_test\Extracted_Tables\protocols__adult.txt
2026-05-16 22:48:23,897 - storage.access_export - DEBUG - Access TXT file created: data/export/access_test\Extracted_Tables\protocols__pediatric.txt
2026-05-16 22:48:23,912 - storage.access_export - DEBUG - Access TXT file created: data/export/access_test\Metadata\Scalar_Records.txt
2026-05-16 22:48:23,919 - storage.access_export - DEBUG - Access TXT file created: data/export/access_test\Metadata\Named_Results.txt
2026-05-16 22:48:23,961 - storage.access_export - DEBUG - Access TXT file created: data/export/access_test\Metadata\Extracted_Fields.txt
2026-05-16 22:48:23,965 - storage.access_export - DEBUG - Access TXT file created: data/export/access_test\Metadata\Extraction_Metadata.txt
2026-05-16 22:48:23,966 - storage.access_export - INFO - Access export completed for QAVisit 503719
2026-05-16 22:48:24,047 - core.audit - INFO - [SUCCESS] Orchestrator.ProcessingComplete: File processed successfully | File: QC300_0524_00770CT-PETCTTruepoint.xlsm
2026-05-16 22:48:24,048 - core.audit - INFO - [INFO] Orchestrator.ProcessingStart: Start processing file | File: QC300_0524_01005CT-SPECTSymbia2.xlsm
2026-05-16 22:48:24,048 - engine.extraction_engine - INFO - Extraction des donnees depuis: data/raw/Excel/QC300_0524_01005CT-SPECTSymbia2.xlsm
2026-05-16 22:48:41,206 - engine.extraction_engine - INFO - Extraction terminee: 317 champs, 48 tables, 22 named results
2026-05-16 22:48:41,209 - models.qa_visit - WARNING - Utilisation QAID fallback: 521209
2026-05-16 22:48:41,215 - core.audit - INFO - [INFO] QAVisit.ReferencesResolved: References resolved successfully
2026-05-16 22:48:41,215 - core.audit - INFO - [INFO] QAVisit.Created: QAVisit 521209 created successfully
2026-05-16 22:48:41,216 - models.qa_visit - INFO - QAVisit 521209 ready for HDF5 persistence
2026-05-16 22:48:41,220 - storage.access_export - DEBUG - Access TXT file created: data/export/access_test\Metadata\QAVisit.txt
2026-05-16 22:48:41,224 - storage.access_export - DEBUG - Access TXT file created: data/export/access_test\Extracted_Tables\meta__measurement_equipment.txt
2026-05-16 22:48:41,227 - storage.access_export - DEBUG - Access TXT file created: data/export/access_test\Extracted_Tables\tube_voltage__accuracy.txt
2026-05-16 22:48:41,230 - storage.access_export - DEBUG - Access TXT file created: data/export/access_test\Extracted_Tables\tube_voltage__reproducibility.txt
2026-05-16 22:48:41,234 - storage.access_export - DEBUG - Access TXT file created: data/export/access_test\Extracted_Tables\geometry__geometric_efficiency.txt
2026-05-16 22:48:41,237 - storage.access_export - DEBUG - Access TXT file created: data/export/access_test\Extracted_Tables\geometry__positioning_light.txt
2026-05-16 22:48:41,242 - storage.access_export - DEBUG - Access TXT file created: data/export/access_test\Extracted_Tables\geometry__table_travel.txt
2026-05-16 22:48:41,246 - storage.access_export - DEBUG - Access TXT file created: data/export/access_test\Extracted_Tables\geometry__overscan.txt
2026-05-16 22:48:41,249 - storage.access_export - DEBUG - Access TXT file created: data/export/access_test\Extracted_Tables\geometry__increment.txt
2026-05-16 22:48:41,253 - storage.access_export - DEBUG - Access TXT file created: data/export/access_test\Extracted_Tables\geometry__pixel_size.txt
2026-05-16 22:48:41,256 - storage.access_export - DEBUG - Access TXT file created: data/export/access_test\Extracted_Tables\geometry__circular_symmetry.txt
2026-05-16 22:48:41,259 - storage.access_export - DEBUG - Access TXT file created: data/export/access_test\Extracted_Tables\dose__CTDI32_reproducibility.txt
2026-05-16 22:48:41,263 - storage.access_export - DEBUG - Access TXT file created: data/export/access_test\Extracted_Tables\dose__CTDI32_kV.txt
2026-05-16 22:48:41,266 - storage.access_export - DEBUG - Access TXT file created: data/export/access_test\Extracted_Tables\dose__CTDI32_kV_deviation.txt
2026-05-16 22:48:41,270 - storage.access_export - DEBUG - Access TXT file created: data/export/access_test\Extracted_Tables\dose__CTDI32_collimation.txt
2026-05-16 22:48:41,273 - storage.access_export - DEBUG - Access TXT file created: data/export/access_test\Extracted_Tables\dose__CTDI32_linearity.txt
2026-05-16 22:48:41,277 - storage.access_export - DEBUG - Access TXT file created: data/export/access_test\Extracted_Tables\dose__CTDI32_linearity_iterative.txt
2026-05-16 22:48:41,280 - storage.access_export - DEBUG - Access TXT file created: data/export/access_test\Extracted_Tables\dose__CTDI32_verification_standard.txt
2026-05-16 22:48:41,284 - storage.access_export - DEBUG - Access TXT file created: data/export/access_test\Extracted_Tables\dose__CTDI32_verification_DS.txt
2026-05-16 22:48:41,287 - storage.access_export - DEBUG - Access TXT file created: data/export/access_test\Extracted_Tables\noise__detector_row.txt
2026-05-16 22:48:41,291 - storage.access_export - DEBUG - Access TXT file created: data/export/access_test\Extracted_Tables\tcm__z_dikte_tcm_aan.txt
2026-05-16 22:48:41,295 - storage.access_export - DEBUG - Access TXT file created: data/export/access_test\Extracted_Tables\tcm__z_dikte_tcm_af.txt
2026-05-16 22:48:41,299 - storage.access_export - DEBUG - Access TXT file created: data/export/access_test\Extracted_Tables\tcm__z_densiteit_tcm_aan.txt
2026-05-16 22:48:41,302 - storage.access_export - DEBUG - Access TXT file created: data/export/access_test\Extracted_Tables\tcm__z_densiteit_tcm_af.txt
2026-05-16 22:48:41,306 - storage.access_export - DEBUG - Access TXT file created: data/export/access_test\Extracted_Tables\dose__CTDI16_kV.txt
2026-05-16 22:48:41,311 - storage.access_export - DEBUG - Access TXT file created: data/export/access_test\Extracted_Tables\uniformiteit__summary_table.txt
2026-05-16 22:48:41,314 - storage.access_export - DEBUG - Access TXT file created: data/export/access_test\Extracted_Tables\CT_getal_lineair.txt
2026-05-16 22:48:41,319 - storage.access_export - DEBUG - Access TXT file created: data/export/access_test\Extracted_Tables\iq__DS_CT_getal_lineair_mixed.txt
2026-05-16 22:48:41,322 - storage.access_export - DEBUG - Access TXT file created: data/export/access_test\Extracted_Tables\iq__DS_CT_getal_lineair_buisB.txt
2026-05-16 22:48:41,326 - storage.access_export - DEBUG - Access TXT file created: data/export/access_test\Extracted_Tables\iq__DS_HU_water_lucht_mixed.txt
2026-05-16 22:48:41,330 - storage.access_export - DEBUG - Access TXT file created: data/export/access_test\Extracted_Tables\iq__DS_uniformiteit_mixed.txt
2026-05-16 22:48:41,334 - storage.access_export - DEBUG - Access TXT file created: data/export/access_test\Extracted_Tables\iq__DS_uniformiteit_mixed_summary.txt
2026-05-16 22:48:41,337 - storage.access_export - DEBUG - Access TXT file created: data/export/access_test\Extracted_Tables\iq__DS_uniformiteit_buisB.txt
2026-05-16 22:48:41,342 - storage.access_export - DEBUG - Access TXT file created: data/export/access_test\Extracted_Tables\iq__DS_uniformiteit_buisB_summary.txt
2026-05-16 22:48:41,345 - storage.access_export - DEBUG - Access TXT file created: data/export/access_test\Extracted_Tables\iq__DS_correlatie_mixed.txt
2026-05-16 22:48:41,348 - storage.access_export - DEBUG - Access TXT file created: data/export/access_test\Extracted_Tables\iq__DS_correlatie_buisB.txt
2026-05-16 22:48:41,351 - storage.access_export - DEBUG - Access TXT file created: data/export/access_test\Extracted_Tables\geometry__slice_thickness_gt2mm.txt
2026-05-16 22:48:41,355 - storage.access_export - DEBUG - Access TXT file created: data/export/access_test\Extracted_Tables\geometry__slice_thickness_lt2mm.txt
2026-05-16 22:48:41,358 - storage.access_export - DEBUG - Access TXT file created: data/export/access_test\Extracted_Tables\protocols__adult.txt
2026-05-16 22:48:41,362 - storage.access_export - DEBUG - Access TXT file created: data/export/access_test\Extracted_Tables\protocols__pediatric.txt
2026-05-16 22:48:41,370 - storage.access_export - DEBUG - Access TXT file created: data/export/access_test\Metadata\Scalar_Records.txt
2026-05-16 22:48:41,375 - storage.access_export - DEBUG - Access TXT file created: data/export/access_test\Metadata\Named_Results.txt
2026-05-16 22:48:41,393 - storage.access_export - DEBUG - Access TXT file created: data/export/access_test\Metadata\Extracted_Fields.txt
2026-05-16 22:48:41,396 - storage.access_export - DEBUG - Access TXT file created: data/export/access_test\Metadata\Extraction_Metadata.txt
2026-05-16 22:48:41,396 - storage.access_export - INFO - Access export completed for QAVisit 521209
2026-05-16 22:48:41,448 - core.audit - INFO - [SUCCESS] Orchestrator.ProcessingComplete: File processed successfully | File: QC300_0524_01005CT-SPECTSymbia2.xlsm
2026-05-16 22:48:41,449 - core.audit - INFO - [INFO] Orchestrator.ProcessingStart: Start processing file | File: QC300_0524_01319CT-SPECTGE.xlsm
2026-05-16 22:48:41,450 - engine.extraction_engine - INFO - Extraction des donnees depuis: data/raw/Excel/QC300_0524_01319CT-SPECTGE.xlsm
2026-05-16 22:49:01,752 - engine.extraction_engine - INFO - Extraction terminee: 317 champs, 48 tables, 22 named results
2026-05-16 22:49:01,757 - models.qa_visit - WARNING - Utilisation QAID fallback: 541757
2026-05-16 22:49:01,764 - core.audit - INFO - [INFO] QAVisit.ReferencesResolved: References resolved successfully
2026-05-16 22:49:01,764 - core.audit - INFO - [INFO] QAVisit.Created: QAVisit 541757 created successfully
2026-05-16 22:49:01,764 - models.qa_visit - INFO - QAVisit 541757 ready for HDF5 persistence
2026-05-16 22:49:01,767 - storage.access_export - DEBUG - Access TXT file created: data/export/access_test\Metadata\QAVisit.txt
2026-05-16 22:49:01,773 - storage.access_export - DEBUG - Access TXT file created: data/export/access_test\Extracted_Tables\meta__measurement_equipment.txt
2026-05-16 22:49:01,776 - storage.access_export - DEBUG - Access TXT file created: data/export/access_test\Extracted_Tables\tube_voltage__accuracy.txt
2026-05-16 22:49:01,781 - storage.access_export - DEBUG - Access TXT file created: data/export/access_test\Extracted_Tables\tube_voltage__reproducibility.txt
2026-05-16 22:49:01,786 - storage.access_export - DEBUG - Access TXT file created: data/export/access_test\Extracted_Tables\geometry__geometric_efficiency.txt
2026-05-16 22:49:01,792 - storage.access_export - DEBUG - Access TXT file created: data/export/access_test\Extracted_Tables\geometry__positioning_light.txt
2026-05-16 22:49:01,797 - storage.access_export - DEBUG - Access TXT file created: data/export/access_test\Extracted_Tables\geometry__table_travel.txt
2026-05-16 22:49:01,803 - storage.access_export - DEBUG - Access TXT file created: data/export/access_test\Extracted_Tables\geometry__overscan.txt
2026-05-16 22:49:01,808 - storage.access_export - DEBUG - Access TXT file created: data/export/access_test\Extracted_Tables\geometry__increment.txt
2026-05-16 22:49:01,812 - storage.access_export - DEBUG - Access TXT file created: data/export/access_test\Extracted_Tables\geometry__pixel_size.txt
2026-05-16 22:49:01,818 - storage.access_export - DEBUG - Access TXT file created: data/export/access_test\Extracted_Tables\geometry__circular_symmetry.txt
2026-05-16 22:49:01,824 - storage.access_export - DEBUG - Access TXT file created: data/export/access_test\Extracted_Tables\dose__CTDI32_reproducibility.txt
2026-05-16 22:49:01,828 - storage.access_export - DEBUG - Access TXT file created: data/export/access_test\Extracted_Tables\dose__CTDI32_kV.txt
2026-05-16 22:49:01,835 - storage.access_export - DEBUG - Access TXT file created: data/export/access_test\Extracted_Tables\dose__CTDI32_kV_deviation.txt
2026-05-16 22:49:01,841 - storage.access_export - DEBUG - Access TXT file created: data/export/access_test\Extracted_Tables\dose__CTDI32_collimation.txt
2026-05-16 22:49:01,847 - storage.access_export - DEBUG - Access TXT file created: data/export/access_test\Extracted_Tables\dose__CTDI32_linearity.txt
2026-05-16 22:49:01,852 - storage.access_export - DEBUG - Access TXT file created: data/export/access_test\Extracted_Tables\dose__CTDI32_linearity_iterative.txt
2026-05-16 22:49:01,860 - storage.access_export - DEBUG - Access TXT file created: data/export/access_test\Extracted_Tables\dose__CTDI32_verification_standard.txt
2026-05-16 22:49:01,865 - storage.access_export - DEBUG - Access TXT file created: data/export/access_test\Extracted_Tables\dose__CTDI32_verification_DS.txt
2026-05-16 22:49:01,872 - storage.access_export - DEBUG - Access TXT file created: data/export/access_test\Extracted_Tables\noise__detector_row.txt
2026-05-16 22:49:01,879 - storage.access_export - DEBUG - Access TXT file created: data/export/access_test\Extracted_Tables\tcm__z_dikte_tcm_aan.txt
2026-05-16 22:49:01,888 - storage.access_export - DEBUG - Access TXT file created: data/export/access_test\Extracted_Tables\tcm__z_dikte_tcm_af.txt
2026-05-16 22:49:01,895 - storage.access_export - DEBUG - Access TXT file created: data/export/access_test\Extracted_Tables\tcm__z_densiteit_tcm_aan.txt
2026-05-16 22:49:01,902 - storage.access_export - DEBUG - Access TXT file created: data/export/access_test\Extracted_Tables\tcm__z_densiteit_tcm_af.txt
2026-05-16 22:49:01,908 - storage.access_export - DEBUG - Access TXT file created: data/export/access_test\Extracted_Tables\dose__CTDI16_kV.txt
2026-05-16 22:49:01,914 - storage.access_export - DEBUG - Access TXT file created: data/export/access_test\Extracted_Tables\uniformiteit__summary_table.txt
2026-05-16 22:49:01,920 - storage.access_export - DEBUG - Access TXT file created: data/export/access_test\Extracted_Tables\CT_getal_lineair.txt
2026-05-16 22:49:01,927 - storage.access_export - DEBUG - Access TXT file created: data/export/access_test\Extracted_Tables\iq__DS_CT_getal_lineair_mixed.txt
2026-05-16 22:49:01,932 - storage.access_export - DEBUG - Access TXT file created: data/export/access_test\Extracted_Tables\iq__DS_CT_getal_lineair_buisB.txt
2026-05-16 22:49:01,938 - storage.access_export - DEBUG - Access TXT file created: data/export/access_test\Extracted_Tables\iq__DS_HU_water_lucht_mixed.txt
2026-05-16 22:49:01,943 - storage.access_export - DEBUG - Access TXT file created: data/export/access_test\Extracted_Tables\iq__DS_uniformiteit_mixed.txt
2026-05-16 22:49:01,948 - storage.access_export - DEBUG - Access TXT file created: data/export/access_test\Extracted_Tables\iq__DS_uniformiteit_mixed_summary.txt
2026-05-16 22:49:01,953 - storage.access_export - DEBUG - Access TXT file created: data/export/access_test\Extracted_Tables\iq__DS_uniformiteit_buisB.txt
2026-05-16 22:49:01,959 - storage.access_export - DEBUG - Access TXT file created: data/export/access_test\Extracted_Tables\iq__DS_uniformiteit_buisB_summary.txt
2026-05-16 22:49:01,963 - storage.access_export - DEBUG - Access TXT file created: data/export/access_test\Extracted_Tables\iq__DS_correlatie_mixed.txt
2026-05-16 22:49:01,968 - storage.access_export - DEBUG - Access TXT file created: data/export/access_test\Extracted_Tables\iq__DS_correlatie_buisB.txt
2026-05-16 22:49:01,974 - storage.access_export - DEBUG - Access TXT file created: data/export/access_test\Extracted_Tables\geometry__slice_thickness_gt2mm.txt
2026-05-16 22:49:01,978 - storage.access_export - DEBUG - Access TXT file created: data/export/access_test\Extracted_Tables\geometry__slice_thickness_lt2mm.txt
2026-05-16 22:49:01,982 - storage.access_export - DEBUG - Access TXT file created: data/export/access_test\Extracted_Tables\protocols__adult.txt
2026-05-16 22:49:01,987 - storage.access_export - DEBUG - Access TXT file created: data/export/access_test\Extracted_Tables\protocols__pediatric.txt
2026-05-16 22:49:01,996 - storage.access_export - DEBUG - Access TXT file created: data/export/access_test\Metadata\Scalar_Records.txt
2026-05-16 22:49:02,001 - storage.access_export - DEBUG - Access TXT file created: data/export/access_test\Metadata\Named_Results.txt
2026-05-16 22:49:02,023 - storage.access_export - DEBUG - Access TXT file created: data/export/access_test\Metadata\Extracted_Fields.txt
2026-05-16 22:49:02,025 - storage.access_export - DEBUG - Access TXT file created: data/export/access_test\Metadata\Extraction_Metadata.txt
2026-05-16 22:49:02,026 - storage.access_export - INFO - Access export completed for QAVisit 541757
2026-05-16 22:49:02,080 - core.audit - INFO - [SUCCESS] Orchestrator.ProcessingComplete: File processed successfully | File: QC300_0524_01319CT-SPECTGE.xlsm
2026-05-16 22:49:02,081 - core.audit - INFO - [INFO] Orchestrator.ProcessingStart: Start processing file | File: QC300_0524_01468CT-PETGE10.xlsm
2026-05-16 22:49:02,081 - engine.extraction_engine - INFO - Extraction des donnees depuis: data/raw/Excel/QC300_0524_01468CT-PETGE10.xlsm
2026-05-16 22:49:21,686 - engine.extraction_engine - INFO - Extraction terminee: 317 champs, 48 tables, 22 named results
2026-05-16 22:49:21,690 - models.qa_visit - WARNING - Utilisation QAID fallback: 561690
2026-05-16 22:49:21,695 - core.audit - INFO - [INFO] QAVisit.ReferencesResolved: References resolved successfully
2026-05-16 22:49:21,695 - core.audit - INFO - [INFO] QAVisit.Created: QAVisit 561690 created successfully
2026-05-16 22:49:21,695 - models.qa_visit - INFO - QAVisit 561690 ready for HDF5 persistence
2026-05-16 22:49:21,699 - storage.access_export - DEBUG - Access TXT file created: data/export/access_test\Metadata\QAVisit.txt
2026-05-16 22:49:21,702 - storage.access_export - DEBUG - Access TXT file created: data/export/access_test\Extracted_Tables\meta__measurement_equipment.txt
2026-05-16 22:49:21,705 - storage.access_export - DEBUG - Access TXT file created: data/export/access_test\Extracted_Tables\tube_voltage__accuracy.txt
2026-05-16 22:49:21,709 - storage.access_export - DEBUG - Access TXT file created: data/export/access_test\Extracted_Tables\tube_voltage__reproducibility.txt
2026-05-16 22:49:21,714 - storage.access_export - DEBUG - Access TXT file created: data/export/access_test\Extracted_Tables\geometry__geometric_efficiency.txt
2026-05-16 22:49:21,716 - storage.access_export - DEBUG - Access TXT file created: data/export/access_test\Extracted_Tables\geometry__positioning_light.txt
2026-05-16 22:49:21,721 - storage.access_export - DEBUG - Access TXT file created: data/export/access_test\Extracted_Tables\geometry__table_travel.txt
2026-05-16 22:49:21,724 - storage.access_export - DEBUG - Access TXT file created: data/export/access_test\Extracted_Tables\geometry__overscan.txt
2026-05-16 22:49:21,727 - storage.access_export - DEBUG - Access TXT file created: data/export/access_test\Extracted_Tables\geometry__increment.txt
2026-05-16 22:49:21,730 - storage.access_export - DEBUG - Access TXT file created: data/export/access_test\Extracted_Tables\geometry__pixel_size.txt
2026-05-16 22:49:21,734 - storage.access_export - DEBUG - Access TXT file created: data/export/access_test\Extracted_Tables\geometry__circular_symmetry.txt
2026-05-16 22:49:21,738 - storage.access_export - DEBUG - Access TXT file created: data/export/access_test\Extracted_Tables\dose__CTDI32_reproducibility.txt
2026-05-16 22:49:21,741 - storage.access_export - DEBUG - Access TXT file created: data/export/access_test\Extracted_Tables\dose__CTDI32_kV.txt
2026-05-16 22:49:21,745 - storage.access_export - DEBUG - Access TXT file created: data/export/access_test\Extracted_Tables\dose__CTDI32_kV_deviation.txt
2026-05-16 22:49:21,749 - storage.access_export - DEBUG - Access TXT file created: data/export/access_test\Extracted_Tables\dose__CTDI32_collimation.txt
2026-05-16 22:49:21,752 - storage.access_export - DEBUG - Access TXT file created: data/export/access_test\Extracted_Tables\dose__CTDI32_linearity.txt
2026-05-16 22:49:21,756 - storage.access_export - DEBUG - Access TXT file created: data/export/access_test\Extracted_Tables\dose__CTDI32_linearity_iterative.txt
2026-05-16 22:49:21,761 - storage.access_export - DEBUG - Access TXT file created: data/export/access_test\Extracted_Tables\dose__CTDI32_verification_standard.txt
2026-05-16 22:49:21,764 - storage.access_export - DEBUG - Access TXT file created: data/export/access_test\Extracted_Tables\dose__CTDI32_verification_DS.txt
2026-05-16 22:49:21,768 - storage.access_export - DEBUG - Access TXT file created: data/export/access_test\Extracted_Tables\noise__detector_row.txt
2026-05-16 22:49:21,773 - storage.access_export - DEBUG - Access TXT file created: data/export/access_test\Extracted_Tables\tcm__z_dikte_tcm_aan.txt
2026-05-16 22:49:21,777 - storage.access_export - DEBUG - Access TXT file created: data/export/access_test\Extracted_Tables\tcm__z_dikte_tcm_af.txt
2026-05-16 22:49:21,782 - storage.access_export - DEBUG - Access TXT file created: data/export/access_test\Extracted_Tables\tcm__z_densiteit_tcm_aan.txt
2026-05-16 22:49:21,786 - storage.access_export - DEBUG - Access TXT file created: data/export/access_test\Extracted_Tables\tcm__z_densiteit_tcm_af.txt
2026-05-16 22:49:21,789 - storage.access_export - DEBUG - Access TXT file created: data/export/access_test\Extracted_Tables\dose__CTDI16_kV.txt
2026-05-16 22:49:21,795 - storage.access_export - DEBUG - Access TXT file created: data/export/access_test\Extracted_Tables\uniformiteit__summary_table.txt
2026-05-16 22:49:21,799 - storage.access_export - DEBUG - Access TXT file created: data/export/access_test\Extracted_Tables\CT_getal_lineair.txt
2026-05-16 22:49:21,803 - storage.access_export - DEBUG - Access TXT file created: data/export/access_test\Extracted_Tables\iq__DS_CT_getal_lineair_mixed.txt
2026-05-16 22:49:21,808 - storage.access_export - DEBUG - Access TXT file created: data/export/access_test\Extracted_Tables\iq__DS_CT_getal_lineair_buisB.txt
2026-05-16 22:49:21,812 - storage.access_export - DEBUG - Access TXT file created: data/export/access_test\Extracted_Tables\iq__DS_HU_water_lucht_mixed.txt
2026-05-16 22:49:21,815 - storage.access_export - DEBUG - Access TXT file created: data/export/access_test\Extracted_Tables\iq__DS_uniformiteit_mixed.txt
2026-05-16 22:49:21,820 - storage.access_export - DEBUG - Access TXT file created: data/export/access_test\Extracted_Tables\iq__DS_uniformiteit_mixed_summary.txt
2026-05-16 22:49:21,824 - storage.access_export - DEBUG - Access TXT file created: data/export/access_test\Extracted_Tables\iq__DS_uniformiteit_buisB.txt
2026-05-16 22:49:21,827 - storage.access_export - DEBUG - Access TXT file created: data/export/access_test\Extracted_Tables\iq__DS_uniformiteit_buisB_summary.txt
2026-05-16 22:49:21,831 - storage.access_export - DEBUG - Access TXT file created: data/export/access_test\Extracted_Tables\iq__DS_correlatie_mixed.txt
2026-05-16 22:49:21,834 - storage.access_export - DEBUG - Access TXT file created: data/export/access_test\Extracted_Tables\iq__DS_correlatie_buisB.txt
2026-05-16 22:49:21,838 - storage.access_export - DEBUG - Access TXT file created: data/export/access_test\Extracted_Tables\geometry__slice_thickness_gt2mm.txt
2026-05-16 22:49:21,841 - storage.access_export - DEBUG - Access TXT file created: data/export/access_test\Extracted_Tables\geometry__slice_thickness_lt2mm.txt
2026-05-16 22:49:21,845 - storage.access_export - DEBUG - Access TXT file created: data/export/access_test\Extracted_Tables\protocols__adult.txt
2026-05-16 22:49:21,848 - storage.access_export - DEBUG - Access TXT file created: data/export/access_test\Extracted_Tables\protocols__pediatric.txt
2026-05-16 22:49:21,856 - storage.access_export - DEBUG - Access TXT file created: data/export/access_test\Metadata\Scalar_Records.txt
2026-05-16 22:49:21,862 - storage.access_export - DEBUG - Access TXT file created: data/export/access_test\Metadata\Named_Results.txt
2026-05-16 22:49:21,914 - storage.access_export - DEBUG - Access TXT file created: data/export/access_test\Metadata\Extracted_Fields.txt
2026-05-16 22:49:21,917 - storage.access_export - DEBUG - Access TXT file created: data/export/access_test\Metadata\Extraction_Metadata.txt
2026-05-16 22:49:21,917 - storage.access_export - INFO - Access export completed for QAVisit 561690
2026-05-16 22:49:21,982 - core.audit - INFO - [SUCCESS] Orchestrator.ProcessingComplete: File processed successfully | File: QC300_0524_01468CT-PETGE10.xlsm
2026-05-16 22:49:21,983 - core.audit - INFO - [INFO] Orchestrator.ProcessingStart: Start processing file | File: QC300_0524_01611CT-SPECTSymbiaBold4.xlsm
2026-05-16 22:49:21,983 - engine.extraction_engine - INFO - Extraction des donnees depuis: data/raw/Excel/QC300_0524_01611CT-SPECTSymbiaBold4.xlsm
2026-05-16 22:49:38,902 - engine.extraction_engine - INFO - Extraction terminee: 317 champs, 48 tables, 22 named results
2026-05-16 22:49:38,905 - models.qa_visit - WARNING - Utilisation QAID fallback: 578905
2026-05-16 22:49:38,910 - core.audit - INFO - [INFO] QAVisit.ReferencesResolved: References resolved successfully
2026-05-16 22:49:38,910 - core.audit - INFO - [INFO] QAVisit.Created: QAVisit 578905 created successfully
2026-05-16 22:49:38,910 - models.qa_visit - INFO - QAVisit 578905 ready for HDF5 persistence
2026-05-16 22:49:38,914 - storage.access_export - DEBUG - Access TXT file created: data/export/access_test\Metadata\QAVisit.txt
2026-05-16 22:49:38,918 - storage.access_export - DEBUG - Access TXT file created: data/export/access_test\Extracted_Tables\meta__measurement_equipment.txt
2026-05-16 22:49:38,922 - storage.access_export - DEBUG - Access TXT file created: data/export/access_test\Extracted_Tables\tube_voltage__accuracy.txt
2026-05-16 22:49:38,925 - storage.access_export - DEBUG - Access TXT file created: data/export/access_test\Extracted_Tables\tube_voltage__reproducibility.txt
2026-05-16 22:49:38,928 - storage.access_export - DEBUG - Access TXT file created: data/export/access_test\Extracted_Tables\geometry__geometric_efficiency.txt
2026-05-16 22:49:38,931 - storage.access_export - DEBUG - Access TXT file created: data/export/access_test\Extracted_Tables\geometry__positioning_light.txt
2026-05-16 22:49:38,935 - storage.access_export - DEBUG - Access TXT file created: data/export/access_test\Extracted_Tables\geometry__table_travel.txt
2026-05-16 22:49:38,938 - storage.access_export - DEBUG - Access TXT file created: data/export/access_test\Extracted_Tables\geometry__overscan.txt
2026-05-16 22:49:38,943 - storage.access_export - DEBUG - Access TXT file created: data/export/access_test\Extracted_Tables\geometry__increment.txt
2026-05-16 22:49:38,946 - storage.access_export - DEBUG - Access TXT file created: data/export/access_test\Extracted_Tables\geometry__pixel_size.txt
2026-05-16 22:49:38,949 - storage.access_export - DEBUG - Access TXT file created: data/export/access_test\Extracted_Tables\geometry__circular_symmetry.txt
2026-05-16 22:49:38,952 - storage.access_export - DEBUG - Access TXT file created: data/export/access_test\Extracted_Tables\dose__CTDI32_reproducibility.txt
2026-05-16 22:49:38,955 - storage.access_export - DEBUG - Access TXT file created: data/export/access_test\Extracted_Tables\dose__CTDI32_kV.txt
2026-05-16 22:49:38,959 - storage.access_export - DEBUG - Access TXT file created: data/export/access_test\Extracted_Tables\dose__CTDI32_kV_deviation.txt
2026-05-16 22:49:38,962 - storage.access_export - DEBUG - Access TXT file created: data/export/access_test\Extracted_Tables\dose__CTDI32_collimation.txt
2026-05-16 22:49:38,965 - storage.access_export - DEBUG - Access TXT file created: data/export/access_test\Extracted_Tables\dose__CTDI32_linearity.txt
2026-05-16 22:49:38,968 - storage.access_export - DEBUG - Access TXT file created: data/export/access_test\Extracted_Tables\dose__CTDI32_linearity_iterative.txt
2026-05-16 22:49:38,972 - storage.access_export - DEBUG - Access TXT file created: data/export/access_test\Extracted_Tables\dose__CTDI32_verification_standard.txt
2026-05-16 22:49:38,976 - storage.access_export - DEBUG - Access TXT file created: data/export/access_test\Extracted_Tables\dose__CTDI32_verification_DS.txt
2026-05-16 22:49:38,979 - storage.access_export - DEBUG - Access TXT file created: data/export/access_test\Extracted_Tables\noise__detector_row.txt
2026-05-16 22:49:38,983 - storage.access_export - DEBUG - Access TXT file created: data/export/access_test\Extracted_Tables\tcm__z_dikte_tcm_aan.txt
2026-05-16 22:49:38,987 - storage.access_export - DEBUG - Access TXT file created: data/export/access_test\Extracted_Tables\tcm__z_dikte_tcm_af.txt
2026-05-16 22:49:38,990 - storage.access_export - DEBUG - Access TXT file created: data/export/access_test\Extracted_Tables\tcm__z_densiteit_tcm_aan.txt
2026-05-16 22:49:38,994 - storage.access_export - DEBUG - Access TXT file created: data/export/access_test\Extracted_Tables\tcm__z_densiteit_tcm_af.txt
2026-05-16 22:49:38,998 - storage.access_export - DEBUG - Access TXT file created: data/export/access_test\Extracted_Tables\dose__CTDI16_kV.txt
2026-05-16 22:49:39,001 - storage.access_export - DEBUG - Access TXT file created: data/export/access_test\Extracted_Tables\uniformiteit__summary_table.txt
2026-05-16 22:49:39,005 - storage.access_export - DEBUG - Access TXT file created: data/export/access_test\Extracted_Tables\CT_getal_lineair.txt
2026-05-16 22:49:39,009 - storage.access_export - DEBUG - Access TXT file created: data/export/access_test\Extracted_Tables\iq__DS_CT_getal_lineair_mixed.txt
2026-05-16 22:49:39,013 - storage.access_export - DEBUG - Access TXT file created: data/export/access_test\Extracted_Tables\iq__DS_CT_getal_lineair_buisB.txt
2026-05-16 22:49:39,016 - storage.access_export - DEBUG - Access TXT file created: data/export/access_test\Extracted_Tables\iq__DS_HU_water_lucht_mixed.txt
2026-05-16 22:49:39,021 - storage.access_export - DEBUG - Access TXT file created: data/export/access_test\Extracted_Tables\iq__DS_uniformiteit_mixed.txt
2026-05-16 22:49:39,023 - storage.access_export - DEBUG - Access TXT file created: data/export/access_test\Extracted_Tables\iq__DS_uniformiteit_mixed_summary.txt
2026-05-16 22:49:39,027 - storage.access_export - DEBUG - Access TXT file created: data/export/access_test\Extracted_Tables\iq__DS_uniformiteit_buisB.txt
2026-05-16 22:49:39,032 - storage.access_export - DEBUG - Access TXT file created: data/export/access_test\Extracted_Tables\iq__DS_uniformiteit_buisB_summary.txt
2026-05-16 22:49:39,035 - storage.access_export - DEBUG - Access TXT file created: data/export/access_test\Extracted_Tables\iq__DS_correlatie_mixed.txt
2026-05-16 22:49:39,038 - storage.access_export - DEBUG - Access TXT file created: data/export/access_test\Extracted_Tables\iq__DS_correlatie_buisB.txt
2026-05-16 22:49:39,041 - storage.access_export - DEBUG - Access TXT file created: data/export/access_test\Extracted_Tables\geometry__slice_thickness_gt2mm.txt
2026-05-16 22:49:39,045 - storage.access_export - DEBUG - Access TXT file created: data/export/access_test\Extracted_Tables\geometry__slice_thickness_lt2mm.txt
2026-05-16 22:49:39,048 - storage.access_export - DEBUG - Access TXT file created: data/export/access_test\Extracted_Tables\protocols__adult.txt
2026-05-16 22:49:39,052 - storage.access_export - DEBUG - Access TXT file created: data/export/access_test\Extracted_Tables\protocols__pediatric.txt
2026-05-16 22:49:39,060 - storage.access_export - DEBUG - Access TXT file created: data/export/access_test\Metadata\Scalar_Records.txt
2026-05-16 22:49:39,063 - storage.access_export - DEBUG - Access TXT file created: data/export/access_test\Metadata\Named_Results.txt
2026-05-16 22:49:39,082 - storage.access_export - DEBUG - Access TXT file created: data/export/access_test\Metadata\Extracted_Fields.txt
2026-05-16 22:49:39,085 - storage.access_export - DEBUG - Access TXT file created: data/export/access_test\Metadata\Extraction_Metadata.txt
2026-05-16 22:49:39,085 - storage.access_export - INFO - Access export completed for QAVisit 578905
2026-05-16 22:49:39,138 - core.audit - INFO - [SUCCESS] Orchestrator.ProcessingComplete: File processed successfully | File: QC300_0524_01611CT-SPECTSymbiaBold4.xlsm
2026-05-16 22:49:39,139 - core.audit - INFO - [INFO] Orchestrator.ProcessingStart: Start processing file | File: QC300_0624_01504CT-CT11.xlsm
2026-05-16 22:49:39,139 - engine.extraction_engine - INFO - Extraction des donnees depuis: data/raw/Excel/QC300_0624_01504CT-CT11.xlsm
2026-05-16 22:50:25,635 - engine.extraction_engine - INFO - Extraction terminee: 317 champs, 50 tables, 22 named results
2026-05-16 22:50:25,638 - models.qa_visit - WARNING - Utilisation QAID fallback: 625638
2026-05-16 22:50:25,643 - core.audit - INFO - [INFO] QAVisit.ReferencesResolved: References resolved successfully
2026-05-16 22:50:25,643 - core.audit - INFO - [INFO] QAVisit.Created: QAVisit 625638 created successfully
2026-05-16 22:50:25,643 - models.qa_visit - INFO - QAVisit 625638 ready for HDF5 persistence
2026-05-16 22:50:25,646 - storage.access_export - DEBUG - Access TXT file created: data/export/access_test\Metadata\QAVisit.txt
2026-05-16 22:50:25,649 - storage.access_export - DEBUG - Access TXT file created: data/export/access_test\Extracted_Tables\meta__measurement_equipment.txt
2026-05-16 22:50:25,653 - storage.access_export - DEBUG - Access TXT file created: data/export/access_test\Extracted_Tables\tube_voltage__accuracy.txt
2026-05-16 22:50:25,656 - storage.access_export - DEBUG - Access TXT file created: data/export/access_test\Extracted_Tables\tube_voltage__reproducibility.txt
2026-05-16 22:50:25,661 - storage.access_export - DEBUG - Access TXT file created: data/export/access_test\Extracted_Tables\geometry__geometric_efficiency.txt
2026-05-16 22:50:25,664 - storage.access_export - DEBUG - Access TXT file created: data/export/access_test\Extracted_Tables\geometry__positioning_light.txt
2026-05-16 22:50:25,667 - storage.access_export - DEBUG - Access TXT file created: data/export/access_test\Extracted_Tables\geometry__table_travel.txt
2026-05-16 22:50:25,671 - storage.access_export - DEBUG - Access TXT file created: data/export/access_test\Extracted_Tables\geometry__overscan.txt
2026-05-16 22:50:25,674 - storage.access_export - DEBUG - Access TXT file created: data/export/access_test\Extracted_Tables\geometry__increment.txt
2026-05-16 22:50:25,677 - storage.access_export - DEBUG - Access TXT file created: data/export/access_test\Extracted_Tables\geometry__pixel_size.txt
2026-05-16 22:50:25,680 - storage.access_export - DEBUG - Access TXT file created: data/export/access_test\Extracted_Tables\geometry__circular_symmetry.txt
2026-05-16 22:50:25,683 - storage.access_export - DEBUG - Access TXT file created: data/export/access_test\Extracted_Tables\dose__CTDI32_reproducibility.txt
2026-05-16 22:50:25,687 - storage.access_export - DEBUG - Access TXT file created: data/export/access_test\Extracted_Tables\dose__CTDI32_kV.txt
2026-05-16 22:50:25,690 - storage.access_export - DEBUG - Access TXT file created: data/export/access_test\Extracted_Tables\dose__CTDI32_kV_deviation.txt
2026-05-16 22:50:25,694 - storage.access_export - DEBUG - Access TXT file created: data/export/access_test\Extracted_Tables\dose__CTDI32_collimation.txt
2026-05-16 22:50:25,698 - storage.access_export - DEBUG - Access TXT file created: data/export/access_test\Extracted_Tables\dose__CTDI32_linearity.txt
2026-05-16 22:50:25,700 - storage.access_export - DEBUG - Access TXT file created: data/export/access_test\Extracted_Tables\dose__CTDI32_linearity_iterative.txt
2026-05-16 22:50:25,703 - storage.access_export - DEBUG - Access TXT file created: data/export/access_test\Extracted_Tables\dose__CTDI32_verification_standard.txt
2026-05-16 22:50:25,707 - storage.access_export - DEBUG - Access TXT file created: data/export/access_test\Extracted_Tables\dose__CTDI32_verification_DS.txt
2026-05-16 22:50:25,711 - storage.access_export - DEBUG - Access TXT file created: data/export/access_test\Extracted_Tables\noise__detector_row.txt
2026-05-16 22:50:25,715 - storage.access_export - DEBUG - Access TXT file created: data/export/access_test\Extracted_Tables\tcm__z_dikte_tcm_aan.txt
2026-05-16 22:50:25,719 - storage.access_export - DEBUG - Access TXT file created: data/export/access_test\Extracted_Tables\tcm__z_dikte_tcm_af.txt
2026-05-16 22:50:25,725 - storage.access_export - DEBUG - Access TXT file created: data/export/access_test\Extracted_Tables\tcm__z_densiteit_tcm_aan.txt
2026-05-16 22:50:25,730 - storage.access_export - DEBUG - Access TXT file created: data/export/access_test\Extracted_Tables\tcm__z_densiteit_tcm_af.txt
2026-05-16 22:50:25,734 - storage.access_export - DEBUG - Access TXT file created: data/export/access_test\Extracted_Tables\dose__CTDI16_kV.txt
2026-05-16 22:50:25,737 - storage.access_export - DEBUG - Access TXT file created: data/export/access_test\Extracted_Tables\uniformiteit__summary_table.txt
2026-05-16 22:50:25,741 - storage.access_export - DEBUG - Access TXT file created: data/export/access_test\Extracted_Tables\CT_getal_lineair.txt
2026-05-16 22:50:25,745 - storage.access_export - DEBUG - Access TXT file created: data/export/access_test\Extracted_Tables\iq__DS_CT_getal_lineair_mixed.txt
2026-05-16 22:50:25,748 - storage.access_export - DEBUG - Access TXT file created: data/export/access_test\Extracted_Tables\iq__DS_CT_getal_lineair_buisB.txt
2026-05-16 22:50:25,753 - storage.access_export - DEBUG - Access TXT file created: data/export/access_test\Extracted_Tables\iq__DS_HU_water_lucht_mixed.txt
2026-05-16 22:50:25,758 - storage.access_export - DEBUG - Access TXT file created: data/export/access_test\Extracted_Tables\iq__DS_HU_water_lucht_buisB.txt
2026-05-16 22:50:25,762 - storage.access_export - DEBUG - Access TXT file created: data/export/access_test\Extracted_Tables\iq__DS_uniformiteit_mixed.txt
2026-05-16 22:50:25,766 - storage.access_export - DEBUG - Access TXT file created: data/export/access_test\Extracted_Tables\iq__DS_uniformiteit_mixed_summary.txt
2026-05-16 22:50:25,769 - storage.access_export - DEBUG - Access TXT file created: data/export/access_test\Extracted_Tables\iq__DS_uniformiteit_buisB.txt
2026-05-16 22:50:25,772 - storage.access_export - DEBUG - Access TXT file created: data/export/access_test\Extracted_Tables\iq__DS_uniformiteit_buisB_summary.txt
2026-05-16 22:50:25,776 - storage.access_export - DEBUG - Access TXT file created: data/export/access_test\Extracted_Tables\iq__DS_correlatie_mixed.txt
2026-05-16 22:50:25,780 - storage.access_export - DEBUG - Access TXT file created: data/export/access_test\Extracted_Tables\iq__DS_correlatie_buisB.txt
2026-05-16 22:50:25,784 - storage.access_export - DEBUG - Access TXT file created: data/export/access_test\Extracted_Tables\geometry__slice_thickness_gt2mm.txt
2026-05-16 22:50:25,787 - storage.access_export - DEBUG - Access TXT file created: data/export/access_test\Extracted_Tables\geometry__slice_thickness_lt2mm.txt
2026-05-16 22:50:25,790 - storage.access_export - DEBUG - Access TXT file created: data/export/access_test\Extracted_Tables\protocols__adult.txt
2026-05-16 22:50:25,794 - storage.access_export - DEBUG - Access TXT file created: data/export/access_test\Extracted_Tables\protocols__pediatric.txt
2026-05-16 22:50:25,801 - storage.access_export - DEBUG - Access TXT file created: data/export/access_test\Metadata\Scalar_Records.txt
2026-05-16 22:50:25,805 - storage.access_export - DEBUG - Access TXT file created: data/export/access_test\Metadata\Named_Results.txt
2026-05-16 22:50:25,826 - storage.access_export - DEBUG - Access TXT file created: data/export/access_test\Metadata\Extracted_Fields.txt
2026-05-16 22:50:25,828 - storage.access_export - DEBUG - Access TXT file created: data/export/access_test\Metadata\Extraction_Metadata.txt
2026-05-16 22:50:25,828 - storage.access_export - INFO - Access export completed for QAVisit 625638
2026-05-16 22:50:25,890 - core.audit - INFO - [SUCCESS] Orchestrator.ProcessingComplete: File processed successfully | File: QC300_0624_01504CT-CT11.xlsm
2026-05-16 22:50:25,891 - core.audit - INFO - [INFO] Orchestrator.ProcessingStart: Start processing file | File: QC300_0724_01014CT-CT13.xlsm
2026-05-16 22:50:25,891 - engine.extraction_engine - INFO - Extraction des donnees depuis: data/raw/Excel/QC300_0724_01014CT-CT13.xlsm
2026-05-16 22:50:50,053 - engine.extraction_engine - INFO - Extraction terminee: 317 champs, 48 tables, 22 named results
2026-05-16 22:50:50,057 - models.qa_visit - WARNING - Utilisation QAID fallback: 650057
2026-05-16 22:50:50,063 - core.audit - INFO - [INFO] QAVisit.ReferencesResolved: References resolved successfully
2026-05-16 22:50:50,063 - core.audit - INFO - [INFO] QAVisit.Created: QAVisit 650057 created successfully
2026-05-16 22:50:50,063 - models.qa_visit - INFO - QAVisit 650057 ready for HDF5 persistence
2026-05-16 22:50:50,066 - storage.access_export - DEBUG - Access TXT file created: data/export/access_test\Metadata\QAVisit.txt
2026-05-16 22:50:50,070 - storage.access_export - DEBUG - Access TXT file created: data/export/access_test\Extracted_Tables\meta__measurement_equipment.txt
2026-05-16 22:50:50,074 - storage.access_export - DEBUG - Access TXT file created: data/export/access_test\Extracted_Tables\tube_voltage__accuracy.txt
2026-05-16 22:50:50,077 - storage.access_export - DEBUG - Access TXT file created: data/export/access_test\Extracted_Tables\tube_voltage__reproducibility.txt
2026-05-16 22:50:50,081 - storage.access_export - DEBUG - Access TXT file created: data/export/access_test\Extracted_Tables\geometry__geometric_efficiency.txt
2026-05-16 22:50:50,084 - storage.access_export - DEBUG - Access TXT file created: data/export/access_test\Extracted_Tables\geometry__positioning_light.txt
2026-05-16 22:50:50,088 - storage.access_export - DEBUG - Access TXT file created: data/export/access_test\Extracted_Tables\geometry__table_travel.txt
2026-05-16 22:50:50,091 - storage.access_export - DEBUG - Access TXT file created: data/export/access_test\Extracted_Tables\geometry__overscan.txt
2026-05-16 22:50:50,095 - storage.access_export - DEBUG - Access TXT file created: data/export/access_test\Extracted_Tables\geometry__increment.txt
2026-05-16 22:50:50,098 - storage.access_export - DEBUG - Access TXT file created: data/export/access_test\Extracted_Tables\geometry__pixel_size.txt
2026-05-16 22:50:50,102 - storage.access_export - DEBUG - Access TXT file created: data/export/access_test\Extracted_Tables\geometry__circular_symmetry.txt
2026-05-16 22:50:50,106 - storage.access_export - DEBUG - Access TXT file created: data/export/access_test\Extracted_Tables\dose__CTDI32_reproducibility.txt
2026-05-16 22:50:50,109 - storage.access_export - DEBUG - Access TXT file created: data/export/access_test\Extracted_Tables\dose__CTDI32_kV.txt
2026-05-16 22:50:50,112 - storage.access_export - DEBUG - Access TXT file created: data/export/access_test\Extracted_Tables\dose__CTDI32_kV_deviation.txt
2026-05-16 22:50:50,117 - storage.access_export - DEBUG - Access TXT file created: data/export/access_test\Extracted_Tables\dose__CTDI32_collimation.txt
2026-05-16 22:50:50,120 - storage.access_export - DEBUG - Access TXT file created: data/export/access_test\Extracted_Tables\dose__CTDI32_linearity.txt
2026-05-16 22:50:50,124 - storage.access_export - DEBUG - Access TXT file created: data/export/access_test\Extracted_Tables\dose__CTDI32_linearity_iterative.txt
2026-05-16 22:50:50,128 - storage.access_export - DEBUG - Access TXT file created: data/export/access_test\Extracted_Tables\dose__CTDI32_verification_standard.txt
2026-05-16 22:50:50,131 - storage.access_export - DEBUG - Access TXT file created: data/export/access_test\Extracted_Tables\dose__CTDI32_verification_DS.txt
2026-05-16 22:50:50,136 - storage.access_export - DEBUG - Access TXT file created: data/export/access_test\Extracted_Tables\noise__detector_row.txt
2026-05-16 22:50:50,140 - storage.access_export - DEBUG - Access TXT file created: data/export/access_test\Extracted_Tables\tcm__z_dikte_tcm_aan.txt
2026-05-16 22:50:50,144 - storage.access_export - DEBUG - Access TXT file created: data/export/access_test\Extracted_Tables\tcm__z_dikte_tcm_af.txt
2026-05-16 22:50:50,148 - storage.access_export - DEBUG - Access TXT file created: data/export/access_test\Extracted_Tables\dose__CTDI16_kV.txt
2026-05-16 22:50:50,152 - storage.access_export - DEBUG - Access TXT file created: data/export/access_test\Extracted_Tables\uniformiteit__summary_table.txt
2026-05-16 22:50:50,156 - storage.access_export - DEBUG - Access TXT file created: data/export/access_test\Extracted_Tables\CT_getal_lineair.txt
2026-05-16 22:50:50,161 - storage.access_export - DEBUG - Access TXT file created: data/export/access_test\Extracted_Tables\iq__DS_CT_getal_lineair_mixed.txt
2026-05-16 22:50:50,165 - storage.access_export - DEBUG - Access TXT file created: data/export/access_test\Extracted_Tables\iq__DS_CT_getal_lineair_buisB.txt
2026-05-16 22:50:50,169 - storage.access_export - DEBUG - Access TXT file created: data/export/access_test\Extracted_Tables\iq__DS_HU_water_lucht_mixed.txt
2026-05-16 22:50:50,172 - storage.access_export - DEBUG - Access TXT file created: data/export/access_test\Extracted_Tables\iq__DS_HU_water_lucht_buisB.txt
2026-05-16 22:50:50,176 - storage.access_export - DEBUG - Access TXT file created: data/export/access_test\Extracted_Tables\iq__DS_uniformiteit_mixed.txt
2026-05-16 22:50:50,180 - storage.access_export - DEBUG - Access TXT file created: data/export/access_test\Extracted_Tables\iq__DS_uniformiteit_mixed_summary.txt
2026-05-16 22:50:50,184 - storage.access_export - DEBUG - Access TXT file created: data/export/access_test\Extracted_Tables\iq__DS_uniformiteit_buisB.txt
2026-05-16 22:50:50,188 - storage.access_export - DEBUG - Access TXT file created: data/export/access_test\Extracted_Tables\iq__DS_uniformiteit_buisB_summary.txt
2026-05-16 22:50:50,192 - storage.access_export - DEBUG - Access TXT file created: data/export/access_test\Extracted_Tables\iq__DS_correlatie_mixed.txt
2026-05-16 22:50:50,196 - storage.access_export - DEBUG - Access TXT file created: data/export/access_test\Extracted_Tables\iq__DS_correlatie_buisB.txt
2026-05-16 22:50:50,199 - storage.access_export - DEBUG - Access TXT file created: data/export/access_test\Extracted_Tables\geometry__slice_thickness_gt2mm.txt
2026-05-16 22:50:50,202 - storage.access_export - DEBUG - Access TXT file created: data/export/access_test\Extracted_Tables\geometry__slice_thickness_lt2mm.txt
2026-05-16 22:50:50,205 - storage.access_export - DEBUG - Access TXT file created: data/export/access_test\Extracted_Tables\protocols__adult.txt
2026-05-16 22:50:50,209 - storage.access_export - DEBUG - Access TXT file created: data/export/access_test\Extracted_Tables\protocols__pediatric.txt
2026-05-16 22:50:50,216 - storage.access_export - DEBUG - Access TXT file created: data/export/access_test\Metadata\Scalar_Records.txt
2026-05-16 22:50:50,221 - storage.access_export - DEBUG - Access TXT file created: data/export/access_test\Metadata\Named_Results.txt
2026-05-16 22:50:50,242 - storage.access_export - DEBUG - Access TXT file created: data/export/access_test\Metadata\Extracted_Fields.txt
2026-05-16 22:50:50,244 - storage.access_export - DEBUG - Access TXT file created: data/export/access_test\Metadata\Extraction_Metadata.txt
2026-05-16 22:50:50,244 - storage.access_export - INFO - Access export completed for QAVisit 650057
2026-05-16 22:50:50,301 - core.audit - INFO - [SUCCESS] Orchestrator.ProcessingComplete: File processed successfully | File: QC300_0724_01014CT-CT13.xlsm
2026-05-16 22:50:50,301 - core.audit - INFO - [INFO] Orchestrator.ProcessingStart: Start processing file | File: QC300_0724_01705CT_CT16.xlsm
2026-05-16 22:50:50,302 - engine.extraction_engine - INFO - Extraction des donnees depuis: data/raw/Excel/QC300_0724_01705CT_CT16.xlsm
2026-05-16 22:51:22,026 - engine.extraction_engine - INFO - Extraction terminee: 317 champs, 48 tables, 22 named results
2026-05-16 22:51:22,030 - models.qa_visit - WARNING - Utilisation QAID fallback: 682030
2026-05-16 22:51:22,035 - core.audit - INFO - [INFO] QAVisit.ReferencesResolved: References resolved successfully
2026-05-16 22:51:22,035 - core.audit - INFO - [INFO] QAVisit.Created: QAVisit 682030 created successfully
2026-05-16 22:51:22,035 - models.qa_visit - INFO - QAVisit 682030 ready for HDF5 persistence
2026-05-16 22:51:22,039 - storage.access_export - DEBUG - Access TXT file created: data/export/access_test\Metadata\QAVisit.txt
2026-05-16 22:51:22,043 - storage.access_export - DEBUG - Access TXT file created: data/export/access_test\Extracted_Tables\meta__measurement_equipment.txt
2026-05-16 22:51:22,046 - storage.access_export - DEBUG - Access TXT file created: data/export/access_test\Extracted_Tables\tube_voltage__accuracy.txt
2026-05-16 22:51:22,050 - storage.access_export - DEBUG - Access TXT file created: data/export/access_test\Extracted_Tables\tube_voltage__reproducibility.txt
2026-05-16 22:51:22,054 - storage.access_export - DEBUG - Access TXT file created: data/export/access_test\Extracted_Tables\geometry__geometric_efficiency.txt
2026-05-16 22:51:22,057 - storage.access_export - DEBUG - Access TXT file created: data/export/access_test\Extracted_Tables\geometry__positioning_light.txt
2026-05-16 22:51:22,060 - storage.access_export - DEBUG - Access TXT file created: data/export/access_test\Extracted_Tables\geometry__table_travel.txt
2026-05-16 22:51:22,064 - storage.access_export - DEBUG - Access TXT file created: data/export/access_test\Extracted_Tables\geometry__overscan.txt
2026-05-16 22:51:22,067 - storage.access_export - DEBUG - Access TXT file created: data/export/access_test\Extracted_Tables\geometry__increment.txt
2026-05-16 22:51:22,070 - storage.access_export - DEBUG - Access TXT file created: data/export/access_test\Extracted_Tables\geometry__pixel_size.txt
2026-05-16 22:51:22,074 - storage.access_export - DEBUG - Access TXT file created: data/export/access_test\Extracted_Tables\geometry__circular_symmetry.txt
2026-05-16 22:51:22,077 - storage.access_export - DEBUG - Access TXT file created: data/export/access_test\Extracted_Tables\dose__CTDI32_reproducibility.txt
2026-05-16 22:51:22,081 - storage.access_export - DEBUG - Access TXT file created: data/export/access_test\Extracted_Tables\dose__CTDI32_kV.txt
2026-05-16 22:51:22,084 - storage.access_export - DEBUG - Access TXT file created: data/export/access_test\Extracted_Tables\dose__CTDI32_kV_deviation.txt
2026-05-16 22:51:22,088 - storage.access_export - DEBUG - Access TXT file created: data/export/access_test\Extracted_Tables\dose__CTDI32_collimation.txt
2026-05-16 22:51:22,091 - storage.access_export - DEBUG - Access TXT file created: data/export/access_test\Extracted_Tables\dose__CTDI32_linearity.txt
2026-05-16 22:51:22,095 - storage.access_export - DEBUG - Access TXT file created: data/export/access_test\Extracted_Tables\dose__CTDI32_linearity_iterative.txt
2026-05-16 22:51:22,098 - storage.access_export - DEBUG - Access TXT file created: data/export/access_test\Extracted_Tables\dose__CTDI32_verification_standard.txt
2026-05-16 22:51:22,102 - storage.access_export - DEBUG - Access TXT file created: data/export/access_test\Extracted_Tables\dose__CTDI32_verification_DS.txt
2026-05-16 22:51:22,105 - storage.access_export - DEBUG - Access TXT file created: data/export/access_test\Extracted_Tables\noise__detector_row.txt
2026-05-16 22:51:22,110 - storage.access_export - DEBUG - Access TXT file created: data/export/access_test\Extracted_Tables\tcm__z_dikte_tcm_aan.txt
2026-05-16 22:51:22,114 - storage.access_export - DEBUG - Access TXT file created: data/export/access_test\Extracted_Tables\tcm__z_dikte_tcm_af.txt
2026-05-16 22:51:22,119 - storage.access_export - DEBUG - Access TXT file created: data/export/access_test\Extracted_Tables\tcm__z_densiteit_tcm_aan.txt
2026-05-16 22:51:22,124 - storage.access_export - DEBUG - Access TXT file created: data/export/access_test\Extracted_Tables\tcm__z_densiteit_tcm_af.txt
2026-05-16 22:51:22,127 - storage.access_export - DEBUG - Access TXT file created: data/export/access_test\Extracted_Tables\dose__CTDI16_kV.txt
2026-05-16 22:51:22,131 - storage.access_export - DEBUG - Access TXT file created: data/export/access_test\Extracted_Tables\uniformiteit__summary_table.txt
2026-05-16 22:51:22,135 - storage.access_export - DEBUG - Access TXT file created: data/export/access_test\Extracted_Tables\CT_getal_lineair.txt
2026-05-16 22:51:22,139 - storage.access_export - DEBUG - Access TXT file created: data/export/access_test\Extracted_Tables\iq__DS_CT_getal_lineair_mixed.txt
2026-05-16 22:51:22,143 - storage.access_export - DEBUG - Access TXT file created: data/export/access_test\Extracted_Tables\iq__DS_CT_getal_lineair_buisB.txt
2026-05-16 22:51:22,147 - storage.access_export - DEBUG - Access TXT file created: data/export/access_test\Extracted_Tables\iq__DS_HU_water_lucht_mixed.txt
2026-05-16 22:51:22,151 - storage.access_export - DEBUG - Access TXT file created: data/export/access_test\Extracted_Tables\iq__DS_uniformiteit_mixed.txt
2026-05-16 22:51:22,154 - storage.access_export - DEBUG - Access TXT file created: data/export/access_test\Extracted_Tables\iq__DS_uniformiteit_mixed_summary.txt
2026-05-16 22:51:22,159 - storage.access_export - DEBUG - Access TXT file created: data/export/access_test\Extracted_Tables\iq__DS_uniformiteit_buisB.txt
2026-05-16 22:51:22,162 - storage.access_export - DEBUG - Access TXT file created: data/export/access_test\Extracted_Tables\iq__DS_uniformiteit_buisB_summary.txt
2026-05-16 22:51:22,166 - storage.access_export - DEBUG - Access TXT file created: data/export/access_test\Extracted_Tables\iq__DS_correlatie_mixed.txt
2026-05-16 22:51:22,170 - storage.access_export - DEBUG - Access TXT file created: data/export/access_test\Extracted_Tables\iq__DS_correlatie_buisB.txt
2026-05-16 22:51:22,174 - storage.access_export - DEBUG - Access TXT file created: data/export/access_test\Extracted_Tables\geometry__slice_thickness_gt2mm.txt
2026-05-16 22:51:22,178 - storage.access_export - DEBUG - Access TXT file created: data/export/access_test\Extracted_Tables\geometry__slice_thickness_lt2mm.txt
2026-05-16 22:51:22,184 - storage.access_export - DEBUG - Access TXT file created: data/export/access_test\Extracted_Tables\protocols__adult.txt
2026-05-16 22:51:22,187 - storage.access_export - DEBUG - Access TXT file created: data/export/access_test\Extracted_Tables\protocols__pediatric.txt
2026-05-16 22:51:22,195 - storage.access_export - DEBUG - Access TXT file created: data/export/access_test\Metadata\Scalar_Records.txt
2026-05-16 22:51:22,201 - storage.access_export - DEBUG - Access TXT file created: data/export/access_test\Metadata\Named_Results.txt
2026-05-16 22:51:22,221 - storage.access_export - DEBUG - Access TXT file created: data/export/access_test\Metadata\Extracted_Fields.txt
2026-05-16 22:51:22,223 - storage.access_export - DEBUG - Access TXT file created: data/export/access_test\Metadata\Extraction_Metadata.txt
2026-05-16 22:51:22,223 - storage.access_export - INFO - Access export completed for QAVisit 682030
2026-05-16 22:51:22,320 - core.audit - INFO - [SUCCESS] Orchestrator.ProcessingComplete: File processed successfully | File: QC300_0724_01705CT_CT16.xlsm
2026-05-16 22:51:22,321 - core.audit - INFO - [INFO] Orchestrator.ProcessingStart: Start processing file | File: QC300_0924_01979CT-PETCT9.xlsm
2026-05-16 22:51:22,321 - engine.extraction_engine - INFO - Extraction des donnees depuis: data/raw/Excel/QC300_0924_01979CT-PETCT9.xlsm
2026-05-16 22:51:39,745 - engine.extraction_engine - INFO - Extraction terminee: 317 champs, 48 tables, 22 named results
2026-05-16 22:51:39,749 - models.qa_visit - WARNING - Utilisation QAID fallback: 699749
2026-05-16 22:51:39,752 - models.qa_visit - WARNING - No Linktable match for normalized QAMPR 1979
2026-05-16 22:51:39,752 - core.audit - WARNING - [WARNING] QAVisit.ReferenceResolutionNoMatch: No Linktable match for normalized QAMPR 1979
2026-05-16 22:51:39,752 - core.audit - INFO - [INFO] QAVisit.Created: QAVisit 699749 created successfully
2026-05-16 22:51:39,753 - models.qa_visit - INFO - QAVisit 699749 ready for HDF5 persistence
2026-05-16 22:51:39,757 - storage.access_export - DEBUG - Access TXT file created: data/export/access_test\Metadata\QAVisit.txt
2026-05-16 22:51:39,761 - storage.access_export - DEBUG - Access TXT file created: data/export/access_test\Extracted_Tables\meta__measurement_equipment.txt
2026-05-16 22:51:39,766 - storage.access_export - DEBUG - Access TXT file created: data/export/access_test\Extracted_Tables\tube_voltage__accuracy.txt
2026-05-16 22:51:39,770 - storage.access_export - DEBUG - Access TXT file created: data/export/access_test\Extracted_Tables\tube_voltage__reproducibility.txt
2026-05-16 22:51:39,775 - storage.access_export - DEBUG - Access TXT file created: data/export/access_test\Extracted_Tables\geometry__geometric_efficiency.txt
2026-05-16 22:51:39,778 - storage.access_export - DEBUG - Access TXT file created: data/export/access_test\Extracted_Tables\geometry__positioning_light.txt
2026-05-16 22:51:39,784 - storage.access_export - DEBUG - Access TXT file created: data/export/access_test\Extracted_Tables\geometry__table_travel.txt
2026-05-16 22:51:39,788 - storage.access_export - DEBUG - Access TXT file created: data/export/access_test\Extracted_Tables\geometry__overscan.txt
2026-05-16 22:51:39,792 - storage.access_export - DEBUG - Access TXT file created: data/export/access_test\Extracted_Tables\geometry__increment.txt
2026-05-16 22:51:39,796 - storage.access_export - DEBUG - Access TXT file created: data/export/access_test\Extracted_Tables\geometry__pixel_size.txt
2026-05-16 22:51:39,801 - storage.access_export - DEBUG - Access TXT file created: data/export/access_test\Extracted_Tables\geometry__circular_symmetry.txt
2026-05-16 22:51:39,804 - storage.access_export - DEBUG - Access TXT file created: data/export/access_test\Extracted_Tables\dose__CTDI32_reproducibility.txt
2026-05-16 22:51:39,807 - storage.access_export - DEBUG - Access TXT file created: data/export/access_test\Extracted_Tables\dose__CTDI32_kV.txt
2026-05-16 22:51:39,810 - storage.access_export - DEBUG - Access TXT file created: data/export/access_test\Extracted_Tables\dose__CTDI32_kV_deviation.txt
2026-05-16 22:51:39,816 - storage.access_export - DEBUG - Access TXT file created: data/export/access_test\Extracted_Tables\dose__CTDI32_collimation.txt
2026-05-16 22:51:39,819 - storage.access_export - DEBUG - Access TXT file created: data/export/access_test\Extracted_Tables\dose__CTDI32_linearity.txt
2026-05-16 22:51:39,822 - storage.access_export - DEBUG - Access TXT file created: data/export/access_test\Extracted_Tables\dose__CTDI32_linearity_iterative.txt
2026-05-16 22:51:39,825 - storage.access_export - DEBUG - Access TXT file created: data/export/access_test\Extracted_Tables\dose__CTDI32_verification_standard.txt
2026-05-16 22:51:39,828 - storage.access_export - DEBUG - Access TXT file created: data/export/access_test\Extracted_Tables\dose__CTDI32_verification_DS.txt
2026-05-16 22:51:39,833 - storage.access_export - DEBUG - Access TXT file created: data/export/access_test\Extracted_Tables\noise__detector_row.txt
2026-05-16 22:51:39,837 - storage.access_export - DEBUG - Access TXT file created: data/export/access_test\Extracted_Tables\tcm__z_dikte_tcm_aan.txt
2026-05-16 22:51:39,842 - storage.access_export - DEBUG - Access TXT file created: data/export/access_test\Extracted_Tables\tcm__z_dikte_tcm_af.txt
2026-05-16 22:51:39,845 - storage.access_export - DEBUG - Access TXT file created: data/export/access_test\Extracted_Tables\tcm__z_densiteit_tcm_aan.txt
2026-05-16 22:51:39,850 - storage.access_export - DEBUG - Access TXT file created: data/export/access_test\Extracted_Tables\tcm__z_densiteit_tcm_af.txt
2026-05-16 22:51:39,853 - storage.access_export - DEBUG - Access TXT file created: data/export/access_test\Extracted_Tables\dose__CTDI16_kV.txt
2026-05-16 22:51:39,857 - storage.access_export - DEBUG - Access TXT file created: data/export/access_test\Extracted_Tables\uniformiteit__summary_table.txt
2026-05-16 22:51:39,860 - storage.access_export - DEBUG - Access TXT file created: data/export/access_test\Extracted_Tables\CT_getal_lineair.txt
2026-05-16 22:51:39,867 - storage.access_export - DEBUG - Access TXT file created: data/export/access_test\Extracted_Tables\iq__DS_CT_getal_lineair_mixed.txt
2026-05-16 22:51:39,872 - storage.access_export - DEBUG - Access TXT file created: data/export/access_test\Extracted_Tables\iq__DS_CT_getal_lineair_buisB.txt
2026-05-16 22:51:39,876 - storage.access_export - DEBUG - Access TXT file created: data/export/access_test\Extracted_Tables\iq__DS_HU_water_lucht_mixed.txt
2026-05-16 22:51:39,883 - storage.access_export - DEBUG - Access TXT file created: data/export/access_test\Extracted_Tables\iq__DS_uniformiteit_mixed.txt
2026-05-16 22:51:39,888 - storage.access_export - DEBUG - Access TXT file created: data/export/access_test\Extracted_Tables\iq__DS_uniformiteit_mixed_summary.txt
2026-05-16 22:51:39,892 - storage.access_export - DEBUG - Access TXT file created: data/export/access_test\Extracted_Tables\iq__DS_uniformiteit_buisB.txt
2026-05-16 22:51:39,896 - storage.access_export - DEBUG - Access TXT file created: data/export/access_test\Extracted_Tables\iq__DS_uniformiteit_buisB_summary.txt
2026-05-16 22:51:39,901 - storage.access_export - DEBUG - Access TXT file created: data/export/access_test\Extracted_Tables\iq__DS_correlatie_mixed.txt
2026-05-16 22:51:39,907 - storage.access_export - DEBUG - Access TXT file created: data/export/access_test\Extracted_Tables\iq__DS_correlatie_buisB.txt
2026-05-16 22:51:39,911 - storage.access_export - DEBUG - Access TXT file created: data/export/access_test\Extracted_Tables\geometry__slice_thickness_gt2mm.txt
2026-05-16 22:51:39,917 - storage.access_export - DEBUG - Access TXT file created: data/export/access_test\Extracted_Tables\geometry__slice_thickness_lt2mm.txt
2026-05-16 22:51:39,921 - storage.access_export - DEBUG - Access TXT file created: data/export/access_test\Extracted_Tables\protocols__adult.txt
2026-05-16 22:51:39,925 - storage.access_export - DEBUG - Access TXT file created: data/export/access_test\Extracted_Tables\protocols__pediatric.txt
2026-05-16 22:51:39,936 - storage.access_export - DEBUG - Access TXT file created: data/export/access_test\Metadata\Scalar_Records.txt
2026-05-16 22:51:39,942 - storage.access_export - DEBUG - Access TXT file created: data/export/access_test\Metadata\Named_Results.txt
2026-05-16 22:51:39,967 - storage.access_export - DEBUG - Access TXT file created: data/export/access_test\Metadata\Extracted_Fields.txt
2026-05-16 22:51:39,970 - storage.access_export - DEBUG - Access TXT file created: data/export/access_test\Metadata\Extraction_Metadata.txt
2026-05-16 22:51:39,970 - storage.access_export - INFO - Access export completed for QAVisit 699749
2026-05-16 22:51:40,029 - core.audit - INFO - [SUCCESS] Orchestrator.ProcessingComplete: File processed successfully | File: QC300_0924_01979CT-PETCT9.xlsm
2026-05-16 22:51:40,031 - core.audit - INFO - [INFO] Orchestrator.ProcessingStart: Start processing file | File: QC300_1024_01835CT-CT14 .xlsm
2026-05-16 22:51:40,031 - engine.extraction_engine - INFO - Extraction des donnees depuis: data/raw/Excel/QC300_1024_01835CT-CT14 .xlsm
2026-05-16 22:51:56,148 - engine.extraction_engine - INFO - Extraction terminee: 169 champs, 41 tables, 18 named results
2026-05-16 22:51:56,152 - models.qa_visit - WARNING - Utilisation QAID fallback: 716152
2026-05-16 22:51:56,155 - models.qa_visit - WARNING - No Linktable match for normalized QAMPR 1835
2026-05-16 22:51:56,155 - core.audit - WARNING - [WARNING] QAVisit.ReferenceResolutionNoMatch: No Linktable match for normalized QAMPR 1835
2026-05-16 22:51:56,155 - core.audit - INFO - [INFO] QAVisit.Created: QAVisit 716152 created successfully
2026-05-16 22:51:56,156 - models.qa_visit - INFO - QAVisit 716152 ready for HDF5 persistence
2026-05-16 22:51:56,160 - storage.access_export - DEBUG - Access TXT file created: data/export/access_test\Metadata\QAVisit.txt
2026-05-16 22:51:56,166 - storage.access_export - DEBUG - Access TXT file created: data/export/access_test\Extracted_Tables\meta__measurement_equipment.txt
2026-05-16 22:51:56,170 - storage.access_export - DEBUG - Access TXT file created: data/export/access_test\Extracted_Tables\tube_voltage__accuracy.txt
2026-05-16 22:51:56,175 - storage.access_export - DEBUG - Access TXT file created: data/export/access_test\Extracted_Tables\tube_voltage__reproducibility.txt
2026-05-16 22:51:56,181 - storage.access_export - DEBUG - Access TXT file created: data/export/access_test\Extracted_Tables\geometry__geometric_efficiency.txt
2026-05-16 22:51:56,186 - storage.access_export - DEBUG - Access TXT file created: data/export/access_test\Extracted_Tables\geometry__positioning_light.txt
2026-05-16 22:51:56,193 - storage.access_export - DEBUG - Access TXT file created: data/export/access_test\Extracted_Tables\geometry__table_travel.txt
2026-05-16 22:51:56,198 - storage.access_export - DEBUG - Access TXT file created: data/export/access_test\Extracted_Tables\geometry__overscan.txt
2026-05-16 22:51:56,205 - storage.access_export - DEBUG - Access TXT file created: data/export/access_test\Extracted_Tables\geometry__increment.txt
2026-05-16 22:51:56,210 - storage.access_export - DEBUG - Access TXT file created: data/export/access_test\Extracted_Tables\geometry__pixel_size.txt
2026-05-16 22:51:56,216 - storage.access_export - DEBUG - Access TXT file created: data/export/access_test\Extracted_Tables\geometry__circular_symmetry.txt
2026-05-16 22:51:56,223 - storage.access_export - DEBUG - Access TXT file created: data/export/access_test\Extracted_Tables\dose__CTDI32_reproducibility.txt
2026-05-16 22:51:56,229 - storage.access_export - DEBUG - Access TXT file created: data/export/access_test\Extracted_Tables\dose__CTDI32_kV.txt
2026-05-16 22:51:56,237 - storage.access_export - DEBUG - Access TXT file created: data/export/access_test\Extracted_Tables\dose__CTDI32_kV_deviation.txt
2026-05-16 22:51:56,244 - storage.access_export - DEBUG - Access TXT file created: data/export/access_test\Extracted_Tables\dose__CTDI32_collimation.txt
2026-05-16 22:51:56,251 - storage.access_export - DEBUG - Access TXT file created: data/export/access_test\Extracted_Tables\dose__CTDI32_linearity.txt
2026-05-16 22:51:56,257 - storage.access_export - DEBUG - Access TXT file created: data/export/access_test\Extracted_Tables\dose__CTDI32_linearity_iterative.txt
2026-05-16 22:51:56,266 - storage.access_export - DEBUG - Access TXT file created: data/export/access_test\Extracted_Tables\dose__CTDI32_verification_standard.txt
2026-05-16 22:51:56,272 - storage.access_export - DEBUG - Access TXT file created: data/export/access_test\Extracted_Tables\dose__CTDI32_verification_DS.txt
2026-05-16 22:51:56,280 - storage.access_export - DEBUG - Access TXT file created: data/export/access_test\Extracted_Tables\noise__detector_row.txt
2026-05-16 22:51:56,286 - storage.access_export - DEBUG - Access TXT file created: data/export/access_test\Extracted_Tables\tcm__z_dikte_tcm_aan.txt
2026-05-16 22:51:56,292 - storage.access_export - DEBUG - Access TXT file created: data/export/access_test\Extracted_Tables\tcm__z_dikte_tcm_af.txt
2026-05-16 22:51:56,299 - storage.access_export - DEBUG - Access TXT file created: data/export/access_test\Extracted_Tables\tcm__z_densiteit_tcm_aan.txt
2026-05-16 22:51:56,306 - storage.access_export - DEBUG - Access TXT file created: data/export/access_test\Extracted_Tables\tcm__z_densiteit_tcm_af.txt
2026-05-16 22:51:56,312 - storage.access_export - DEBUG - Access TXT file created: data/export/access_test\Extracted_Tables\dose__CTDI16_kV.txt
2026-05-16 22:51:56,319 - storage.access_export - DEBUG - Access TXT file created: data/export/access_test\Extracted_Tables\iq__DS_CT_getal_lineair_mixed.txt
2026-05-16 22:51:56,324 - storage.access_export - DEBUG - Access TXT file created: data/export/access_test\Extracted_Tables\iq__DS_CT_getal_lineair_buisB.txt
2026-05-16 22:51:56,330 - storage.access_export - DEBUG - Access TXT file created: data/export/access_test\Extracted_Tables\iq__DS_HU_water_lucht_mixed.txt
2026-05-16 22:51:56,335 - storage.access_export - DEBUG - Access TXT file created: data/export/access_test\Extracted_Tables\iq__DS_HU_water_lucht_buisB.txt
2026-05-16 22:51:56,340 - storage.access_export - DEBUG - Access TXT file created: data/export/access_test\Extracted_Tables\iq__DS_uniformiteit_mixed.txt
2026-05-16 22:51:56,345 - storage.access_export - DEBUG - Access TXT file created: data/export/access_test\Extracted_Tables\iq__DS_uniformiteit_buisB_summary.txt
2026-05-16 22:51:56,350 - storage.access_export - DEBUG - Access TXT file created: data/export/access_test\Extracted_Tables\iq__DS_correlatie_mixed.txt
2026-05-16 22:51:56,354 - storage.access_export - DEBUG - Access TXT file created: data/export/access_test\Extracted_Tables\geometry__slice_thickness_gt2mm.txt
2026-05-16 22:51:56,358 - storage.access_export - DEBUG - Access TXT file created: data/export/access_test\Extracted_Tables\geometry__slice_thickness_lt2mm.txt
2026-05-16 22:51:56,364 - storage.access_export - DEBUG - Access TXT file created: data/export/access_test\Extracted_Tables\protocols__adult.txt
2026-05-16 22:51:56,368 - storage.access_export - DEBUG - Access TXT file created: data/export/access_test\Extracted_Tables\protocols__pediatric.txt
2026-05-16 22:51:56,376 - storage.access_export - DEBUG - Access TXT file created: data/export/access_test\Metadata\Scalar_Records.txt
2026-05-16 22:51:56,382 - storage.access_export - DEBUG - Access TXT file created: data/export/access_test\Metadata\Named_Results.txt
2026-05-16 22:51:56,400 - storage.access_export - DEBUG - Access TXT file created: data/export/access_test\Metadata\Extracted_Fields.txt
2026-05-16 22:51:56,403 - storage.access_export - DEBUG - Access TXT file created: data/export/access_test\Metadata\Extraction_Metadata.txt
2026-05-16 22:51:56,403 - storage.access_export - INFO - Access export completed for QAVisit 716152
2026-05-16 22:51:56,457 - core.audit - INFO - [SUCCESS] Orchestrator.ProcessingComplete: File processed successfully | File: QC300_1024_01835CT-CT14 .xlsm
2026-05-16 22:51:56,458 - core.audit - INFO - [INFO] Orchestrator.BatchComplete: Batch processing completed
2026-05-16 22:51:56,494 - storage.hdf5_store - DEBUG - Table AuditTrail saved (41 rows)
2026-05-16 22:51:56,495 - core.audit - INFO - Audit data exported to HDF5: 41 events
2026-05-16 22:51:56,497 - storage.hdf5_store - INFO - HDF5 store closed
2026-05-16 22:57:11,379 - core.selector - INFO - TemplateSelector initialisé - template unique: ctqc_base
2026-05-16 22:57:11,380 - core.audit - INFO - [INFO] Orchestrator.ProcessingStart: Start processing file | File: QC300_0524_00770CT-PETCTTruepoint.xlsm
2026-05-16 22:57:11,606 - core.sidecar - INFO - Sidecar loaded: ctqc_base (version: 6.8)
2026-05-16 22:57:11,606 - engine.extraction_engine - INFO - Extraction des donnees depuis: data/raw/Excel/QC300_0524_00770CT-PETCTTruepoint.xlsm
2026-05-16 22:57:30,859 - engine.extraction_engine - INFO - Extraction terminee: 317 champs, 47 tables, 22 named results
2026-05-16 22:57:30,864 - models.qa_visit - WARNING - Utilisation QAID fallback: 50864
2026-05-16 22:57:30,879 - core.audit - INFO - [INFO] QAVisit.ReferencesResolved: References resolved successfully
2026-05-16 22:57:30,880 - core.audit - INFO - [INFO] QAVisit.Created: QAVisit 50864 created successfully
2026-05-16 22:57:30,880 - models.qa_visit - INFO - QAVisit 50864 ready for HDF5 persistence
2026-05-16 22:57:30,890 - storage.access_export - DEBUG - Access TXT file created: data/export/access\Metadata\QAVisit.txt
2026-05-16 22:57:30,898 - storage.access_export - DEBUG - Access TXT file created: data/export/access\Extracted_Tables\meta__measurement_equipment.txt
2026-05-16 22:57:30,905 - storage.access_export - DEBUG - Access TXT file created: data/export/access\Extracted_Tables\tube_voltage__accuracy.txt
2026-05-16 22:57:30,912 - storage.access_export - DEBUG - Access TXT file created: data/export/access\Extracted_Tables\tube_voltage__reproducibility.txt
2026-05-16 22:57:30,919 - storage.access_export - DEBUG - Access TXT file created: data/export/access\Extracted_Tables\geometry__geometric_efficiency.txt
2026-05-16 22:57:30,925 - storage.access_export - DEBUG - Access TXT file created: data/export/access\Extracted_Tables\geometry__positioning_light.txt
2026-05-16 22:57:30,931 - storage.access_export - DEBUG - Access TXT file created: data/export/access\Extracted_Tables\geometry__table_travel.txt
2026-05-16 22:57:30,935 - storage.access_export - DEBUG - Access TXT file created: data/export/access\Extracted_Tables\geometry__overscan.txt
2026-05-16 22:57:30,941 - storage.access_export - DEBUG - Access TXT file created: data/export/access\Extracted_Tables\geometry__increment.txt
2026-05-16 22:57:30,945 - storage.access_export - DEBUG - Access TXT file created: data/export/access\Extracted_Tables\geometry__pixel_size.txt
2026-05-16 22:57:30,950 - storage.access_export - DEBUG - Access TXT file created: data/export/access\Extracted_Tables\geometry__circular_symmetry.txt
2026-05-16 22:57:30,955 - storage.access_export - DEBUG - Access TXT file created: data/export/access\Extracted_Tables\dose__CTDI32_reproducibility.txt
2026-05-16 22:57:30,959 - storage.access_export - DEBUG - Access TXT file created: data/export/access\Extracted_Tables\dose__CTDI32_kV.txt
2026-05-16 22:57:30,964 - storage.access_export - DEBUG - Access TXT file created: data/export/access\Extracted_Tables\dose__CTDI32_kV_deviation.txt
2026-05-16 22:57:30,969 - storage.access_export - DEBUG - Access TXT file created: data/export/access\Extracted_Tables\dose__CTDI32_collimation.txt
2026-05-16 22:57:30,974 - storage.access_export - DEBUG - Access TXT file created: data/export/access\Extracted_Tables\dose__CTDI32_linearity.txt
2026-05-16 22:57:30,978 - storage.access_export - DEBUG - Access TXT file created: data/export/access\Extracted_Tables\dose__CTDI32_linearity_iterative.txt
2026-05-16 22:57:30,982 - storage.access_export - DEBUG - Access TXT file created: data/export/access\Extracted_Tables\dose__CTDI32_verification_standard.txt
2026-05-16 22:57:30,987 - storage.access_export - DEBUG - Access TXT file created: data/export/access\Extracted_Tables\noise__detector_row.txt
2026-05-16 22:57:30,993 - storage.access_export - DEBUG - Access TXT file created: data/export/access\Extracted_Tables\tcm__z_dikte_tcm_aan.txt
2026-05-16 22:57:30,998 - storage.access_export - DEBUG - Access TXT file created: data/export/access\Extracted_Tables\tcm__z_dikte_tcm_af.txt
2026-05-16 22:57:31,003 - storage.access_export - DEBUG - Access TXT file created: data/export/access\Extracted_Tables\tcm__z_densiteit_tcm_aan.txt
2026-05-16 22:57:31,008 - storage.access_export - DEBUG - Access TXT file created: data/export/access\Extracted_Tables\tcm__z_densiteit_tcm_af.txt
2026-05-16 22:57:31,013 - storage.access_export - DEBUG - Access TXT file created: data/export/access\Extracted_Tables\dose__CTDI16_kV.txt
2026-05-16 22:57:31,018 - storage.access_export - DEBUG - Access TXT file created: data/export/access\Extracted_Tables\uniformiteit__summary_table.txt
2026-05-16 22:57:31,023 - storage.access_export - DEBUG - Access TXT file created: data/export/access\Extracted_Tables\CT_getal_lineair.txt
2026-05-16 22:57:31,030 - storage.access_export - DEBUG - Access TXT file created: data/export/access\Extracted_Tables\iq__DS_CT_getal_lineair_mixed.txt
2026-05-16 22:57:31,035 - storage.access_export - DEBUG - Access TXT file created: data/export/access\Extracted_Tables\iq__DS_CT_getal_lineair_buisB.txt
2026-05-16 22:57:31,039 - storage.access_export - DEBUG - Access TXT file created: data/export/access\Extracted_Tables\iq__DS_HU_water_lucht_mixed.txt
2026-05-16 22:57:31,045 - storage.access_export - DEBUG - Access TXT file created: data/export/access\Extracted_Tables\iq__DS_uniformiteit_mixed.txt
2026-05-16 22:57:31,049 - storage.access_export - DEBUG - Access TXT file created: data/export/access\Extracted_Tables\iq__DS_uniformiteit_mixed_summary.txt
2026-05-16 22:57:31,054 - storage.access_export - DEBUG - Access TXT file created: data/export/access\Extracted_Tables\iq__DS_uniformiteit_buisB.txt
2026-05-16 22:57:31,059 - storage.access_export - DEBUG - Access TXT file created: data/export/access\Extracted_Tables\iq__DS_uniformiteit_buisB_summary.txt
2026-05-16 22:57:31,063 - storage.access_export - DEBUG - Access TXT file created: data/export/access\Extracted_Tables\iq__DS_correlatie_mixed.txt
2026-05-16 22:57:31,067 - storage.access_export - DEBUG - Access TXT file created: data/export/access\Extracted_Tables\iq__DS_correlatie_buisB.txt
2026-05-16 22:57:31,070 - storage.access_export - DEBUG - Access TXT file created: data/export/access\Extracted_Tables\geometry__slice_thickness_gt2mm.txt
2026-05-16 22:57:31,074 - storage.access_export - DEBUG - Access TXT file created: data/export/access\Extracted_Tables\geometry__slice_thickness_lt2mm.txt
2026-05-16 22:57:31,077 - storage.access_export - DEBUG - Access TXT file created: data/export/access\Extracted_Tables\protocols__adult.txt
2026-05-16 22:57:31,082 - storage.access_export - DEBUG - Access TXT file created: data/export/access\Extracted_Tables\protocols__pediatric.txt
2026-05-16 22:57:31,090 - storage.access_export - DEBUG - Access TXT file created: data/export/access\Metadata\Scalar_Records.txt
2026-05-16 22:57:31,094 - storage.access_export - DEBUG - Access TXT file created: data/export/access\Metadata\Named_Results.txt
2026-05-16 22:57:31,145 - storage.access_export - DEBUG - Access TXT file created: data/export/access\Metadata\Extracted_Fields.txt
2026-05-16 22:57:31,148 - storage.access_export - DEBUG - Access TXT file created: data/export/access\Metadata\Extraction_Metadata.txt
2026-05-16 22:57:31,148 - storage.access_export - INFO - Access export completed for QAVisit 50864
2026-05-16 22:57:31,216 - core.audit - INFO - [SUCCESS] Orchestrator.ProcessingComplete: File processed successfully | File: QC300_0524_00770CT-PETCTTruepoint.xlsm
2026-05-16 22:57:31,218 - core.audit - INFO - [INFO] Orchestrator.ProcessingStart: Start processing file | File: QC300_0524_01005CT-SPECTSymbia2.xlsm
2026-05-16 22:57:31,219 - engine.extraction_engine - INFO - Extraction des donnees depuis: data/raw/Excel/QC300_0524_01005CT-SPECTSymbia2.xlsm
2026-05-16 22:57:47,802 - engine.extraction_engine - INFO - Extraction terminee: 317 champs, 48 tables, 22 named results
2026-05-16 22:57:47,808 - models.qa_visit - WARNING - Utilisation QAID fallback: 67808
2026-05-16 22:57:47,817 - core.audit - INFO - [INFO] QAVisit.ReferencesResolved: References resolved successfully
2026-05-16 22:57:47,818 - core.audit - INFO - [INFO] QAVisit.Created: QAVisit 67808 created successfully
2026-05-16 22:57:47,818 - models.qa_visit - INFO - QAVisit 67808 ready for HDF5 persistence
2026-05-16 22:57:47,824 - storage.access_export - DEBUG - Access TXT file created: data/export/access\Metadata\QAVisit.txt
2026-05-16 22:57:47,831 - storage.access_export - DEBUG - Access TXT file created: data/export/access\Extracted_Tables\meta__measurement_equipment.txt
2026-05-16 22:57:47,838 - storage.access_export - DEBUG - Access TXT file created: data/export/access\Extracted_Tables\tube_voltage__accuracy.txt
2026-05-16 22:57:47,842 - storage.access_export - DEBUG - Access TXT file created: data/export/access\Extracted_Tables\tube_voltage__reproducibility.txt
2026-05-16 22:57:47,848 - storage.access_export - DEBUG - Access TXT file created: data/export/access\Extracted_Tables\geometry__geometric_efficiency.txt
2026-05-16 22:57:47,853 - storage.access_export - DEBUG - Access TXT file created: data/export/access\Extracted_Tables\geometry__positioning_light.txt
2026-05-16 22:57:47,860 - storage.access_export - DEBUG - Access TXT file created: data/export/access\Extracted_Tables\geometry__table_travel.txt
2026-05-16 22:57:47,864 - storage.access_export - DEBUG - Access TXT file created: data/export/access\Extracted_Tables\geometry__overscan.txt
2026-05-16 22:57:47,869 - storage.access_export - DEBUG - Access TXT file created: data/export/access\Extracted_Tables\geometry__increment.txt
2026-05-16 22:57:47,874 - storage.access_export - DEBUG - Access TXT file created: data/export/access\Extracted_Tables\geometry__pixel_size.txt
2026-05-16 22:57:47,878 - storage.access_export - DEBUG - Access TXT file created: data/export/access\Extracted_Tables\geometry__circular_symmetry.txt
2026-05-16 22:57:47,883 - storage.access_export - DEBUG - Access TXT file created: data/export/access\Extracted_Tables\dose__CTDI32_reproducibility.txt
2026-05-16 22:57:47,887 - storage.access_export - DEBUG - Access TXT file created: data/export/access\Extracted_Tables\dose__CTDI32_kV.txt
2026-05-16 22:57:47,892 - storage.access_export - DEBUG - Access TXT file created: data/export/access\Extracted_Tables\dose__CTDI32_kV_deviation.txt
2026-05-16 22:57:47,897 - storage.access_export - DEBUG - Access TXT file created: data/export/access\Extracted_Tables\dose__CTDI32_collimation.txt
2026-05-16 22:57:47,901 - storage.access_export - DEBUG - Access TXT file created: data/export/access\Extracted_Tables\dose__CTDI32_linearity.txt
2026-05-16 22:57:47,904 - storage.access_export - DEBUG - Access TXT file created: data/export/access\Extracted_Tables\dose__CTDI32_linearity_iterative.txt
2026-05-16 22:57:47,908 - storage.access_export - DEBUG - Access TXT file created: data/export/access\Extracted_Tables\dose__CTDI32_verification_standard.txt
2026-05-16 22:57:47,913 - storage.access_export - DEBUG - Access TXT file created: data/export/access\Extracted_Tables\dose__CTDI32_verification_DS.txt
2026-05-16 22:57:47,918 - storage.access_export - DEBUG - Access TXT file created: data/export/access\Extracted_Tables\noise__detector_row.txt
2026-05-16 22:57:47,923 - storage.access_export - DEBUG - Access TXT file created: data/export/access\Extracted_Tables\tcm__z_dikte_tcm_aan.txt
2026-05-16 22:57:47,927 - storage.access_export - DEBUG - Access TXT file created: data/export/access\Extracted_Tables\tcm__z_dikte_tcm_af.txt
2026-05-16 22:57:47,932 - storage.access_export - DEBUG - Access TXT file created: data/export/access\Extracted_Tables\tcm__z_densiteit_tcm_aan.txt
2026-05-16 22:57:47,936 - storage.access_export - DEBUG - Access TXT file created: data/export/access\Extracted_Tables\tcm__z_densiteit_tcm_af.txt
2026-05-16 22:57:47,941 - storage.access_export - DEBUG - Access TXT file created: data/export/access\Extracted_Tables\dose__CTDI16_kV.txt
2026-05-16 22:57:47,946 - storage.access_export - DEBUG - Access TXT file created: data/export/access\Extracted_Tables\uniformiteit__summary_table.txt
2026-05-16 22:57:47,951 - storage.access_export - DEBUG - Access TXT file created: data/export/access\Extracted_Tables\CT_getal_lineair.txt
2026-05-16 22:57:47,955 - storage.access_export - DEBUG - Access TXT file created: data/export/access\Extracted_Tables\iq__DS_CT_getal_lineair_mixed.txt
2026-05-16 22:57:47,960 - storage.access_export - DEBUG - Access TXT file created: data/export/access\Extracted_Tables\iq__DS_CT_getal_lineair_buisB.txt
2026-05-16 22:57:47,965 - storage.access_export - DEBUG - Access TXT file created: data/export/access\Extracted_Tables\iq__DS_HU_water_lucht_mixed.txt
2026-05-16 22:57:47,970 - storage.access_export - DEBUG - Access TXT file created: data/export/access\Extracted_Tables\iq__DS_uniformiteit_mixed.txt
2026-05-16 22:57:47,975 - storage.access_export - DEBUG - Access TXT file created: data/export/access\Extracted_Tables\iq__DS_uniformiteit_mixed_summary.txt
2026-05-16 22:57:47,979 - storage.access_export - DEBUG - Access TXT file created: data/export/access\Extracted_Tables\iq__DS_uniformiteit_buisB.txt
2026-05-16 22:57:47,983 - storage.access_export - DEBUG - Access TXT file created: data/export/access\Extracted_Tables\iq__DS_uniformiteit_buisB_summary.txt
2026-05-16 22:57:47,986 - storage.access_export - DEBUG - Access TXT file created: data/export/access\Extracted_Tables\iq__DS_correlatie_mixed.txt
2026-05-16 22:57:47,990 - storage.access_export - DEBUG - Access TXT file created: data/export/access\Extracted_Tables\iq__DS_correlatie_buisB.txt
2026-05-16 22:57:47,994 - storage.access_export - DEBUG - Access TXT file created: data/export/access\Extracted_Tables\geometry__slice_thickness_gt2mm.txt
2026-05-16 22:57:47,997 - storage.access_export - DEBUG - Access TXT file created: data/export/access\Extracted_Tables\geometry__slice_thickness_lt2mm.txt
2026-05-16 22:57:48,001 - storage.access_export - DEBUG - Access TXT file created: data/export/access\Extracted_Tables\protocols__adult.txt
2026-05-16 22:57:48,004 - storage.access_export - DEBUG - Access TXT file created: data/export/access\Extracted_Tables\protocols__pediatric.txt
2026-05-16 22:57:48,013 - storage.access_export - DEBUG - Access TXT file created: data/export/access\Metadata\Scalar_Records.txt
2026-05-16 22:57:48,016 - storage.access_export - DEBUG - Access TXT file created: data/export/access\Metadata\Named_Results.txt
2026-05-16 22:57:48,036 - storage.access_export - DEBUG - Access TXT file created: data/export/access\Metadata\Extracted_Fields.txt
2026-05-16 22:57:48,039 - storage.access_export - DEBUG - Access TXT file created: data/export/access\Metadata\Extraction_Metadata.txt
2026-05-16 22:57:48,039 - storage.access_export - INFO - Access export completed for QAVisit 67808
2026-05-16 22:57:48,097 - core.audit - INFO - [SUCCESS] Orchestrator.ProcessingComplete: File processed successfully | File: QC300_0524_01005CT-SPECTSymbia2.xlsm
2026-05-16 22:57:48,098 - core.audit - INFO - [INFO] Orchestrator.ProcessingStart: Start processing file | File: QC300_0524_01319CT-SPECTGE.xlsm
2026-05-16 22:57:48,098 - engine.extraction_engine - INFO - Extraction des donnees depuis: data/raw/Excel/QC300_0524_01319CT-SPECTGE.xlsm
2026-05-16 22:58:08,015 - engine.extraction_engine - INFO - Extraction terminee: 317 champs, 48 tables, 22 named results
2026-05-16 22:58:08,019 - models.qa_visit - WARNING - Utilisation QAID fallback: 88019
2026-05-16 22:58:08,027 - core.audit - INFO - [INFO] QAVisit.ReferencesResolved: References resolved successfully
2026-05-16 22:58:08,027 - core.audit - INFO - [INFO] QAVisit.Created: QAVisit 88019 created successfully
2026-05-16 22:58:08,029 - models.qa_visit - INFO - QAVisit 88019 ready for HDF5 persistence
2026-05-16 22:58:08,033 - storage.access_export - DEBUG - Access TXT file created: data/export/access\Metadata\QAVisit.txt
2026-05-16 22:58:08,037 - storage.access_export - DEBUG - Access TXT file created: data/export/access\Extracted_Tables\meta__measurement_equipment.txt
2026-05-16 22:58:08,043 - storage.access_export - DEBUG - Access TXT file created: data/export/access\Extracted_Tables\tube_voltage__accuracy.txt
2026-05-16 22:58:08,047 - storage.access_export - DEBUG - Access TXT file created: data/export/access\Extracted_Tables\tube_voltage__reproducibility.txt
2026-05-16 22:58:08,053 - storage.access_export - DEBUG - Access TXT file created: data/export/access\Extracted_Tables\geometry__geometric_efficiency.txt
2026-05-16 22:58:08,060 - storage.access_export - DEBUG - Access TXT file created: data/export/access\Extracted_Tables\geometry__positioning_light.txt
2026-05-16 22:58:08,063 - storage.access_export - DEBUG - Access TXT file created: data/export/access\Extracted_Tables\geometry__table_travel.txt
2026-05-16 22:58:08,068 - storage.access_export - DEBUG - Access TXT file created: data/export/access\Extracted_Tables\geometry__overscan.txt
2026-05-16 22:58:08,074 - storage.access_export - DEBUG - Access TXT file created: data/export/access\Extracted_Tables\geometry__increment.txt
2026-05-16 22:58:08,081 - storage.access_export - DEBUG - Access TXT file created: data/export/access\Extracted_Tables\geometry__pixel_size.txt
2026-05-16 22:58:08,085 - storage.access_export - DEBUG - Access TXT file created: data/export/access\Extracted_Tables\geometry__circular_symmetry.txt
2026-05-16 22:58:08,090 - storage.access_export - DEBUG - Access TXT file created: data/export/access\Extracted_Tables\dose__CTDI32_reproducibility.txt
2026-05-16 22:58:08,094 - storage.access_export - DEBUG - Access TXT file created: data/export/access\Extracted_Tables\dose__CTDI32_kV.txt
2026-05-16 22:58:08,099 - storage.access_export - DEBUG - Access TXT file created: data/export/access\Extracted_Tables\dose__CTDI32_kV_deviation.txt
2026-05-16 22:58:08,103 - storage.access_export - DEBUG - Access TXT file created: data/export/access\Extracted_Tables\dose__CTDI32_collimation.txt
2026-05-16 22:58:08,107 - storage.access_export - DEBUG - Access TXT file created: data/export/access\Extracted_Tables\dose__CTDI32_linearity.txt
2026-05-16 22:58:08,111 - storage.access_export - DEBUG - Access TXT file created: data/export/access\Extracted_Tables\dose__CTDI32_linearity_iterative.txt
2026-05-16 22:58:08,116 - storage.access_export - DEBUG - Access TXT file created: data/export/access\Extracted_Tables\dose__CTDI32_verification_standard.txt
2026-05-16 22:58:08,119 - storage.access_export - DEBUG - Access TXT file created: data/export/access\Extracted_Tables\dose__CTDI32_verification_DS.txt
2026-05-16 22:58:08,124 - storage.access_export - DEBUG - Access TXT file created: data/export/access\Extracted_Tables\noise__detector_row.txt
2026-05-16 22:58:08,129 - storage.access_export - DEBUG - Access TXT file created: data/export/access\Extracted_Tables\tcm__z_dikte_tcm_aan.txt
2026-05-16 22:58:08,134 - storage.access_export - DEBUG - Access TXT file created: data/export/access\Extracted_Tables\tcm__z_dikte_tcm_af.txt
2026-05-16 22:58:08,139 - storage.access_export - DEBUG - Access TXT file created: data/export/access\Extracted_Tables\tcm__z_densiteit_tcm_aan.txt
2026-05-16 22:58:08,144 - storage.access_export - DEBUG - Access TXT file created: data/export/access\Extracted_Tables\tcm__z_densiteit_tcm_af.txt
2026-05-16 22:58:08,148 - storage.access_export - DEBUG - Access TXT file created: data/export/access\Extracted_Tables\dose__CTDI16_kV.txt
2026-05-16 22:58:08,152 - storage.access_export - DEBUG - Access TXT file created: data/export/access\Extracted_Tables\uniformiteit__summary_table.txt
2026-05-16 22:58:08,157 - storage.access_export - DEBUG - Access TXT file created: data/export/access\Extracted_Tables\CT_getal_lineair.txt
2026-05-16 22:58:08,162 - storage.access_export - DEBUG - Access TXT file created: data/export/access\Extracted_Tables\iq__DS_CT_getal_lineair_mixed.txt
2026-05-16 22:58:08,167 - storage.access_export - DEBUG - Access TXT file created: data/export/access\Extracted_Tables\iq__DS_CT_getal_lineair_buisB.txt
2026-05-16 22:58:08,171 - storage.access_export - DEBUG - Access TXT file created: data/export/access\Extracted_Tables\iq__DS_HU_water_lucht_mixed.txt
2026-05-16 22:58:08,176 - storage.access_export - DEBUG - Access TXT file created: data/export/access\Extracted_Tables\iq__DS_uniformiteit_mixed.txt
2026-05-16 22:58:08,180 - storage.access_export - DEBUG - Access TXT file created: data/export/access\Extracted_Tables\iq__DS_uniformiteit_mixed_summary.txt
2026-05-16 22:58:08,185 - storage.access_export - DEBUG - Access TXT file created: data/export/access\Extracted_Tables\iq__DS_uniformiteit_buisB.txt
2026-05-16 22:58:08,190 - storage.access_export - DEBUG - Access TXT file created: data/export/access\Extracted_Tables\iq__DS_uniformiteit_buisB_summary.txt
2026-05-16 22:58:08,194 - storage.access_export - DEBUG - Access TXT file created: data/export/access\Extracted_Tables\iq__DS_correlatie_mixed.txt
2026-05-16 22:58:08,198 - storage.access_export - DEBUG - Access TXT file created: data/export/access\Extracted_Tables\iq__DS_correlatie_buisB.txt
2026-05-16 22:58:08,201 - storage.access_export - DEBUG - Access TXT file created: data/export/access\Extracted_Tables\geometry__slice_thickness_gt2mm.txt
2026-05-16 22:58:08,204 - storage.access_export - DEBUG - Access TXT file created: data/export/access\Extracted_Tables\geometry__slice_thickness_lt2mm.txt
2026-05-16 22:58:08,208 - storage.access_export - DEBUG - Access TXT file created: data/export/access\Extracted_Tables\protocols__adult.txt
2026-05-16 22:58:08,211 - storage.access_export - DEBUG - Access TXT file created: data/export/access\Extracted_Tables\protocols__pediatric.txt
2026-05-16 22:58:08,219 - storage.access_export - DEBUG - Access TXT file created: data/export/access\Metadata\Scalar_Records.txt
2026-05-16 22:58:08,223 - storage.access_export - DEBUG - Access TXT file created: data/export/access\Metadata\Named_Results.txt
2026-05-16 22:58:08,243 - storage.access_export - DEBUG - Access TXT file created: data/export/access\Metadata\Extracted_Fields.txt
2026-05-16 22:58:08,246 - storage.access_export - DEBUG - Access TXT file created: data/export/access\Metadata\Extraction_Metadata.txt
2026-05-16 22:58:08,246 - storage.access_export - INFO - Access export completed for QAVisit 88019
2026-05-16 22:58:08,318 - core.audit - INFO - [SUCCESS] Orchestrator.ProcessingComplete: File processed successfully | File: QC300_0524_01319CT-SPECTGE.xlsm
2026-05-16 22:58:08,319 - core.audit - INFO - [INFO] Orchestrator.ProcessingStart: Start processing file | File: QC300_0524_01468CT-PETGE10.xlsm
2026-05-16 22:58:08,321 - engine.extraction_engine - INFO - Extraction des donnees depuis: data/raw/Excel/QC300_0524_01468CT-PETGE10.xlsm
2026-05-16 22:58:27,528 - engine.extraction_engine - INFO - Extraction terminee: 317 champs, 48 tables, 22 named results
2026-05-16 22:58:27,533 - models.qa_visit - WARNING - Utilisation QAID fallback: 107533
2026-05-16 22:58:27,541 - core.audit - INFO - [INFO] QAVisit.ReferencesResolved: References resolved successfully
2026-05-16 22:58:27,541 - core.audit - INFO - [INFO] QAVisit.Created: QAVisit 107533 created successfully
2026-05-16 22:58:27,542 - models.qa_visit - INFO - QAVisit 107533 ready for HDF5 persistence
2026-05-16 22:58:27,545 - storage.access_export - DEBUG - Access TXT file created: data/export/access\Metadata\QAVisit.txt
2026-05-16 22:58:27,550 - storage.access_export - DEBUG - Access TXT file created: data/export/access\Extracted_Tables\meta__measurement_equipment.txt
2026-05-16 22:58:27,555 - storage.access_export - DEBUG - Access TXT file created: data/export/access\Extracted_Tables\tube_voltage__accuracy.txt
2026-05-16 22:58:27,559 - storage.access_export - DEBUG - Access TXT file created: data/export/access\Extracted_Tables\tube_voltage__reproducibility.txt
2026-05-16 22:58:27,566 - storage.access_export - DEBUG - Access TXT file created: data/export/access\Extracted_Tables\geometry__geometric_efficiency.txt
2026-05-16 22:58:27,572 - storage.access_export - DEBUG - Access TXT file created: data/export/access\Extracted_Tables\geometry__positioning_light.txt
2026-05-16 22:58:27,578 - storage.access_export - DEBUG - Access TXT file created: data/export/access\Extracted_Tables\geometry__table_travel.txt
2026-05-16 22:58:27,582 - storage.access_export - DEBUG - Access TXT file created: data/export/access\Extracted_Tables\geometry__overscan.txt
2026-05-16 22:58:27,587 - storage.access_export - DEBUG - Access TXT file created: data/export/access\Extracted_Tables\geometry__increment.txt
2026-05-16 22:58:27,592 - storage.access_export - DEBUG - Access TXT file created: data/export/access\Extracted_Tables\geometry__pixel_size.txt
2026-05-16 22:58:27,596 - storage.access_export - DEBUG - Access TXT file created: data/export/access\Extracted_Tables\geometry__circular_symmetry.txt
2026-05-16 22:58:27,601 - storage.access_export - DEBUG - Access TXT file created: data/export/access\Extracted_Tables\dose__CTDI32_reproducibility.txt
2026-05-16 22:58:27,605 - storage.access_export - DEBUG - Access TXT file created: data/export/access\Extracted_Tables\dose__CTDI32_kV.txt
2026-05-16 22:58:27,610 - storage.access_export - DEBUG - Access TXT file created: data/export/access\Extracted_Tables\dose__CTDI32_kV_deviation.txt
2026-05-16 22:58:27,614 - storage.access_export - DEBUG - Access TXT file created: data/export/access\Extracted_Tables\dose__CTDI32_collimation.txt
2026-05-16 22:58:27,618 - storage.access_export - DEBUG - Access TXT file created: data/export/access\Extracted_Tables\dose__CTDI32_linearity.txt
2026-05-16 22:58:27,621 - storage.access_export - DEBUG - Access TXT file created: data/export/access\Extracted_Tables\dose__CTDI32_linearity_iterative.txt
2026-05-16 22:58:27,626 - storage.access_export - DEBUG - Access TXT file created: data/export/access\Extracted_Tables\dose__CTDI32_verification_standard.txt
2026-05-16 22:58:27,630 - storage.access_export - DEBUG - Access TXT file created: data/export/access\Extracted_Tables\dose__CTDI32_verification_DS.txt
2026-05-16 22:58:27,635 - storage.access_export - DEBUG - Access TXT file created: data/export/access\Extracted_Tables\noise__detector_row.txt
2026-05-16 22:58:27,640 - storage.access_export - DEBUG - Access TXT file created: data/export/access\Extracted_Tables\tcm__z_dikte_tcm_aan.txt
2026-05-16 22:58:27,645 - storage.access_export - DEBUG - Access TXT file created: data/export/access\Extracted_Tables\tcm__z_dikte_tcm_af.txt
2026-05-16 22:58:27,649 - storage.access_export - DEBUG - Access TXT file created: data/export/access\Extracted_Tables\tcm__z_densiteit_tcm_aan.txt
2026-05-16 22:58:27,652 - storage.access_export - DEBUG - Access TXT file created: data/export/access\Extracted_Tables\tcm__z_densiteit_tcm_af.txt
2026-05-16 22:58:27,656 - storage.access_export - DEBUG - Access TXT file created: data/export/access\Extracted_Tables\dose__CTDI16_kV.txt
2026-05-16 22:58:27,660 - storage.access_export - DEBUG - Access TXT file created: data/export/access\Extracted_Tables\uniformiteit__summary_table.txt
2026-05-16 22:58:27,664 - storage.access_export - DEBUG - Access TXT file created: data/export/access\Extracted_Tables\CT_getal_lineair.txt
2026-05-16 22:58:27,668 - storage.access_export - DEBUG - Access TXT file created: data/export/access\Extracted_Tables\iq__DS_CT_getal_lineair_mixed.txt
2026-05-16 22:58:27,671 - storage.access_export - DEBUG - Access TXT file created: data/export/access\Extracted_Tables\iq__DS_CT_getal_lineair_buisB.txt
2026-05-16 22:58:27,676 - storage.access_export - DEBUG - Access TXT file created: data/export/access\Extracted_Tables\iq__DS_HU_water_lucht_mixed.txt
2026-05-16 22:58:27,680 - storage.access_export - DEBUG - Access TXT file created: data/export/access\Extracted_Tables\iq__DS_uniformiteit_mixed.txt
2026-05-16 22:58:27,683 - storage.access_export - DEBUG - Access TXT file created: data/export/access\Extracted_Tables\iq__DS_uniformiteit_mixed_summary.txt
2026-05-16 22:58:27,687 - storage.access_export - DEBUG - Access TXT file created: data/export/access\Extracted_Tables\iq__DS_uniformiteit_buisB.txt
2026-05-16 22:58:27,690 - storage.access_export - DEBUG - Access TXT file created: data/export/access\Extracted_Tables\iq__DS_uniformiteit_buisB_summary.txt
2026-05-16 22:58:27,695 - storage.access_export - DEBUG - Access TXT file created: data/export/access\Extracted_Tables\iq__DS_correlatie_mixed.txt
2026-05-16 22:58:27,698 - storage.access_export - DEBUG - Access TXT file created: data/export/access\Extracted_Tables\iq__DS_correlatie_buisB.txt
2026-05-16 22:58:27,701 - storage.access_export - DEBUG - Access TXT file created: data/export/access\Extracted_Tables\geometry__slice_thickness_gt2mm.txt
2026-05-16 22:58:27,705 - storage.access_export - DEBUG - Access TXT file created: data/export/access\Extracted_Tables\geometry__slice_thickness_lt2mm.txt
2026-05-16 22:58:27,709 - storage.access_export - DEBUG - Access TXT file created: data/export/access\Extracted_Tables\protocols__adult.txt
2026-05-16 22:58:27,712 - storage.access_export - DEBUG - Access TXT file created: data/export/access\Extracted_Tables\protocols__pediatric.txt
2026-05-16 22:58:27,719 - storage.access_export - DEBUG - Access TXT file created: data/export/access\Metadata\Scalar_Records.txt
2026-05-16 22:58:27,724 - storage.access_export - DEBUG - Access TXT file created: data/export/access\Metadata\Named_Results.txt
2026-05-16 22:58:27,744 - storage.access_export - DEBUG - Access TXT file created: data/export/access\Metadata\Extracted_Fields.txt
2026-05-16 22:58:27,747 - storage.access_export - DEBUG - Access TXT file created: data/export/access\Metadata\Extraction_Metadata.txt
2026-05-16 22:58:27,747 - storage.access_export - INFO - Access export completed for QAVisit 107533
2026-05-16 22:58:27,810 - core.audit - INFO - [SUCCESS] Orchestrator.ProcessingComplete: File processed successfully | File: QC300_0524_01468CT-PETGE10.xlsm
2026-05-16 22:58:27,811 - core.audit - INFO - [INFO] Orchestrator.ProcessingStart: Start processing file | File: QC300_0524_01611CT-SPECTSymbiaBold4.xlsm
2026-05-16 22:58:27,811 - engine.extraction_engine - INFO - Extraction des donnees depuis: data/raw/Excel/QC300_0524_01611CT-SPECTSymbiaBold4.xlsm
2026-05-16 22:58:44,624 - engine.extraction_engine - INFO - Extraction terminee: 317 champs, 48 tables, 22 named results
2026-05-16 22:58:44,628 - models.qa_visit - WARNING - Utilisation QAID fallback: 124628
2026-05-16 22:58:44,635 - core.audit - INFO - [INFO] QAVisit.ReferencesResolved: References resolved successfully
2026-05-16 22:58:44,636 - core.audit - INFO - [INFO] QAVisit.Created: QAVisit 124628 created successfully
2026-05-16 22:58:44,636 - models.qa_visit - INFO - QAVisit 124628 ready for HDF5 persistence
2026-05-16 22:58:44,640 - storage.access_export - DEBUG - Access TXT file created: data/export/access\Metadata\QAVisit.txt
2026-05-16 22:58:44,645 - storage.access_export - DEBUG - Access TXT file created: data/export/access\Extracted_Tables\meta__measurement_equipment.txt
2026-05-16 22:58:44,649 - storage.access_export - DEBUG - Access TXT file created: data/export/access\Extracted_Tables\tube_voltage__accuracy.txt
2026-05-16 22:58:44,654 - storage.access_export - DEBUG - Access TXT file created: data/export/access\Extracted_Tables\tube_voltage__reproducibility.txt
2026-05-16 22:58:44,661 - storage.access_export - DEBUG - Access TXT file created: data/export/access\Extracted_Tables\geometry__geometric_efficiency.txt
2026-05-16 22:58:44,667 - storage.access_export - DEBUG - Access TXT file created: data/export/access\Extracted_Tables\geometry__positioning_light.txt
2026-05-16 22:58:44,672 - storage.access_export - DEBUG - Access TXT file created: data/export/access\Extracted_Tables\geometry__table_travel.txt
2026-05-16 22:58:44,677 - storage.access_export - DEBUG - Access TXT file created: data/export/access\Extracted_Tables\geometry__overscan.txt
2026-05-16 22:58:44,681 - storage.access_export - DEBUG - Access TXT file created: data/export/access\Extracted_Tables\geometry__increment.txt
2026-05-16 22:58:44,685 - storage.access_export - DEBUG - Access TXT file created: data/export/access\Extracted_Tables\geometry__pixel_size.txt
2026-05-16 22:58:44,691 - storage.access_export - DEBUG - Access TXT file created: data/export/access\Extracted_Tables\geometry__circular_symmetry.txt
2026-05-16 22:58:44,696 - storage.access_export - DEBUG - Access TXT file created: data/export/access\Extracted_Tables\dose__CTDI32_reproducibility.txt
2026-05-16 22:58:44,701 - storage.access_export - DEBUG - Access TXT file created: data/export/access\Extracted_Tables\dose__CTDI32_kV.txt
2026-05-16 22:58:44,704 - storage.access_export - DEBUG - Access TXT file created: data/export/access\Extracted_Tables\dose__CTDI32_kV_deviation.txt
2026-05-16 22:58:44,709 - storage.access_export - DEBUG - Access TXT file created: data/export/access\Extracted_Tables\dose__CTDI32_collimation.txt
2026-05-16 22:58:44,713 - storage.access_export - DEBUG - Access TXT file created: data/export/access\Extracted_Tables\dose__CTDI32_linearity.txt
2026-05-16 22:58:44,718 - storage.access_export - DEBUG - Access TXT file created: data/export/access\Extracted_Tables\dose__CTDI32_linearity_iterative.txt
2026-05-16 22:58:44,722 - storage.access_export - DEBUG - Access TXT file created: data/export/access\Extracted_Tables\dose__CTDI32_verification_standard.txt
2026-05-16 22:58:44,726 - storage.access_export - DEBUG - Access TXT file created: data/export/access\Extracted_Tables\dose__CTDI32_verification_DS.txt
2026-05-16 22:58:44,730 - storage.access_export - DEBUG - Access TXT file created: data/export/access\Extracted_Tables\noise__detector_row.txt
2026-05-16 22:58:44,735 - storage.access_export - DEBUG - Access TXT file created: data/export/access\Extracted_Tables\tcm__z_dikte_tcm_aan.txt
2026-05-16 22:58:44,739 - storage.access_export - DEBUG - Access TXT file created: data/export/access\Extracted_Tables\tcm__z_dikte_tcm_af.txt
2026-05-16 22:58:44,744 - storage.access_export - DEBUG - Access TXT file created: data/export/access\Extracted_Tables\tcm__z_densiteit_tcm_aan.txt
2026-05-16 22:58:44,748 - storage.access_export - DEBUG - Access TXT file created: data/export/access\Extracted_Tables\tcm__z_densiteit_tcm_af.txt
2026-05-16 22:58:44,752 - storage.access_export - DEBUG - Access TXT file created: data/export/access\Extracted_Tables\dose__CTDI16_kV.txt
2026-05-16 22:58:44,757 - storage.access_export - DEBUG - Access TXT file created: data/export/access\Extracted_Tables\uniformiteit__summary_table.txt
2026-05-16 22:58:44,761 - storage.access_export - DEBUG - Access TXT file created: data/export/access\Extracted_Tables\CT_getal_lineair.txt
2026-05-16 22:58:44,765 - storage.access_export - DEBUG - Access TXT file created: data/export/access\Extracted_Tables\iq__DS_CT_getal_lineair_mixed.txt
2026-05-16 22:58:44,769 - storage.access_export - DEBUG - Access TXT file created: data/export/access\Extracted_Tables\iq__DS_CT_getal_lineair_buisB.txt
2026-05-16 22:58:44,773 - storage.access_export - DEBUG - Access TXT file created: data/export/access\Extracted_Tables\iq__DS_HU_water_lucht_mixed.txt
2026-05-16 22:58:44,777 - storage.access_export - DEBUG - Access TXT file created: data/export/access\Extracted_Tables\iq__DS_uniformiteit_mixed.txt
2026-05-16 22:58:44,780 - storage.access_export - DEBUG - Access TXT file created: data/export/access\Extracted_Tables\iq__DS_uniformiteit_mixed_summary.txt
2026-05-16 22:58:44,784 - storage.access_export - DEBUG - Access TXT file created: data/export/access\Extracted_Tables\iq__DS_uniformiteit_buisB.txt
2026-05-16 22:58:44,787 - storage.access_export - DEBUG - Access TXT file created: data/export/access\Extracted_Tables\iq__DS_uniformiteit_buisB_summary.txt
2026-05-16 22:58:44,791 - storage.access_export - DEBUG - Access TXT file created: data/export/access\Extracted_Tables\iq__DS_correlatie_mixed.txt
2026-05-16 22:58:44,795 - storage.access_export - DEBUG - Access TXT file created: data/export/access\Extracted_Tables\iq__DS_correlatie_buisB.txt
2026-05-16 22:58:44,798 - storage.access_export - DEBUG - Access TXT file created: data/export/access\Extracted_Tables\geometry__slice_thickness_gt2mm.txt
2026-05-16 22:58:44,801 - storage.access_export - DEBUG - Access TXT file created: data/export/access\Extracted_Tables\geometry__slice_thickness_lt2mm.txt
2026-05-16 22:58:44,805 - storage.access_export - DEBUG - Access TXT file created: data/export/access\Extracted_Tables\protocols__adult.txt
2026-05-16 22:58:44,809 - storage.access_export - DEBUG - Access TXT file created: data/export/access\Extracted_Tables\protocols__pediatric.txt
2026-05-16 22:58:44,817 - storage.access_export - DEBUG - Access TXT file created: data/export/access\Metadata\Scalar_Records.txt
2026-05-16 22:58:44,822 - storage.access_export - DEBUG - Access TXT file created: data/export/access\Metadata\Named_Results.txt
2026-05-16 22:58:44,846 - storage.access_export - DEBUG - Access TXT file created: data/export/access\Metadata\Extracted_Fields.txt
2026-05-16 22:58:44,850 - storage.access_export - DEBUG - Access TXT file created: data/export/access\Metadata\Extraction_Metadata.txt
2026-05-16 22:58:44,851 - storage.access_export - INFO - Access export completed for QAVisit 124628
2026-05-16 22:58:44,944 - core.audit - INFO - [SUCCESS] Orchestrator.ProcessingComplete: File processed successfully | File: QC300_0524_01611CT-SPECTSymbiaBold4.xlsm
2026-05-16 22:58:44,946 - core.audit - INFO - [INFO] Orchestrator.ProcessingStart: Start processing file | File: QC300_0624_01504CT-CT11.xlsm
2026-05-16 22:58:44,947 - engine.extraction_engine - INFO - Extraction des donnees depuis: data/raw/Excel/QC300_0624_01504CT-CT11.xlsm
2026-05-16 22:59:33,824 - engine.extraction_engine - INFO - Extraction terminee: 317 champs, 50 tables, 22 named results
2026-05-16 22:59:33,828 - models.qa_visit - WARNING - Utilisation QAID fallback: 173828
2026-05-16 22:59:33,835 - core.audit - INFO - [INFO] QAVisit.ReferencesResolved: References resolved successfully
2026-05-16 22:59:33,835 - core.audit - INFO - [INFO] QAVisit.Created: QAVisit 173828 created successfully
2026-05-16 22:59:33,835 - models.qa_visit - INFO - QAVisit 173828 ready for HDF5 persistence
2026-05-16 22:59:33,839 - storage.access_export - DEBUG - Access TXT file created: data/export/access\Metadata\QAVisit.txt
2026-05-16 22:59:33,844 - storage.access_export - DEBUG - Access TXT file created: data/export/access\Extracted_Tables\meta__measurement_equipment.txt
2026-05-16 22:59:33,849 - storage.access_export - DEBUG - Access TXT file created: data/export/access\Extracted_Tables\tube_voltage__accuracy.txt
2026-05-16 22:59:33,852 - storage.access_export - DEBUG - Access TXT file created: data/export/access\Extracted_Tables\tube_voltage__reproducibility.txt
2026-05-16 22:59:33,858 - storage.access_export - DEBUG - Access TXT file created: data/export/access\Extracted_Tables\geometry__geometric_efficiency.txt
2026-05-16 22:59:33,862 - storage.access_export - DEBUG - Access TXT file created: data/export/access\Extracted_Tables\geometry__positioning_light.txt
2026-05-16 22:59:33,868 - storage.access_export - DEBUG - Access TXT file created: data/export/access\Extracted_Tables\geometry__table_travel.txt
2026-05-16 22:59:33,874 - storage.access_export - DEBUG - Access TXT file created: data/export/access\Extracted_Tables\geometry__overscan.txt
2026-05-16 22:59:33,878 - storage.access_export - DEBUG - Access TXT file created: data/export/access\Extracted_Tables\geometry__increment.txt
2026-05-16 22:59:33,884 - storage.access_export - DEBUG - Access TXT file created: data/export/access\Extracted_Tables\geometry__pixel_size.txt
2026-05-16 22:59:33,889 - storage.access_export - DEBUG - Access TXT file created: data/export/access\Extracted_Tables\geometry__circular_symmetry.txt
2026-05-16 22:59:33,894 - storage.access_export - DEBUG - Access TXT file created: data/export/access\Extracted_Tables\dose__CTDI32_reproducibility.txt
2026-05-16 22:59:33,899 - storage.access_export - DEBUG - Access TXT file created: data/export/access\Extracted_Tables\dose__CTDI32_kV.txt
2026-05-16 22:59:33,903 - storage.access_export - DEBUG - Access TXT file created: data/export/access\Extracted_Tables\dose__CTDI32_kV_deviation.txt
2026-05-16 22:59:33,907 - storage.access_export - DEBUG - Access TXT file created: data/export/access\Extracted_Tables\dose__CTDI32_collimation.txt
2026-05-16 22:59:33,912 - storage.access_export - DEBUG - Access TXT file created: data/export/access\Extracted_Tables\dose__CTDI32_linearity.txt
2026-05-16 22:59:33,916 - storage.access_export - DEBUG - Access TXT file created: data/export/access\Extracted_Tables\dose__CTDI32_linearity_iterative.txt
2026-05-16 22:59:33,920 - storage.access_export - DEBUG - Access TXT file created: data/export/access\Extracted_Tables\dose__CTDI32_verification_standard.txt
2026-05-16 22:59:33,924 - storage.access_export - DEBUG - Access TXT file created: data/export/access\Extracted_Tables\dose__CTDI32_verification_DS.txt
2026-05-16 22:59:33,929 - storage.access_export - DEBUG - Access TXT file created: data/export/access\Extracted_Tables\noise__detector_row.txt
2026-05-16 22:59:33,934 - storage.access_export - DEBUG - Access TXT file created: data/export/access\Extracted_Tables\tcm__z_dikte_tcm_aan.txt
2026-05-16 22:59:33,939 - storage.access_export - DEBUG - Access TXT file created: data/export/access\Extracted_Tables\tcm__z_dikte_tcm_af.txt
2026-05-16 22:59:33,946 - storage.access_export - DEBUG - Access TXT file created: data/export/access\Extracted_Tables\tcm__z_densiteit_tcm_aan.txt
2026-05-16 22:59:33,953 - storage.access_export - DEBUG - Access TXT file created: data/export/access\Extracted_Tables\tcm__z_densiteit_tcm_af.txt
2026-05-16 22:59:33,957 - storage.access_export - DEBUG - Access TXT file created: data/export/access\Extracted_Tables\dose__CTDI16_kV.txt
2026-05-16 22:59:33,961 - storage.access_export - DEBUG - Access TXT file created: data/export/access\Extracted_Tables\uniformiteit__summary_table.txt
2026-05-16 22:59:33,967 - storage.access_export - DEBUG - Access TXT file created: data/export/access\Extracted_Tables\CT_getal_lineair.txt
2026-05-16 22:59:33,972 - storage.access_export - DEBUG - Access TXT file created: data/export/access\Extracted_Tables\iq__DS_CT_getal_lineair_mixed.txt
2026-05-16 22:59:33,977 - storage.access_export - DEBUG - Access TXT file created: data/export/access\Extracted_Tables\iq__DS_CT_getal_lineair_buisB.txt
2026-05-16 22:59:33,981 - storage.access_export - DEBUG - Access TXT file created: data/export/access\Extracted_Tables\iq__DS_HU_water_lucht_mixed.txt
2026-05-16 22:59:33,988 - storage.access_export - DEBUG - Access TXT file created: data/export/access\Extracted_Tables\iq__DS_HU_water_lucht_buisB.txt
2026-05-16 22:59:33,993 - storage.access_export - DEBUG - Access TXT file created: data/export/access\Extracted_Tables\iq__DS_uniformiteit_mixed.txt
2026-05-16 22:59:33,998 - storage.access_export - DEBUG - Access TXT file created: data/export/access\Extracted_Tables\iq__DS_uniformiteit_mixed_summary.txt
2026-05-16 22:59:34,002 - storage.access_export - DEBUG - Access TXT file created: data/export/access\Extracted_Tables\iq__DS_uniformiteit_buisB.txt
2026-05-16 22:59:34,007 - storage.access_export - DEBUG - Access TXT file created: data/export/access\Extracted_Tables\iq__DS_uniformiteit_buisB_summary.txt
2026-05-16 22:59:34,011 - storage.access_export - DEBUG - Access TXT file created: data/export/access\Extracted_Tables\iq__DS_correlatie_mixed.txt
2026-05-16 22:59:34,015 - storage.access_export - DEBUG - Access TXT file created: data/export/access\Extracted_Tables\iq__DS_correlatie_buisB.txt
2026-05-16 22:59:34,019 - storage.access_export - DEBUG - Access TXT file created: data/export/access\Extracted_Tables\geometry__slice_thickness_gt2mm.txt
2026-05-16 22:59:34,024 - storage.access_export - DEBUG - Access TXT file created: data/export/access\Extracted_Tables\geometry__slice_thickness_lt2mm.txt
2026-05-16 22:59:34,028 - storage.access_export - DEBUG - Access TXT file created: data/export/access\Extracted_Tables\protocols__adult.txt
2026-05-16 22:59:34,032 - storage.access_export - DEBUG - Access TXT file created: data/export/access\Extracted_Tables\protocols__pediatric.txt
2026-05-16 22:59:34,041 - storage.access_export - DEBUG - Access TXT file created: data/export/access\Metadata\Scalar_Records.txt
2026-05-16 22:59:34,046 - storage.access_export - DEBUG - Access TXT file created: data/export/access\Metadata\Named_Results.txt
2026-05-16 22:59:34,072 - storage.access_export - DEBUG - Access TXT file created: data/export/access\Metadata\Extracted_Fields.txt
2026-05-16 22:59:34,075 - storage.access_export - DEBUG - Access TXT file created: data/export/access\Metadata\Extraction_Metadata.txt
2026-05-16 22:59:34,076 - storage.access_export - INFO - Access export completed for QAVisit 173828
2026-05-16 22:59:34,174 - core.audit - INFO - [SUCCESS] Orchestrator.ProcessingComplete: File processed successfully | File: QC300_0624_01504CT-CT11.xlsm
2026-05-16 22:59:34,176 - core.audit - INFO - [INFO] Orchestrator.ProcessingStart: Start processing file | File: QC300_0724_01014CT-CT13.xlsm
2026-05-16 22:59:34,177 - engine.extraction_engine - INFO - Extraction des donnees depuis: data/raw/Excel/QC300_0724_01014CT-CT13.xlsm
2026-05-16 22:59:54,764 - engine.extraction_engine - INFO - Extraction terminee: 317 champs, 48 tables, 22 named results
2026-05-16 22:59:54,768 - models.qa_visit - WARNING - Utilisation QAID fallback: 194768
2026-05-16 22:59:54,775 - core.audit - INFO - [INFO] QAVisit.ReferencesResolved: References resolved successfully
2026-05-16 22:59:54,775 - core.audit - INFO - [INFO] QAVisit.Created: QAVisit 194768 created successfully
2026-05-16 22:59:54,776 - models.qa_visit - INFO - QAVisit 194768 ready for HDF5 persistence
2026-05-16 22:59:54,780 - storage.access_export - DEBUG - Access TXT file created: data/export/access\Metadata\QAVisit.txt
2026-05-16 22:59:54,786 - storage.access_export - DEBUG - Access TXT file created: data/export/access\Extracted_Tables\meta__measurement_equipment.txt
2026-05-16 22:59:54,791 - storage.access_export - DEBUG - Access TXT file created: data/export/access\Extracted_Tables\tube_voltage__accuracy.txt
2026-05-16 22:59:54,796 - storage.access_export - DEBUG - Access TXT file created: data/export/access\Extracted_Tables\tube_voltage__reproducibility.txt
2026-05-16 22:59:54,802 - storage.access_export - DEBUG - Access TXT file created: data/export/access\Extracted_Tables\geometry__geometric_efficiency.txt
2026-05-16 22:59:54,809 - storage.access_export - DEBUG - Access TXT file created: data/export/access\Extracted_Tables\geometry__positioning_light.txt
2026-05-16 22:59:54,813 - storage.access_export - DEBUG - Access TXT file created: data/export/access\Extracted_Tables\geometry__table_travel.txt
2026-05-16 22:59:54,818 - storage.access_export - DEBUG - Access TXT file created: data/export/access\Extracted_Tables\geometry__overscan.txt
2026-05-16 22:59:54,824 - storage.access_export - DEBUG - Access TXT file created: data/export/access\Extracted_Tables\geometry__increment.txt
2026-05-16 22:59:54,828 - storage.access_export - DEBUG - Access TXT file created: data/export/access\Extracted_Tables\geometry__pixel_size.txt
2026-05-16 22:59:54,832 - storage.access_export - DEBUG - Access TXT file created: data/export/access\Extracted_Tables\geometry__circular_symmetry.txt
2026-05-16 22:59:54,837 - storage.access_export - DEBUG - Access TXT file created: data/export/access\Extracted_Tables\dose__CTDI32_reproducibility.txt
2026-05-16 22:59:54,841 - storage.access_export - DEBUG - Access TXT file created: data/export/access\Extracted_Tables\dose__CTDI32_kV.txt
2026-05-16 22:59:54,845 - storage.access_export - DEBUG - Access TXT file created: data/export/access\Extracted_Tables\dose__CTDI32_kV_deviation.txt
2026-05-16 22:59:54,850 - storage.access_export - DEBUG - Access TXT file created: data/export/access\Extracted_Tables\dose__CTDI32_collimation.txt
2026-05-16 22:59:54,854 - storage.access_export - DEBUG - Access TXT file created: data/export/access\Extracted_Tables\dose__CTDI32_linearity.txt
2026-05-16 22:59:54,858 - storage.access_export - DEBUG - Access TXT file created: data/export/access\Extracted_Tables\dose__CTDI32_linearity_iterative.txt
2026-05-16 22:59:54,862 - storage.access_export - DEBUG - Access TXT file created: data/export/access\Extracted_Tables\dose__CTDI32_verification_standard.txt
2026-05-16 22:59:54,865 - storage.access_export - DEBUG - Access TXT file created: data/export/access\Extracted_Tables\dose__CTDI32_verification_DS.txt
2026-05-16 22:59:54,870 - storage.access_export - DEBUG - Access TXT file created: data/export/access\Extracted_Tables\noise__detector_row.txt
2026-05-16 22:59:54,876 - storage.access_export - DEBUG - Access TXT file created: data/export/access\Extracted_Tables\tcm__z_dikte_tcm_aan.txt
2026-05-16 22:59:54,881 - storage.access_export - DEBUG - Access TXT file created: data/export/access\Extracted_Tables\tcm__z_dikte_tcm_af.txt
2026-05-16 22:59:54,885 - storage.access_export - DEBUG - Access TXT file created: data/export/access\Extracted_Tables\dose__CTDI16_kV.txt
2026-05-16 22:59:54,889 - storage.access_export - DEBUG - Access TXT file created: data/export/access\Extracted_Tables\uniformiteit__summary_table.txt
2026-05-16 22:59:54,896 - storage.access_export - DEBUG - Access TXT file created: data/export/access\Extracted_Tables\CT_getal_lineair.txt
2026-05-16 22:59:54,901 - storage.access_export - DEBUG - Access TXT file created: data/export/access\Extracted_Tables\iq__DS_CT_getal_lineair_mixed.txt
2026-05-16 22:59:54,905 - storage.access_export - DEBUG - Access TXT file created: data/export/access\Extracted_Tables\iq__DS_CT_getal_lineair_buisB.txt
2026-05-16 22:59:54,908 - storage.access_export - DEBUG - Access TXT file created: data/export/access\Extracted_Tables\iq__DS_HU_water_lucht_mixed.txt
2026-05-16 22:59:54,913 - storage.access_export - DEBUG - Access TXT file created: data/export/access\Extracted_Tables\iq__DS_HU_water_lucht_buisB.txt
2026-05-16 22:59:54,917 - storage.access_export - DEBUG - Access TXT file created: data/export/access\Extracted_Tables\iq__DS_uniformiteit_mixed.txt
2026-05-16 22:59:54,921 - storage.access_export - DEBUG - Access TXT file created: data/export/access\Extracted_Tables\iq__DS_uniformiteit_mixed_summary.txt
2026-05-16 22:59:54,925 - storage.access_export - DEBUG - Access TXT file created: data/export/access\Extracted_Tables\iq__DS_uniformiteit_buisB.txt
2026-05-16 22:59:54,928 - storage.access_export - DEBUG - Access TXT file created: data/export/access\Extracted_Tables\iq__DS_uniformiteit_buisB_summary.txt
2026-05-16 22:59:54,932 - storage.access_export - DEBUG - Access TXT file created: data/export/access\Extracted_Tables\iq__DS_correlatie_mixed.txt
2026-05-16 22:59:54,935 - storage.access_export - DEBUG - Access TXT file created: data/export/access\Extracted_Tables\iq__DS_correlatie_buisB.txt
2026-05-16 22:59:54,940 - storage.access_export - DEBUG - Access TXT file created: data/export/access\Extracted_Tables\geometry__slice_thickness_gt2mm.txt
2026-05-16 22:59:54,943 - storage.access_export - DEBUG - Access TXT file created: data/export/access\Extracted_Tables\geometry__slice_thickness_lt2mm.txt
2026-05-16 22:59:54,946 - storage.access_export - DEBUG - Access TXT file created: data/export/access\Extracted_Tables\protocols__adult.txt
2026-05-16 22:59:54,950 - storage.access_export - DEBUG - Access TXT file created: data/export/access\Extracted_Tables\protocols__pediatric.txt
2026-05-16 22:59:54,957 - storage.access_export - DEBUG - Access TXT file created: data/export/access\Metadata\Scalar_Records.txt
2026-05-16 22:59:54,961 - storage.access_export - DEBUG - Access TXT file created: data/export/access\Metadata\Named_Results.txt
2026-05-16 22:59:54,983 - storage.access_export - DEBUG - Access TXT file created: data/export/access\Metadata\Extracted_Fields.txt
2026-05-16 22:59:54,985 - storage.access_export - DEBUG - Access TXT file created: data/export/access\Metadata\Extraction_Metadata.txt
2026-05-16 22:59:54,985 - storage.access_export - INFO - Access export completed for QAVisit 194768
2026-05-16 22:59:55,042 - core.audit - INFO - [SUCCESS] Orchestrator.ProcessingComplete: File processed successfully | File: QC300_0724_01014CT-CT13.xlsm
2026-05-16 22:59:55,043 - core.audit - INFO - [INFO] Orchestrator.ProcessingStart: Start processing file | File: QC300_0724_01705CT_CT16.xlsm
2026-05-16 22:59:55,044 - engine.extraction_engine - INFO - Extraction des donnees depuis: data/raw/Excel/QC300_0724_01705CT_CT16.xlsm
2026-05-16 23:00:25,611 - engine.extraction_engine - INFO - Extraction terminee: 317 champs, 48 tables, 22 named results
2026-05-16 23:00:25,617 - models.qa_visit - WARNING - Utilisation QAID fallback: 225617
2026-05-16 23:00:25,629 - core.audit - INFO - [INFO] QAVisit.ReferencesResolved: References resolved successfully
2026-05-16 23:00:25,630 - core.audit - INFO - [INFO] QAVisit.Created: QAVisit 225617 created successfully
2026-05-16 23:00:25,630 - models.qa_visit - INFO - QAVisit 225617 ready for HDF5 persistence
2026-05-16 23:00:25,638 - storage.access_export - DEBUG - Access TXT file created: data/export/access\Metadata\QAVisit.txt
2026-05-16 23:00:25,647 - storage.access_export - DEBUG - Access TXT file created: data/export/access\Extracted_Tables\meta__measurement_equipment.txt
2026-05-16 23:00:25,654 - storage.access_export - DEBUG - Access TXT file created: data/export/access\Extracted_Tables\tube_voltage__accuracy.txt
2026-05-16 23:00:25,659 - storage.access_export - DEBUG - Access TXT file created: data/export/access\Extracted_Tables\tube_voltage__reproducibility.txt
2026-05-16 23:00:25,665 - storage.access_export - DEBUG - Access TXT file created: data/export/access\Extracted_Tables\geometry__geometric_efficiency.txt
2026-05-16 23:00:25,671 - storage.access_export - DEBUG - Access TXT file created: data/export/access\Extracted_Tables\geometry__positioning_light.txt
2026-05-16 23:00:25,677 - storage.access_export - DEBUG - Access TXT file created: data/export/access\Extracted_Tables\geometry__table_travel.txt
2026-05-16 23:00:25,683 - storage.access_export - DEBUG - Access TXT file created: data/export/access\Extracted_Tables\geometry__overscan.txt
2026-05-16 23:00:25,688 - storage.access_export - DEBUG - Access TXT file created: data/export/access\Extracted_Tables\geometry__increment.txt
2026-05-16 23:00:25,692 - storage.access_export - DEBUG - Access TXT file created: data/export/access\Extracted_Tables\geometry__pixel_size.txt
2026-05-16 23:00:25,699 - storage.access_export - DEBUG - Access TXT file created: data/export/access\Extracted_Tables\geometry__circular_symmetry.txt
2026-05-16 23:00:25,704 - storage.access_export - DEBUG - Access TXT file created: data/export/access\Extracted_Tables\dose__CTDI32_reproducibility.txt
2026-05-16 23:00:25,708 - storage.access_export - DEBUG - Access TXT file created: data/export/access\Extracted_Tables\dose__CTDI32_kV.txt
2026-05-16 23:00:25,713 - storage.access_export - DEBUG - Access TXT file created: data/export/access\Extracted_Tables\dose__CTDI32_kV_deviation.txt
2026-05-16 23:00:25,718 - storage.access_export - DEBUG - Access TXT file created: data/export/access\Extracted_Tables\dose__CTDI32_collimation.txt
2026-05-16 23:00:25,722 - storage.access_export - DEBUG - Access TXT file created: data/export/access\Extracted_Tables\dose__CTDI32_linearity.txt
2026-05-16 23:00:25,726 - storage.access_export - DEBUG - Access TXT file created: data/export/access\Extracted_Tables\dose__CTDI32_linearity_iterative.txt
2026-05-16 23:00:25,730 - storage.access_export - DEBUG - Access TXT file created: data/export/access\Extracted_Tables\dose__CTDI32_verification_standard.txt
2026-05-16 23:00:25,734 - storage.access_export - DEBUG - Access TXT file created: data/export/access\Extracted_Tables\dose__CTDI32_verification_DS.txt
2026-05-16 23:00:25,738 - storage.access_export - DEBUG - Access TXT file created: data/export/access\Extracted_Tables\noise__detector_row.txt
2026-05-16 23:00:25,744 - storage.access_export - DEBUG - Access TXT file created: data/export/access\Extracted_Tables\tcm__z_dikte_tcm_aan.txt
2026-05-16 23:00:25,749 - storage.access_export - DEBUG - Access TXT file created: data/export/access\Extracted_Tables\tcm__z_dikte_tcm_af.txt
2026-05-16 23:00:25,755 - storage.access_export - DEBUG - Access TXT file created: data/export/access\Extracted_Tables\tcm__z_densiteit_tcm_aan.txt
2026-05-16 23:00:25,760 - storage.access_export - DEBUG - Access TXT file created: data/export/access\Extracted_Tables\tcm__z_densiteit_tcm_af.txt
2026-05-16 23:00:25,765 - storage.access_export - DEBUG - Access TXT file created: data/export/access\Extracted_Tables\dose__CTDI16_kV.txt
2026-05-16 23:00:25,772 - storage.access_export - DEBUG - Access TXT file created: data/export/access\Extracted_Tables\uniformiteit__summary_table.txt
2026-05-16 23:00:25,776 - storage.access_export - DEBUG - Access TXT file created: data/export/access\Extracted_Tables\CT_getal_lineair.txt
2026-05-16 23:00:25,781 - storage.access_export - DEBUG - Access TXT file created: data/export/access\Extracted_Tables\iq__DS_CT_getal_lineair_mixed.txt
2026-05-16 23:00:25,786 - storage.access_export - DEBUG - Access TXT file created: data/export/access\Extracted_Tables\iq__DS_CT_getal_lineair_buisB.txt
2026-05-16 23:00:25,790 - storage.access_export - DEBUG - Access TXT file created: data/export/access\Extracted_Tables\iq__DS_HU_water_lucht_mixed.txt
2026-05-16 23:00:25,795 - storage.access_export - DEBUG - Access TXT file created: data/export/access\Extracted_Tables\iq__DS_uniformiteit_mixed.txt
2026-05-16 23:00:25,799 - storage.access_export - DEBUG - Access TXT file created: data/export/access\Extracted_Tables\iq__DS_uniformiteit_mixed_summary.txt
2026-05-16 23:00:25,803 - storage.access_export - DEBUG - Access TXT file created: data/export/access\Extracted_Tables\iq__DS_uniformiteit_buisB.txt
2026-05-16 23:00:25,806 - storage.access_export - DEBUG - Access TXT file created: data/export/access\Extracted_Tables\iq__DS_uniformiteit_buisB_summary.txt
2026-05-16 23:00:25,809 - storage.access_export - DEBUG - Access TXT file created: data/export/access\Extracted_Tables\iq__DS_correlatie_mixed.txt
2026-05-16 23:00:25,813 - storage.access_export - DEBUG - Access TXT file created: data/export/access\Extracted_Tables\iq__DS_correlatie_buisB.txt
2026-05-16 23:00:25,816 - storage.access_export - DEBUG - Access TXT file created: data/export/access\Extracted_Tables\geometry__slice_thickness_gt2mm.txt
2026-05-16 23:00:25,820 - storage.access_export - DEBUG - Access TXT file created: data/export/access\Extracted_Tables\geometry__slice_thickness_lt2mm.txt
2026-05-16 23:00:25,823 - storage.access_export - DEBUG - Access TXT file created: data/export/access\Extracted_Tables\protocols__adult.txt
2026-05-16 23:00:25,827 - storage.access_export - DEBUG - Access TXT file created: data/export/access\Extracted_Tables\protocols__pediatric.txt
2026-05-16 23:00:25,835 - storage.access_export - DEBUG - Access TXT file created: data/export/access\Metadata\Scalar_Records.txt
2026-05-16 23:00:25,838 - storage.access_export - DEBUG - Access TXT file created: data/export/access\Metadata\Named_Results.txt
2026-05-16 23:00:25,858 - storage.access_export - DEBUG - Access TXT file created: data/export/access\Metadata\Extracted_Fields.txt
2026-05-16 23:00:25,860 - storage.access_export - DEBUG - Access TXT file created: data/export/access\Metadata\Extraction_Metadata.txt
2026-05-16 23:00:25,861 - storage.access_export - INFO - Access export completed for QAVisit 225617
2026-05-16 23:00:25,939 - core.audit - INFO - [SUCCESS] Orchestrator.ProcessingComplete: File processed successfully | File: QC300_0724_01705CT_CT16.xlsm
2026-05-16 23:00:25,941 - core.audit - INFO - [INFO] Orchestrator.ProcessingStart: Start processing file | File: QC300_0924_01979CT-PETCT9.xlsm
2026-05-16 23:00:25,941 - engine.extraction_engine - INFO - Extraction des donnees depuis: data/raw/Excel/QC300_0924_01979CT-PETCT9.xlsm
2026-05-16 23:00:42,762 - engine.extraction_engine - INFO - Extraction terminee: 317 champs, 48 tables, 22 named results
2026-05-16 23:00:42,766 - models.qa_visit - WARNING - Utilisation QAID fallback: 242766
2026-05-16 23:00:42,769 - models.qa_visit - WARNING - No Linktable match for normalized QAMPR 1979
2026-05-16 23:00:42,770 - core.audit - WARNING - [WARNING] QAVisit.ReferenceResolutionNoMatch: No Linktable match for normalized QAMPR 1979
2026-05-16 23:00:42,770 - core.audit - INFO - [INFO] QAVisit.Created: QAVisit 242766 created successfully
2026-05-16 23:00:42,770 - models.qa_visit - INFO - QAVisit 242766 ready for HDF5 persistence
2026-05-16 23:00:42,775 - storage.access_export - DEBUG - Access TXT file created: data/export/access\Metadata\QAVisit.txt
2026-05-16 23:00:42,778 - storage.access_export - DEBUG - Access TXT file created: data/export/access\Extracted_Tables\meta__measurement_equipment.txt
2026-05-16 23:00:42,782 - storage.access_export - DEBUG - Access TXT file created: data/export/access\Extracted_Tables\tube_voltage__accuracy.txt
2026-05-16 23:00:42,785 - storage.access_export - DEBUG - Access TXT file created: data/export/access\Extracted_Tables\tube_voltage__reproducibility.txt
2026-05-16 23:00:42,790 - storage.access_export - DEBUG - Access TXT file created: data/export/access\Extracted_Tables\geometry__geometric_efficiency.txt
2026-05-16 23:00:42,794 - storage.access_export - DEBUG - Access TXT file created: data/export/access\Extracted_Tables\geometry__positioning_light.txt
2026-05-16 23:00:42,800 - storage.access_export - DEBUG - Access TXT file created: data/export/access\Extracted_Tables\geometry__table_travel.txt
2026-05-16 23:00:42,805 - storage.access_export - DEBUG - Access TXT file created: data/export/access\Extracted_Tables\geometry__overscan.txt
2026-05-16 23:00:42,811 - storage.access_export - DEBUG - Access TXT file created: data/export/access\Extracted_Tables\geometry__increment.txt
2026-05-16 23:00:42,815 - storage.access_export - DEBUG - Access TXT file created: data/export/access\Extracted_Tables\geometry__pixel_size.txt
2026-05-16 23:00:42,820 - storage.access_export - DEBUG - Access TXT file created: data/export/access\Extracted_Tables\geometry__circular_symmetry.txt
2026-05-16 23:00:42,823 - storage.access_export - DEBUG - Access TXT file created: data/export/access\Extracted_Tables\dose__CTDI32_reproducibility.txt
2026-05-16 23:00:42,830 - storage.access_export - DEBUG - Access TXT file created: data/export/access\Extracted_Tables\dose__CTDI32_kV.txt
2026-05-16 23:00:42,835 - storage.access_export - DEBUG - Access TXT file created: data/export/access\Extracted_Tables\dose__CTDI32_kV_deviation.txt
2026-05-16 23:00:42,839 - storage.access_export - DEBUG - Access TXT file created: data/export/access\Extracted_Tables\dose__CTDI32_collimation.txt
2026-05-16 23:00:42,845 - storage.access_export - DEBUG - Access TXT file created: data/export/access\Extracted_Tables\dose__CTDI32_linearity.txt
2026-05-16 23:00:42,849 - storage.access_export - DEBUG - Access TXT file created: data/export/access\Extracted_Tables\dose__CTDI32_linearity_iterative.txt
2026-05-16 23:00:42,853 - storage.access_export - DEBUG - Access TXT file created: data/export/access\Extracted_Tables\dose__CTDI32_verification_standard.txt
2026-05-16 23:00:42,858 - storage.access_export - DEBUG - Access TXT file created: data/export/access\Extracted_Tables\dose__CTDI32_verification_DS.txt
2026-05-16 23:00:42,863 - storage.access_export - DEBUG - Access TXT file created: data/export/access\Extracted_Tables\noise__detector_row.txt
2026-05-16 23:00:42,869 - storage.access_export - DEBUG - Access TXT file created: data/export/access\Extracted_Tables\tcm__z_dikte_tcm_aan.txt
2026-05-16 23:00:42,875 - storage.access_export - DEBUG - Access TXT file created: data/export/access\Extracted_Tables\tcm__z_dikte_tcm_af.txt
2026-05-16 23:00:42,880 - storage.access_export - DEBUG - Access TXT file created: data/export/access\Extracted_Tables\tcm__z_densiteit_tcm_aan.txt
2026-05-16 23:00:42,887 - storage.access_export - DEBUG - Access TXT file created: data/export/access\Extracted_Tables\tcm__z_densiteit_tcm_af.txt
2026-05-16 23:00:42,892 - storage.access_export - DEBUG - Access TXT file created: data/export/access\Extracted_Tables\dose__CTDI16_kV.txt
2026-05-16 23:00:42,899 - storage.access_export - DEBUG - Access TXT file created: data/export/access\Extracted_Tables\uniformiteit__summary_table.txt
2026-05-16 23:00:42,906 - storage.access_export - DEBUG - Access TXT file created: data/export/access\Extracted_Tables\CT_getal_lineair.txt
2026-05-16 23:00:42,912 - storage.access_export - DEBUG - Access TXT file created: data/export/access\Extracted_Tables\iq__DS_CT_getal_lineair_mixed.txt
2026-05-16 23:00:42,919 - storage.access_export - DEBUG - Access TXT file created: data/export/access\Extracted_Tables\iq__DS_CT_getal_lineair_buisB.txt
2026-05-16 23:00:42,927 - storage.access_export - DEBUG - Access TXT file created: data/export/access\Extracted_Tables\iq__DS_HU_water_lucht_mixed.txt
2026-05-16 23:00:42,933 - storage.access_export - DEBUG - Access TXT file created: data/export/access\Extracted_Tables\iq__DS_uniformiteit_mixed.txt
2026-05-16 23:00:42,940 - storage.access_export - DEBUG - Access TXT file created: data/export/access\Extracted_Tables\iq__DS_uniformiteit_mixed_summary.txt
2026-05-16 23:00:42,947 - storage.access_export - DEBUG - Access TXT file created: data/export/access\Extracted_Tables\iq__DS_uniformiteit_buisB.txt
2026-05-16 23:00:42,954 - storage.access_export - DEBUG - Access TXT file created: data/export/access\Extracted_Tables\iq__DS_uniformiteit_buisB_summary.txt
2026-05-16 23:00:42,959 - storage.access_export - DEBUG - Access TXT file created: data/export/access\Extracted_Tables\iq__DS_correlatie_mixed.txt
2026-05-16 23:00:42,966 - storage.access_export - DEBUG - Access TXT file created: data/export/access\Extracted_Tables\iq__DS_correlatie_buisB.txt
2026-05-16 23:00:42,971 - storage.access_export - DEBUG - Access TXT file created: data/export/access\Extracted_Tables\geometry__slice_thickness_gt2mm.txt
2026-05-16 23:00:42,977 - storage.access_export - DEBUG - Access TXT file created: data/export/access\Extracted_Tables\geometry__slice_thickness_lt2mm.txt
2026-05-16 23:00:42,982 - storage.access_export - DEBUG - Access TXT file created: data/export/access\Extracted_Tables\protocols__adult.txt
2026-05-16 23:00:42,986 - storage.access_export - DEBUG - Access TXT file created: data/export/access\Extracted_Tables\protocols__pediatric.txt
2026-05-16 23:00:42,995 - storage.access_export - DEBUG - Access TXT file created: data/export/access\Metadata\Scalar_Records.txt
2026-05-16 23:00:43,001 - storage.access_export - DEBUG - Access TXT file created: data/export/access\Metadata\Named_Results.txt
2026-05-16 23:00:43,028 - storage.access_export - DEBUG - Access TXT file created: data/export/access\Metadata\Extracted_Fields.txt
2026-05-16 23:00:43,032 - storage.access_export - DEBUG - Access TXT file created: data/export/access\Metadata\Extraction_Metadata.txt
2026-05-16 23:00:43,033 - storage.access_export - INFO - Access export completed for QAVisit 242766
2026-05-16 23:00:43,100 - core.audit - INFO - [SUCCESS] Orchestrator.ProcessingComplete: File processed successfully | File: QC300_0924_01979CT-PETCT9.xlsm
2026-05-16 23:00:43,101 - core.audit - INFO - [INFO] Orchestrator.ProcessingStart: Start processing file | File: QC300_1024_01835CT-CT14 .xlsm
2026-05-16 23:00:43,101 - engine.extraction_engine - INFO - Extraction des donnees depuis: data/raw/Excel/QC300_1024_01835CT-CT14 .xlsm
2026-05-16 23:00:58,670 - engine.extraction_engine - INFO - Extraction terminee: 169 champs, 41 tables, 18 named results
2026-05-16 23:00:58,673 - models.qa_visit - WARNING - Utilisation QAID fallback: 258673
2026-05-16 23:00:58,675 - models.qa_visit - WARNING - No Linktable match for normalized QAMPR 1835
2026-05-16 23:00:58,675 - core.audit - WARNING - [WARNING] QAVisit.ReferenceResolutionNoMatch: No Linktable match for normalized QAMPR 1835
2026-05-16 23:00:58,677 - core.audit - INFO - [INFO] QAVisit.Created: QAVisit 258673 created successfully
2026-05-16 23:00:58,677 - models.qa_visit - INFO - QAVisit 258673 ready for HDF5 persistence
2026-05-16 23:00:58,681 - storage.access_export - DEBUG - Access TXT file created: data/export/access\Metadata\QAVisit.txt
2026-05-16 23:00:58,685 - storage.access_export - DEBUG - Access TXT file created: data/export/access\Extracted_Tables\meta__measurement_equipment.txt
2026-05-16 23:00:58,691 - storage.access_export - DEBUG - Access TXT file created: data/export/access\Extracted_Tables\tube_voltage__accuracy.txt
2026-05-16 23:00:58,694 - storage.access_export - DEBUG - Access TXT file created: data/export/access\Extracted_Tables\tube_voltage__reproducibility.txt
2026-05-16 23:00:58,703 - storage.access_export - DEBUG - Access TXT file created: data/export/access\Extracted_Tables\geometry__geometric_efficiency.txt
2026-05-16 23:00:58,709 - storage.access_export - DEBUG - Access TXT file created: data/export/access\Extracted_Tables\geometry__positioning_light.txt
2026-05-16 23:00:58,713 - storage.access_export - DEBUG - Access TXT file created: data/export/access\Extracted_Tables\geometry__table_travel.txt
2026-05-16 23:00:58,717 - storage.access_export - DEBUG - Access TXT file created: data/export/access\Extracted_Tables\geometry__overscan.txt
2026-05-16 23:00:58,722 - storage.access_export - DEBUG - Access TXT file created: data/export/access\Extracted_Tables\geometry__increment.txt
2026-05-16 23:00:58,727 - storage.access_export - DEBUG - Access TXT file created: data/export/access\Extracted_Tables\geometry__pixel_size.txt
2026-05-16 23:00:58,732 - storage.access_export - DEBUG - Access TXT file created: data/export/access\Extracted_Tables\geometry__circular_symmetry.txt
2026-05-16 23:00:58,736 - storage.access_export - DEBUG - Access TXT file created: data/export/access\Extracted_Tables\dose__CTDI32_reproducibility.txt
2026-05-16 23:00:58,740 - storage.access_export - DEBUG - Access TXT file created: data/export/access\Extracted_Tables\dose__CTDI32_kV.txt
2026-05-16 23:00:58,744 - storage.access_export - DEBUG - Access TXT file created: data/export/access\Extracted_Tables\dose__CTDI32_kV_deviation.txt
2026-05-16 23:00:58,748 - storage.access_export - DEBUG - Access TXT file created: data/export/access\Extracted_Tables\dose__CTDI32_collimation.txt
2026-05-16 23:00:58,752 - storage.access_export - DEBUG - Access TXT file created: data/export/access\Extracted_Tables\dose__CTDI32_linearity.txt
2026-05-16 23:00:58,758 - storage.access_export - DEBUG - Access TXT file created: data/export/access\Extracted_Tables\dose__CTDI32_linearity_iterative.txt
2026-05-16 23:00:58,762 - storage.access_export - DEBUG - Access TXT file created: data/export/access\Extracted_Tables\dose__CTDI32_verification_standard.txt
2026-05-16 23:00:58,766 - storage.access_export - DEBUG - Access TXT file created: data/export/access\Extracted_Tables\dose__CTDI32_verification_DS.txt
2026-05-16 23:00:58,771 - storage.access_export - DEBUG - Access TXT file created: data/export/access\Extracted_Tables\noise__detector_row.txt
2026-05-16 23:00:58,777 - storage.access_export - DEBUG - Access TXT file created: data/export/access\Extracted_Tables\tcm__z_dikte_tcm_aan.txt
2026-05-16 23:00:58,782 - storage.access_export - DEBUG - Access TXT file created: data/export/access\Extracted_Tables\tcm__z_dikte_tcm_af.txt
2026-05-16 23:00:58,785 - storage.access_export - DEBUG - Access TXT file created: data/export/access\Extracted_Tables\tcm__z_densiteit_tcm_aan.txt
2026-05-16 23:00:58,791 - storage.access_export - DEBUG - Access TXT file created: data/export/access\Extracted_Tables\tcm__z_densiteit_tcm_af.txt
2026-05-16 23:00:58,795 - storage.access_export - DEBUG - Access TXT file created: data/export/access\Extracted_Tables\dose__CTDI16_kV.txt
2026-05-16 23:00:58,802 - storage.access_export - DEBUG - Access TXT file created: data/export/access\Extracted_Tables\iq__DS_CT_getal_lineair_mixed.txt
2026-05-16 23:00:58,806 - storage.access_export - DEBUG - Access TXT file created: data/export/access\Extracted_Tables\iq__DS_CT_getal_lineair_buisB.txt
2026-05-16 23:00:58,811 - storage.access_export - DEBUG - Access TXT file created: data/export/access\Extracted_Tables\iq__DS_HU_water_lucht_mixed.txt
2026-05-16 23:00:58,817 - storage.access_export - DEBUG - Access TXT file created: data/export/access\Extracted_Tables\iq__DS_HU_water_lucht_buisB.txt
2026-05-16 23:00:58,821 - storage.access_export - DEBUG - Access TXT file created: data/export/access\Extracted_Tables\iq__DS_uniformiteit_mixed.txt
2026-05-16 23:00:58,825 - storage.access_export - DEBUG - Access TXT file created: data/export/access\Extracted_Tables\iq__DS_uniformiteit_buisB_summary.txt
2026-05-16 23:00:58,830 - storage.access_export - DEBUG - Access TXT file created: data/export/access\Extracted_Tables\iq__DS_correlatie_mixed.txt
2026-05-16 23:00:58,834 - storage.access_export - DEBUG - Access TXT file created: data/export/access\Extracted_Tables\geometry__slice_thickness_gt2mm.txt
2026-05-16 23:00:58,837 - storage.access_export - DEBUG - Access TXT file created: data/export/access\Extracted_Tables\geometry__slice_thickness_lt2mm.txt
2026-05-16 23:00:58,841 - storage.access_export - DEBUG - Access TXT file created: data/export/access\Extracted_Tables\protocols__adult.txt
2026-05-16 23:00:58,845 - storage.access_export - DEBUG - Access TXT file created: data/export/access\Extracted_Tables\protocols__pediatric.txt
2026-05-16 23:00:58,851 - storage.access_export - DEBUG - Access TXT file created: data/export/access\Metadata\Scalar_Records.txt
2026-05-16 23:00:58,856 - storage.access_export - DEBUG - Access TXT file created: data/export/access\Metadata\Named_Results.txt
2026-05-16 23:00:58,869 - storage.access_export - DEBUG - Access TXT file created: data/export/access\Metadata\Extracted_Fields.txt
2026-05-16 23:00:58,871 - storage.access_export - DEBUG - Access TXT file created: data/export/access\Metadata\Extraction_Metadata.txt
2026-05-16 23:00:58,872 - storage.access_export - INFO - Access export completed for QAVisit 258673
2026-05-16 23:00:58,919 - core.audit - INFO - [SUCCESS] Orchestrator.ProcessingComplete: File processed successfully | File: QC300_1024_01835CT-CT14 .xlsm
2026-05-16 23:00:58,920 - core.audit - INFO - [INFO] Orchestrator.BatchComplete: Batch processing completed
2026-05-16 23:00:58,950 - storage.hdf5_store - DEBUG - Table AuditTrail saved (41 rows)
2026-05-16 23:00:58,951 - core.audit - INFO - Audit data exported to HDF5: 41 events
2026-05-16 23:00:58,953 - storage.hdf5_store - INFO - HDF5 store closed
2026-05-19 14:16:39,355 - core.selector - INFO - TemplateSelector initialisé - template unique: ctqc_base
2026-05-19 14:16:39,357 - core.audit - INFO - [INFO] Orchestrator.ProcessingStart: Start processing file | File: QC300_0524_00770CT-PETCTTruepoint.xlsm
2026-05-19 14:16:39,673 - core.sidecar - INFO - Sidecar loaded: ctqc_base (version: 6.8)
2026-05-19 14:16:39,673 - engine.extraction_engine - INFO - Extraction des donnees depuis: data/raw/Excel\QC300_0524_00770CT-PETCTTruepoint.xlsm
2026-05-19 14:17:03,807 - engine.extraction_engine - INFO - Extraction terminee: 317 champs, 47 tables, 22 named results
2026-05-19 14:17:03,812 - models.qa_visit - WARNING - Utilisation QAID fallback: 23812
2026-05-19 14:17:03,855 - core.audit - INFO - [INFO] QAVisit.ReferencesResolved: References resolved successfully
2026-05-19 14:17:03,855 - core.audit - INFO - [INFO] QAVisit.Created: QAVisit 23812 created successfully
2026-05-19 14:17:03,855 - models.qa_visit - INFO - QAVisit 23812 ready for HDF5 persistence
2026-05-19 14:17:03,936 - core.audit - INFO - [SUCCESS] Orchestrator.ProcessingComplete: File processed successfully | File: QC300_0524_00770CT-PETCTTruepoint.xlsm
2026-05-19 14:17:03,937 - core.audit - INFO - [INFO] Orchestrator.ProcessingStart: Start processing file | File: QC300_0524_01005CT-SPECTSymbia2.xlsm
2026-05-19 14:17:03,937 - engine.extraction_engine - INFO - Extraction des donnees depuis: data/raw/Excel\QC300_0524_01005CT-SPECTSymbia2.xlsm
2026-05-19 14:17:25,034 - engine.extraction_engine - INFO - Extraction terminee: 317 champs, 48 tables, 22 named results
2026-05-19 14:17:25,038 - models.qa_visit - WARNING - Utilisation QAID fallback: 45038
2026-05-19 14:17:25,044 - core.audit - INFO - [INFO] QAVisit.ReferencesResolved: References resolved successfully
2026-05-19 14:17:25,044 - core.audit - INFO - [INFO] QAVisit.Created: QAVisit 45038 created successfully
2026-05-19 14:17:25,046 - models.qa_visit - INFO - QAVisit 45038 ready for HDF5 persistence
2026-05-19 14:17:25,132 - core.audit - INFO - [SUCCESS] Orchestrator.ProcessingComplete: File processed successfully | File: QC300_0524_01005CT-SPECTSymbia2.xlsm
2026-05-19 14:17:25,133 - core.audit - INFO - [INFO] Orchestrator.ProcessingStart: Start processing file | File: QC300_0524_01319CT-SPECTGE.xlsm
2026-05-19 14:17:25,134 - engine.extraction_engine - INFO - Extraction des donnees depuis: data/raw/Excel\QC300_0524_01319CT-SPECTGE.xlsm
2026-05-19 14:18:06,409 - engine.extraction_engine - INFO - Extraction terminee: 317 champs, 48 tables, 22 named results
2026-05-19 14:18:06,413 - models.qa_visit - WARNING - Utilisation QAID fallback: 86413
2026-05-19 14:18:06,420 - core.audit - INFO - [INFO] QAVisit.ReferencesResolved: References resolved successfully
2026-05-19 14:18:06,420 - core.audit - INFO - [INFO] QAVisit.Created: QAVisit 86413 created successfully
2026-05-19 14:18:06,420 - models.qa_visit - INFO - QAVisit 86413 ready for HDF5 persistence
2026-05-19 14:18:06,498 - core.audit - INFO - [SUCCESS] Orchestrator.ProcessingComplete: File processed successfully | File: QC300_0524_01319CT-SPECTGE.xlsm
2026-05-19 14:18:06,499 - core.audit - INFO - [INFO] Orchestrator.ProcessingStart: Start processing file | File: QC300_0524_01468CT-PETGE10.xlsm
2026-05-19 14:18:06,500 - engine.extraction_engine - INFO - Extraction des donnees depuis: data/raw/Excel\QC300_0524_01468CT-PETGE10.xlsm
2026-05-19 14:18:28,975 - engine.extraction_engine - INFO - Extraction terminee: 317 champs, 48 tables, 22 named results
2026-05-19 14:18:28,979 - models.qa_visit - WARNING - Utilisation QAID fallback: 108979
2026-05-19 14:18:28,987 - core.audit - INFO - [INFO] QAVisit.ReferencesResolved: References resolved successfully
2026-05-19 14:18:28,987 - core.audit - INFO - [INFO] QAVisit.Created: QAVisit 108979 created successfully
2026-05-19 14:18:28,987 - models.qa_visit - INFO - QAVisit 108979 ready for HDF5 persistence
2026-05-19 14:18:29,071 - core.audit - INFO - [SUCCESS] Orchestrator.ProcessingComplete: File processed successfully | File: QC300_0524_01468CT-PETGE10.xlsm
2026-05-19 14:18:29,072 - core.audit - INFO - [INFO] Orchestrator.ProcessingStart: Start processing file | File: QC300_0524_01611CT-SPECTSymbiaBold4.xlsm
2026-05-19 14:18:29,072 - engine.extraction_engine - INFO - Extraction des donnees depuis: data/raw/Excel\QC300_0524_01611CT-SPECTSymbiaBold4.xlsm
2026-05-19 14:18:48,773 - engine.extraction_engine - INFO - Extraction terminee: 317 champs, 48 tables, 22 named results
2026-05-19 14:18:48,777 - models.qa_visit - WARNING - Utilisation QAID fallback: 128777
2026-05-19 14:18:48,784 - core.audit - INFO - [INFO] QAVisit.ReferencesResolved: References resolved successfully
2026-05-19 14:18:48,785 - core.audit - INFO - [INFO] QAVisit.Created: QAVisit 128777 created successfully
2026-05-19 14:18:48,785 - models.qa_visit - INFO - QAVisit 128777 ready for HDF5 persistence
2026-05-19 14:18:48,867 - core.audit - INFO - [SUCCESS] Orchestrator.ProcessingComplete: File processed successfully | File: QC300_0524_01611CT-SPECTSymbiaBold4.xlsm
2026-05-19 14:18:48,869 - core.audit - INFO - [INFO] Orchestrator.ProcessingStart: Start processing file | File: QC300_0624_01504CT-CT11.xlsm
2026-05-19 14:18:48,869 - engine.extraction_engine - INFO - Extraction des donnees depuis: data/raw/Excel\QC300_0624_01504CT-CT11.xlsm
2026-05-19 14:19:44,947 - engine.extraction_engine - INFO - Extraction terminee: 317 champs, 50 tables, 22 named results
2026-05-19 14:19:44,951 - models.qa_visit - WARNING - Utilisation QAID fallback: 184951
2026-05-19 14:19:44,958 - core.audit - INFO - [INFO] QAVisit.ReferencesResolved: References resolved successfully
2026-05-19 14:19:44,959 - core.audit - INFO - [INFO] QAVisit.Created: QAVisit 184951 created successfully
2026-05-19 14:19:44,959 - models.qa_visit - INFO - QAVisit 184951 ready for HDF5 persistence
2026-05-19 14:19:45,051 - core.audit - INFO - [SUCCESS] Orchestrator.ProcessingComplete: File processed successfully | File: QC300_0624_01504CT-CT11.xlsm
2026-05-19 14:19:45,054 - core.audit - INFO - [INFO] Orchestrator.ProcessingStart: Start processing file | File: QC300_0724_01014CT-CT13.xlsm
2026-05-19 14:19:45,054 - engine.extraction_engine - INFO - Extraction des donnees depuis: data/raw/Excel\QC300_0724_01014CT-CT13.xlsm
2026-05-19 14:20:08,534 - engine.extraction_engine - INFO - Extraction terminee: 317 champs, 48 tables, 22 named results
2026-05-19 14:20:08,538 - models.qa_visit - WARNING - Utilisation QAID fallback: 208538
2026-05-19 14:20:08,546 - core.audit - INFO - [INFO] QAVisit.ReferencesResolved: References resolved successfully
2026-05-19 14:20:08,547 - core.audit - INFO - [INFO] QAVisit.Created: QAVisit 208538 created successfully
2026-05-19 14:20:08,547 - models.qa_visit - INFO - QAVisit 208538 ready for HDF5 persistence
2026-05-19 14:20:08,633 - core.audit - INFO - [SUCCESS] Orchestrator.ProcessingComplete: File processed successfully | File: QC300_0724_01014CT-CT13.xlsm
2026-05-19 14:20:08,634 - core.audit - INFO - [INFO] Orchestrator.ProcessingStart: Start processing file | File: QC300_0724_01705CT_CT16.xlsm
2026-05-19 14:20:08,634 - engine.extraction_engine - INFO - Extraction des donnees depuis: data/raw/Excel\QC300_0724_01705CT_CT16.xlsm
2026-05-19 14:20:44,569 - engine.extraction_engine - INFO - Extraction terminee: 317 champs, 48 tables, 22 named results
2026-05-19 14:20:44,573 - models.qa_visit - WARNING - Utilisation QAID fallback: 244573
2026-05-19 14:20:44,579 - core.audit - INFO - [INFO] QAVisit.ReferencesResolved: References resolved successfully
2026-05-19 14:20:44,579 - core.audit - INFO - [INFO] QAVisit.Created: QAVisit 244573 created successfully
2026-05-19 14:20:44,579 - models.qa_visit - INFO - QAVisit 244573 ready for HDF5 persistence
2026-05-19 14:20:44,667 - core.audit - INFO - [SUCCESS] Orchestrator.ProcessingComplete: File processed successfully | File: QC300_0724_01705CT_CT16.xlsm
2026-05-19 14:20:44,668 - core.audit - INFO - [INFO] Orchestrator.ProcessingStart: Start processing file | File: QC300_0924_01979CT-PETCT9.xlsm
2026-05-19 14:20:44,668 - engine.extraction_engine - INFO - Extraction des donnees depuis: data/raw/Excel\QC300_0924_01979CT-PETCT9.xlsm
2026-05-19 14:21:05,377 - engine.extraction_engine - INFO - Extraction terminee: 317 champs, 48 tables, 22 named results
2026-05-19 14:21:05,382 - models.qa_visit - WARNING - Utilisation QAID fallback: 265382
2026-05-19 14:21:05,386 - models.qa_visit - WARNING - No Linktable match for normalized QAMPR 1979
2026-05-19 14:21:05,386 - core.audit - WARNING - [WARNING] QAVisit.ReferenceResolutionNoMatch: No Linktable match for normalized QAMPR 1979
2026-05-19 14:21:05,386 - core.audit - INFO - [INFO] QAVisit.Created: QAVisit 265382 created successfully
2026-05-19 14:21:05,387 - models.qa_visit - INFO - QAVisit 265382 ready for HDF5 persistence
2026-05-19 14:21:05,466 - core.audit - INFO - [SUCCESS] Orchestrator.ProcessingComplete: File processed successfully | File: QC300_0924_01979CT-PETCT9.xlsm
2026-05-19 14:21:05,467 - core.audit - INFO - [INFO] Orchestrator.ProcessingStart: Start processing file | File: QC300_1024_01835CT-CT14 .xlsm
2026-05-19 14:21:05,467 - engine.extraction_engine - INFO - Extraction des donnees depuis: data/raw/Excel\QC300_1024_01835CT-CT14 .xlsm
2026-05-19 14:21:25,644 - engine.extraction_engine - INFO - Extraction terminee: 169 champs, 41 tables, 18 named results
2026-05-19 14:21:25,648 - models.qa_visit - WARNING - Utilisation QAID fallback: 285648
2026-05-19 14:21:25,651 - models.qa_visit - WARNING - No Linktable match for normalized QAMPR 1835
2026-05-19 14:21:25,651 - core.audit - WARNING - [WARNING] QAVisit.ReferenceResolutionNoMatch: No Linktable match for normalized QAMPR 1835
2026-05-19 14:21:25,651 - core.audit - INFO - [INFO] QAVisit.Created: QAVisit 285648 created successfully
2026-05-19 14:21:25,651 - models.qa_visit - INFO - QAVisit 285648 ready for HDF5 persistence
2026-05-19 14:21:25,709 - core.audit - INFO - [SUCCESS] Orchestrator.ProcessingComplete: File processed successfully | File: QC300_1024_01835CT-CT14 .xlsm
2026-05-19 14:21:25,710 - core.audit - INFO - [INFO] Orchestrator.BatchComplete: Batch processing completed
2026-05-19 14:21:25,785 - storage.hdf5_store - DEBUG - Table AuditTrail saved (82 rows)
2026-05-19 14:21:25,785 - core.audit - INFO - Audit data exported to HDF5: 41 events
2026-05-19 14:21:25,787 - storage.hdf5_store - INFO - HDF5 store closed
2026-05-19 14:56:34,245 - core.selector - INFO - TemplateSelector initialisé - template unique: ctqc_base
2026-05-19 14:56:34,246 - core.audit - INFO - [INFO] Orchestrator.ProcessingStart: Start processing file | File: QC300_0524_00770CT-PETCTTruepoint.xlsm
2026-05-19 14:56:34,521 - core.sidecar - INFO - Sidecar loaded: ctqc_base (version: 6.8)
2026-05-19 14:56:34,521 - engine.extraction_engine - INFO - Extraction des donnees depuis: data/raw/Excel\QC300_0524_00770CT-PETCTTruepoint.xlsm
2026-05-19 14:57:36,975 - engine.extraction_engine - INFO - Extraction terminee: 317 champs, 57 tables, 22 named results
2026-05-19 14:57:36,980 - models.qa_visit - WARNING - Utilisation QAID fallback: 456980
2026-05-19 14:57:36,992 - core.audit - INFO - [INFO] QAVisit.ReferencesResolved: References resolved successfully
2026-05-19 14:57:36,993 - core.audit - INFO - [INFO] QAVisit.Created: QAVisit 456980 created successfully
2026-05-19 14:57:36,993 - models.qa_visit - INFO - QAVisit 456980 ready for HDF5 persistence
2026-05-19 14:57:37,088 - core.audit - INFO - [SUCCESS] Orchestrator.ProcessingComplete: File processed successfully | File: QC300_0524_00770CT-PETCTTruepoint.xlsm
2026-05-19 14:57:37,089 - core.audit - INFO - [INFO] Orchestrator.ProcessingStart: Start processing file | File: QC300_0524_01005CT-SPECTSymbia2.xlsm
2026-05-19 14:57:37,089 - engine.extraction_engine - INFO - Extraction des donnees depuis: data/raw/Excel\QC300_0524_01005CT-SPECTSymbia2.xlsm
2026-05-19 14:58:30,232 - engine.extraction_engine - INFO - Extraction terminee: 317 champs, 58 tables, 22 named results
2026-05-19 14:58:30,236 - models.qa_visit - WARNING - Utilisation QAID fallback: 510236
2026-05-19 14:58:30,243 - core.audit - INFO - [INFO] QAVisit.ReferencesResolved: References resolved successfully
2026-05-19 14:58:30,243 - core.audit - INFO - [INFO] QAVisit.Created: QAVisit 510236 created successfully
2026-05-19 14:58:30,243 - models.qa_visit - INFO - QAVisit 510236 ready for HDF5 persistence
2026-05-19 14:58:30,339 - core.audit - INFO - [SUCCESS] Orchestrator.ProcessingComplete: File processed successfully | File: QC300_0524_01005CT-SPECTSymbia2.xlsm
2026-05-19 14:58:30,340 - core.audit - INFO - [INFO] Orchestrator.ProcessingStart: Start processing file | File: QC300_0524_01319CT-SPECTGE.xlsm
2026-05-19 14:58:30,340 - engine.extraction_engine - INFO - Extraction des donnees depuis: data/raw/Excel\QC300_0524_01319CT-SPECTGE.xlsm
2026-05-19 14:59:28,636 - engine.extraction_engine - INFO - Extraction terminee: 317 champs, 58 tables, 22 named results
2026-05-19 14:59:28,640 - models.qa_visit - WARNING - Utilisation QAID fallback: 568640
2026-05-19 14:59:28,649 - core.audit - INFO - [INFO] QAVisit.ReferencesResolved: References resolved successfully
2026-05-19 14:59:28,650 - core.audit - INFO - [INFO] QAVisit.Created: QAVisit 568640 created successfully
2026-05-19 14:59:28,650 - models.qa_visit - INFO - QAVisit 568640 ready for HDF5 persistence
2026-05-19 14:59:28,747 - core.audit - INFO - [SUCCESS] Orchestrator.ProcessingComplete: File processed successfully | File: QC300_0524_01319CT-SPECTGE.xlsm
2026-05-19 14:59:28,748 - core.audit - INFO - [INFO] Orchestrator.ProcessingStart: Start processing file | File: QC300_0524_01468CT-PETGE10.xlsm
2026-05-19 14:59:28,748 - engine.extraction_engine - INFO - Extraction des donnees depuis: data/raw/Excel\QC300_0524_01468CT-PETGE10.xlsm
2026-05-19 15:00:24,658 - engine.extraction_engine - INFO - Extraction terminee: 317 champs, 58 tables, 22 named results
2026-05-19 15:00:24,680 - models.qa_visit - WARNING - Utilisation QAID fallback: 624680
2026-05-19 15:00:24,699 - core.audit - INFO - [INFO] QAVisit.ReferencesResolved: References resolved successfully
2026-05-19 15:00:24,702 - core.audit - INFO - [INFO] QAVisit.Created: QAVisit 624680 created successfully
2026-05-19 15:00:24,708 - models.qa_visit - INFO - QAVisit 624680 ready for HDF5 persistence
2026-05-19 15:00:24,948 - core.audit - INFO - [SUCCESS] Orchestrator.ProcessingComplete: File processed successfully | File: QC300_0524_01468CT-PETGE10.xlsm
2026-05-19 15:00:24,950 - core.audit - INFO - [INFO] Orchestrator.ProcessingStart: Start processing file | File: QC300_0524_01611CT-SPECTSymbiaBold4.xlsm
2026-05-19 15:00:24,951 - engine.extraction_engine - INFO - Extraction des donnees depuis: data/raw/Excel\QC300_0524_01611CT-SPECTSymbiaBold4.xlsm
2026-05-19 15:01:16,735 - engine.extraction_engine - INFO - Extraction terminee: 317 champs, 58 tables, 22 named results
2026-05-19 15:01:16,740 - models.qa_visit - WARNING - Utilisation QAID fallback: 676740
2026-05-19 15:01:16,748 - core.audit - INFO - [INFO] QAVisit.ReferencesResolved: References resolved successfully
2026-05-19 15:01:16,749 - core.audit - INFO - [INFO] QAVisit.Created: QAVisit 676740 created successfully
2026-05-19 15:01:16,749 - models.qa_visit - INFO - QAVisit 676740 ready for HDF5 persistence
2026-05-19 15:01:16,854 - core.audit - INFO - [SUCCESS] Orchestrator.ProcessingComplete: File processed successfully | File: QC300_0524_01611CT-SPECTSymbiaBold4.xlsm
2026-05-19 15:01:16,856 - core.audit - INFO - [INFO] Orchestrator.ProcessingStart: Start processing file | File: QC300_0624_01504CT-CT11.xlsm
2026-05-19 15:01:16,856 - engine.extraction_engine - INFO - Extraction des donnees depuis: data/raw/Excel\QC300_0624_01504CT-CT11.xlsm
2026-05-19 15:03:14,240 - engine.extraction_engine - INFO - Extraction terminee: 317 champs, 62 tables, 22 named results
2026-05-19 15:03:14,248 - models.qa_visit - WARNING - Utilisation QAID fallback: 794248
2026-05-19 15:03:14,258 - core.audit - INFO - [INFO] QAVisit.ReferencesResolved: References resolved successfully
2026-05-19 15:03:14,259 - core.audit - INFO - [INFO] QAVisit.Created: QAVisit 794248 created successfully
2026-05-19 15:03:14,261 - models.qa_visit - INFO - QAVisit 794248 ready for HDF5 persistence
2026-05-19 15:03:14,399 - core.audit - INFO - [SUCCESS] Orchestrator.ProcessingComplete: File processed successfully | File: QC300_0624_01504CT-CT11.xlsm
2026-05-19 15:03:14,400 - core.audit - INFO - [INFO] Orchestrator.ProcessingStart: Start processing file | File: QC300_0724_01014CT-CT13.xlsm
2026-05-19 15:03:14,401 - engine.extraction_engine - INFO - Extraction des donnees depuis: data/raw/Excel\QC300_0724_01014CT-CT13.xlsm
2026-05-19 15:04:38,705 - engine.extraction_engine - INFO - Extraction terminee: 317 champs, 60 tables, 22 named results
2026-05-19 15:04:38,711 - models.qa_visit - WARNING - Utilisation QAID fallback: 878711
2026-05-19 15:04:38,718 - core.audit - INFO - [INFO] QAVisit.ReferencesResolved: References resolved successfully
2026-05-19 15:04:38,718 - core.audit - INFO - [INFO] QAVisit.Created: QAVisit 878711 created successfully
2026-05-19 15:04:38,718 - models.qa_visit - INFO - QAVisit 878711 ready for HDF5 persistence
2026-05-19 15:04:38,811 - core.audit - INFO - [SUCCESS] Orchestrator.ProcessingComplete: File processed successfully | File: QC300_0724_01014CT-CT13.xlsm
2026-05-19 15:04:38,814 - core.audit - INFO - [INFO] Orchestrator.ProcessingStart: Start processing file | File: QC300_0724_01705CT_CT16.xlsm
2026-05-19 15:04:38,814 - engine.extraction_engine - INFO - Extraction des donnees depuis: data/raw/Excel\QC300_0724_01705CT_CT16.xlsm
2026-05-19 15:06:32,380 - engine.extraction_engine - INFO - Extraction terminee: 317 champs, 60 tables, 22 named results
2026-05-19 15:06:32,385 - models.qa_visit - WARNING - Utilisation QAID fallback: 992385
2026-05-19 15:06:32,392 - core.audit - INFO - [INFO] QAVisit.ReferencesResolved: References resolved successfully
2026-05-19 15:06:32,393 - core.audit - INFO - [INFO] QAVisit.Created: QAVisit 992385 created successfully
2026-05-19 15:06:32,393 - models.qa_visit - INFO - QAVisit 992385 ready for HDF5 persistence
2026-05-19 15:06:32,494 - core.audit - INFO - [SUCCESS] Orchestrator.ProcessingComplete: File processed successfully | File: QC300_0724_01705CT_CT16.xlsm
2026-05-19 15:06:32,496 - core.audit - INFO - [INFO] Orchestrator.ProcessingStart: Start processing file | File: QC300_0924_01979CT-PETCT9.xlsm
2026-05-19 15:06:32,496 - engine.extraction_engine - INFO - Extraction des donnees depuis: data/raw/Excel\QC300_0924_01979CT-PETCT9.xlsm
2026-05-19 15:07:29,354 - engine.extraction_engine - INFO - Extraction terminee: 317 champs, 58 tables, 22 named results
2026-05-19 15:07:29,359 - models.qa_visit - WARNING - Utilisation QAID fallback: 49359
2026-05-19 15:07:29,362 - models.qa_visit - WARNING - No Linktable match for normalized QAMPR 1979
2026-05-19 15:07:29,362 - core.audit - WARNING - [WARNING] QAVisit.ReferenceResolutionNoMatch: No Linktable match for normalized QAMPR 1979
2026-05-19 15:07:29,362 - core.audit - INFO - [INFO] QAVisit.Created: QAVisit 49359 created successfully
2026-05-19 15:07:29,362 - models.qa_visit - INFO - QAVisit 49359 ready for HDF5 persistence
2026-05-19 15:07:29,475 - core.audit - INFO - [SUCCESS] Orchestrator.ProcessingComplete: File processed successfully | File: QC300_0924_01979CT-PETCT9.xlsm
2026-05-19 15:07:29,476 - core.audit - INFO - [INFO] Orchestrator.ProcessingStart: Start processing file | File: QC300_1024_01835CT-CT14 .xlsm
2026-05-19 15:07:29,477 - engine.extraction_engine - INFO - Extraction des donnees depuis: data/raw/Excel\QC300_1024_01835CT-CT14 .xlsm
2026-05-19 15:07:49,395 - engine.extraction_engine - INFO - Extraction terminee: 169 champs, 41 tables, 18 named results
2026-05-19 15:07:49,399 - models.qa_visit - WARNING - Utilisation QAID fallback: 69399
2026-05-19 15:07:49,402 - models.qa_visit - WARNING - No Linktable match for normalized QAMPR 1835
2026-05-19 15:07:49,403 - core.audit - WARNING - [WARNING] QAVisit.ReferenceResolutionNoMatch: No Linktable match for normalized QAMPR 1835
2026-05-19 15:07:49,403 - core.audit - INFO - [INFO] QAVisit.Created: QAVisit 69399 created successfully
2026-05-19 15:07:49,403 - models.qa_visit - INFO - QAVisit 69399 ready for HDF5 persistence
2026-05-19 15:07:49,475 - core.audit - INFO - [SUCCESS] Orchestrator.ProcessingComplete: File processed successfully | File: QC300_1024_01835CT-CT14 .xlsm
2026-05-19 15:07:49,476 - core.audit - INFO - [INFO] Orchestrator.BatchComplete: Batch processing completed
2026-05-19 15:07:49,534 - storage.hdf5_store - DEBUG - Table AuditTrail saved (123 rows)
2026-05-19 15:07:49,535 - core.audit - INFO - Audit data exported to HDF5: 41 events
2026-05-19 15:07:49,537 - storage.hdf5_store - INFO - HDF5 store closed
2026-05-19 15:48:33,480 - core.selector - INFO - TemplateSelector initialisé - template unique: ctqc_base
2026-05-19 15:48:33,481 - core.audit - INFO - [INFO] Orchestrator.ProcessingStart: Start processing file | File: QC300_0524_00770CT-PETCTTruepoint.xlsm
2026-05-19 15:48:33,746 - core.sidecar - INFO - Sidecar loaded: ctqc_base (version: 6.8)
2026-05-19 15:48:33,747 - engine.extraction_engine - INFO - Extraction des donnees depuis: data/raw/Excel\QC300_0524_00770CT-PETCTTruepoint.xlsm
2026-05-19 15:49:27,065 - engine.extraction_engine - INFO - Extraction terminee: 317 champs, 57 tables, 22 named results
2026-05-19 15:49:27,070 - models.qa_visit - WARNING - Utilisation QAID fallback: 567070
2026-05-19 15:49:27,085 - core.audit - INFO - [INFO] QAVisit.ReferencesResolved: References resolved successfully
2026-05-19 15:49:27,085 - core.audit - INFO - [INFO] QAVisit.Created: QAVisit 567070 created successfully
2026-05-19 15:49:27,085 - models.qa_visit - INFO - QAVisit 567070 ready for HDF5 persistence
2026-05-19 15:49:27,168 - core.audit - INFO - [SUCCESS] Orchestrator.ProcessingComplete: File processed successfully | File: QC300_0524_00770CT-PETCTTruepoint.xlsm
2026-05-19 15:49:27,169 - core.audit - INFO - [INFO] Orchestrator.ProcessingStart: Start processing file | File: QC300_0524_01005CT-SPECTSymbia2.xlsm
2026-05-19 15:49:27,170 - engine.extraction_engine - INFO - Extraction des donnees depuis: data/raw/Excel\QC300_0524_01005CT-SPECTSymbia2.xlsm
2026-05-19 15:50:12,433 - engine.extraction_engine - INFO - Extraction terminee: 317 champs, 58 tables, 22 named results
2026-05-19 15:50:12,437 - models.qa_visit - WARNING - Utilisation QAID fallback: 612437
2026-05-19 15:50:12,444 - core.audit - INFO - [INFO] QAVisit.ReferencesResolved: References resolved successfully
2026-05-19 15:50:12,444 - core.audit - INFO - [INFO] QAVisit.Created: QAVisit 612437 created successfully
2026-05-19 15:50:12,445 - models.qa_visit - INFO - QAVisit 612437 ready for HDF5 persistence
2026-05-19 15:50:12,525 - core.audit - INFO - [SUCCESS] Orchestrator.ProcessingComplete: File processed successfully | File: QC300_0524_01005CT-SPECTSymbia2.xlsm
2026-05-19 15:50:12,526 - core.audit - INFO - [INFO] Orchestrator.ProcessingStart: Start processing file | File: QC300_0524_01319CT-SPECTGE.xlsm
2026-05-19 15:50:12,526 - engine.extraction_engine - INFO - Extraction des donnees depuis: data/raw/Excel\QC300_0524_01319CT-SPECTGE.xlsm
2026-05-19 15:51:01,541 - engine.extraction_engine - INFO - Extraction terminee: 317 champs, 58 tables, 22 named results
2026-05-19 15:51:01,546 - models.qa_visit - WARNING - Utilisation QAID fallback: 661546
2026-05-19 15:51:01,555 - core.audit - INFO - [INFO] QAVisit.ReferencesResolved: References resolved successfully
2026-05-19 15:51:01,556 - core.audit - INFO - [INFO] QAVisit.Created: QAVisit 661546 created successfully
2026-05-19 15:51:01,556 - models.qa_visit - INFO - QAVisit 661546 ready for HDF5 persistence
2026-05-19 15:51:01,645 - core.audit - INFO - [SUCCESS] Orchestrator.ProcessingComplete: File processed successfully | File: QC300_0524_01319CT-SPECTGE.xlsm
2026-05-19 15:51:01,646 - core.audit - INFO - [INFO] Orchestrator.ProcessingStart: Start processing file | File: QC300_0524_01468CT-PETGE10.xlsm
2026-05-19 15:51:01,646 - engine.extraction_engine - INFO - Extraction des donnees depuis: data/raw/Excel\QC300_0524_01468CT-PETGE10.xlsm
2026-05-19 15:51:49,539 - engine.extraction_engine - INFO - Extraction terminee: 317 champs, 58 tables, 22 named results
2026-05-19 15:51:49,543 - models.qa_visit - WARNING - Utilisation QAID fallback: 709543
2026-05-19 15:51:49,550 - core.audit - INFO - [INFO] QAVisit.ReferencesResolved: References resolved successfully
2026-05-19 15:51:49,551 - core.audit - INFO - [INFO] QAVisit.Created: QAVisit 709543 created successfully
2026-05-19 15:51:49,551 - models.qa_visit - INFO - QAVisit 709543 ready for HDF5 persistence
2026-05-19 15:51:49,632 - core.audit - INFO - [SUCCESS] Orchestrator.ProcessingComplete: File processed successfully | File: QC300_0524_01468CT-PETGE10.xlsm
2026-05-19 15:51:49,633 - core.audit - INFO - [INFO] Orchestrator.ProcessingStart: Start processing file | File: QC300_0524_01611CT-SPECTSymbiaBold4.xlsm
2026-05-19 15:51:49,633 - engine.extraction_engine - INFO - Extraction des donnees depuis: data/raw/Excel\QC300_0524_01611CT-SPECTSymbiaBold4.xlsm
2026-05-19 15:52:34,722 - engine.extraction_engine - INFO - Extraction terminee: 317 champs, 58 tables, 22 named results
2026-05-19 15:52:34,727 - models.qa_visit - WARNING - Utilisation QAID fallback: 754727
2026-05-19 15:52:34,734 - core.audit - INFO - [INFO] QAVisit.ReferencesResolved: References resolved successfully
2026-05-19 15:52:34,735 - core.audit - INFO - [INFO] QAVisit.Created: QAVisit 754727 created successfully
2026-05-19 15:52:34,735 - models.qa_visit - INFO - QAVisit 754727 ready for HDF5 persistence
2026-05-19 15:52:34,820 - core.audit - INFO - [SUCCESS] Orchestrator.ProcessingComplete: File processed successfully | File: QC300_0524_01611CT-SPECTSymbiaBold4.xlsm
2026-05-19 15:52:34,821 - core.audit - INFO - [INFO] Orchestrator.ProcessingStart: Start processing file | File: QC300_0624_01504CT-CT11.xlsm
2026-05-19 15:52:34,822 - engine.extraction_engine - INFO - Extraction des donnees depuis: data/raw/Excel\QC300_0624_01504CT-CT11.xlsm
2026-05-19 15:54:13,511 - engine.extraction_engine - INFO - Extraction terminee: 317 champs, 62 tables, 22 named results
2026-05-19 15:54:13,516 - models.qa_visit - WARNING - Utilisation QAID fallback: 853516
2026-05-19 15:54:13,522 - core.audit - INFO - [INFO] QAVisit.ReferencesResolved: References resolved successfully
2026-05-19 15:54:13,523 - core.audit - INFO - [INFO] QAVisit.Created: QAVisit 853516 created successfully
2026-05-19 15:54:13,523 - models.qa_visit - INFO - QAVisit 853516 ready for HDF5 persistence
2026-05-19 15:54:13,623 - core.audit - INFO - [SUCCESS] Orchestrator.ProcessingComplete: File processed successfully | File: QC300_0624_01504CT-CT11.xlsm
2026-05-19 15:54:13,624 - core.audit - INFO - [INFO] Orchestrator.ProcessingStart: Start processing file | File: QC300_0724_01014CT-CT13.xlsm
2026-05-19 15:54:13,625 - engine.extraction_engine - INFO - Extraction des donnees depuis: data/raw/Excel\QC300_0724_01014CT-CT13.xlsm
2026-05-19 15:55:20,947 - engine.extraction_engine - INFO - Extraction terminee: 317 champs, 60 tables, 22 named results
2026-05-19 15:55:20,951 - models.qa_visit - WARNING - Utilisation QAID fallback: 920951
2026-05-19 15:55:20,957 - core.audit - INFO - [INFO] QAVisit.ReferencesResolved: References resolved successfully
2026-05-19 15:55:20,959 - core.audit - INFO - [INFO] QAVisit.Created: QAVisit 920951 created successfully
2026-05-19 15:55:20,959 - models.qa_visit - INFO - QAVisit 920951 ready for HDF5 persistence
2026-05-19 15:55:21,044 - core.audit - INFO - [SUCCESS] Orchestrator.ProcessingComplete: File processed successfully | File: QC300_0724_01014CT-CT13.xlsm
2026-05-19 15:55:21,045 - core.audit - INFO - [INFO] Orchestrator.ProcessingStart: Start processing file | File: QC300_0724_01705CT_CT16.xlsm
2026-05-19 15:55:21,046 - engine.extraction_engine - INFO - Extraction des donnees depuis: data/raw/Excel\QC300_0724_01705CT_CT16.xlsm
2026-05-19 15:56:40,142 - engine.extraction_engine - INFO - Extraction terminee: 317 champs, 60 tables, 22 named results
2026-05-19 15:56:40,146 - models.qa_visit - WARNING - Utilisation QAID fallback: 146
2026-05-19 15:56:40,153 - core.audit - INFO - [INFO] QAVisit.ReferencesResolved: References resolved successfully
2026-05-19 15:56:40,153 - core.audit - INFO - [INFO] QAVisit.Created: QAVisit 146 created successfully
2026-05-19 15:56:40,154 - models.qa_visit - INFO - QAVisit 146 ready for HDF5 persistence
2026-05-19 15:56:40,249 - core.audit - INFO - [SUCCESS] Orchestrator.ProcessingComplete: File processed successfully | File: QC300_0724_01705CT_CT16.xlsm
2026-05-19 15:56:40,250 - core.audit - INFO - [INFO] Orchestrator.ProcessingStart: Start processing file | File: QC300_0924_01979CT-PETCT9.xlsm
2026-05-19 15:56:40,250 - engine.extraction_engine - INFO - Extraction des donnees depuis: data/raw/Excel\QC300_0924_01979CT-PETCT9.xlsm
2026-05-19 15:57:24,977 - engine.extraction_engine - INFO - Extraction terminee: 317 champs, 58 tables, 22 named results
2026-05-19 15:57:24,981 - models.qa_visit - WARNING - Utilisation QAID fallback: 44981
2026-05-19 15:57:24,985 - models.qa_visit - WARNING - No Linktable match for normalized QAMPR 1979
2026-05-19 15:57:24,985 - core.audit - WARNING - [WARNING] QAVisit.ReferenceResolutionNoMatch: No Linktable match for normalized QAMPR 1979
2026-05-19 15:57:24,985 - core.audit - INFO - [INFO] QAVisit.Created: QAVisit 44981 created successfully
2026-05-19 15:57:24,986 - models.qa_visit - INFO - QAVisit 44981 ready for HDF5 persistence
2026-05-19 15:57:25,065 - core.audit - INFO - [SUCCESS] Orchestrator.ProcessingComplete: File processed successfully | File: QC300_0924_01979CT-PETCT9.xlsm
2026-05-19 15:57:25,066 - core.audit - INFO - [INFO] Orchestrator.ProcessingStart: Start processing file | File: QC300_1024_01835CT-CT14 .xlsm
2026-05-19 15:57:25,066 - engine.extraction_engine - INFO - Extraction des donnees depuis: data/raw/Excel\QC300_1024_01835CT-CT14 .xlsm
2026-05-19 15:57:42,094 - engine.extraction_engine - INFO - Extraction terminee: 169 champs, 41 tables, 18 named results
2026-05-19 15:57:42,098 - models.qa_visit - WARNING - Utilisation QAID fallback: 62098
2026-05-19 15:57:42,101 - models.qa_visit - WARNING - No Linktable match for normalized QAMPR 1835
2026-05-19 15:57:42,101 - core.audit - WARNING - [WARNING] QAVisit.ReferenceResolutionNoMatch: No Linktable match for normalized QAMPR 1835
2026-05-19 15:57:42,102 - core.audit - INFO - [INFO] QAVisit.Created: QAVisit 62098 created successfully
2026-05-19 15:57:42,102 - models.qa_visit - INFO - QAVisit 62098 ready for HDF5 persistence
2026-05-19 15:57:42,166 - core.audit - INFO - [SUCCESS] Orchestrator.ProcessingComplete: File processed successfully | File: QC300_1024_01835CT-CT14 .xlsm
2026-05-19 15:57:42,167 - core.audit - INFO - [INFO] Orchestrator.BatchComplete: Batch processing completed
2026-05-19 15:57:42,221 - storage.hdf5_store - DEBUG - Table AuditTrail saved (164 rows)
2026-05-19 15:57:42,222 - core.audit - INFO - Audit data exported to HDF5: 41 events
2026-05-19 15:57:42,225 - storage.hdf5_store - INFO - HDF5 store closed
2026-05-19 16:03:02,356 - core.selector - INFO - TemplateSelector initialisé - template unique: ctqc_base
2026-05-19 16:03:02,356 - core.audit - INFO - [INFO] Orchestrator.ProcessingStart: Start processing file | File: QC300_0524_00770CT-PETCTTruepoint.xlsm
2026-05-19 16:03:02,632 - core.sidecar - INFO - Sidecar loaded: ctqc_base (version: 6.8)
2026-05-19 16:03:02,633 - engine.extraction_engine - INFO - Extraction des donnees depuis: data/raw/Excel\QC300_0524_00770CT-PETCTTruepoint.xlsm
2026-05-19 16:03:54,218 - engine.extraction_engine - INFO - Extraction terminee: 317 champs, 57 tables, 22 named results
2026-05-19 16:03:54,223 - models.qa_visit - WARNING - Utilisation QAID fallback: 434223
2026-05-19 16:03:54,232 - core.audit - INFO - [INFO] QAVisit.ReferencesResolved: References resolved successfully
2026-05-19 16:03:54,233 - core.audit - INFO - [INFO] QAVisit.Created: QAVisit 434223 created successfully
2026-05-19 16:03:54,233 - models.qa_visit - INFO - QAVisit 434223 ready for HDF5 persistence
2026-05-19 16:03:54,317 - core.audit - INFO - [SUCCESS] Orchestrator.ProcessingComplete: File processed successfully | File: QC300_0524_00770CT-PETCTTruepoint.xlsm
2026-05-19 16:03:54,318 - core.audit - INFO - [INFO] Orchestrator.ProcessingStart: Start processing file | File: QC300_0524_01005CT-SPECTSymbia2.xlsm
2026-05-19 16:03:54,319 - engine.extraction_engine - INFO - Extraction des donnees depuis: data/raw/Excel\QC300_0524_01005CT-SPECTSymbia2.xlsm
2026-05-19 16:04:39,633 - engine.extraction_engine - INFO - Extraction terminee: 317 champs, 58 tables, 22 named results
2026-05-19 16:04:39,637 - models.qa_visit - WARNING - Utilisation QAID fallback: 479637
2026-05-19 16:04:39,644 - core.audit - INFO - [INFO] QAVisit.ReferencesResolved: References resolved successfully
2026-05-19 16:04:39,645 - core.audit - INFO - [INFO] QAVisit.Created: QAVisit 479637 created successfully
2026-05-19 16:04:39,645 - models.qa_visit - INFO - QAVisit 479637 ready for HDF5 persistence
2026-05-19 16:04:39,726 - core.audit - INFO - [SUCCESS] Orchestrator.ProcessingComplete: File processed successfully | File: QC300_0524_01005CT-SPECTSymbia2.xlsm
2026-05-19 16:04:39,727 - core.audit - INFO - [INFO] Orchestrator.ProcessingStart: Start processing file | File: QC300_0524_01319CT-SPECTGE.xlsm
2026-05-19 16:04:39,728 - engine.extraction_engine - INFO - Extraction des donnees depuis: data/raw/Excel\QC300_0524_01319CT-SPECTGE.xlsm
2026-05-19 16:05:28,112 - engine.extraction_engine - INFO - Extraction terminee: 317 champs, 58 tables, 22 named results
2026-05-19 16:05:28,116 - models.qa_visit - WARNING - Utilisation QAID fallback: 528116
2026-05-19 16:05:28,123 - core.audit - INFO - [INFO] QAVisit.ReferencesResolved: References resolved successfully
2026-05-19 16:05:28,124 - core.audit - INFO - [INFO] QAVisit.Created: QAVisit 528116 created successfully
2026-05-19 16:05:28,124 - models.qa_visit - INFO - QAVisit 528116 ready for HDF5 persistence
2026-05-19 16:05:28,209 - core.audit - INFO - [SUCCESS] Orchestrator.ProcessingComplete: File processed successfully | File: QC300_0524_01319CT-SPECTGE.xlsm
2026-05-19 16:05:28,211 - core.audit - INFO - [INFO] Orchestrator.ProcessingStart: Start processing file | File: QC300_0524_01468CT-PETGE10.xlsm
2026-05-19 16:05:28,211 - engine.extraction_engine - INFO - Extraction des donnees depuis: data/raw/Excel\QC300_0524_01468CT-PETGE10.xlsm
2026-05-19 16:06:18,698 - engine.extraction_engine - INFO - Extraction terminee: 317 champs, 58 tables, 22 named results
2026-05-19 16:06:18,702 - models.qa_visit - WARNING - Utilisation QAID fallback: 578702
2026-05-19 16:06:18,708 - core.audit - INFO - [INFO] QAVisit.ReferencesResolved: References resolved successfully
2026-05-19 16:06:18,709 - core.audit - INFO - [INFO] QAVisit.Created: QAVisit 578702 created successfully
2026-05-19 16:06:18,709 - models.qa_visit - INFO - QAVisit 578702 ready for HDF5 persistence
2026-05-19 16:06:18,791 - core.audit - INFO - [SUCCESS] Orchestrator.ProcessingComplete: File processed successfully | File: QC300_0524_01468CT-PETGE10.xlsm
2026-05-19 16:06:18,793 - core.audit - INFO - [INFO] Orchestrator.ProcessingStart: Start processing file | File: QC300_0524_01611CT-SPECTSymbiaBold4.xlsm
2026-05-19 16:06:18,793 - engine.extraction_engine - INFO - Extraction des donnees depuis: data/raw/Excel\QC300_0524_01611CT-SPECTSymbiaBold4.xlsm
2026-05-19 16:07:04,125 - engine.extraction_engine - INFO - Extraction terminee: 317 champs, 58 tables, 22 named results
2026-05-19 16:07:04,130 - models.qa_visit - WARNING - Utilisation QAID fallback: 624130
2026-05-19 16:07:04,136 - core.audit - INFO - [INFO] QAVisit.ReferencesResolved: References resolved successfully
2026-05-19 16:07:04,136 - core.audit - INFO - [INFO] QAVisit.Created: QAVisit 624130 created successfully
2026-05-19 16:07:04,136 - models.qa_visit - INFO - QAVisit 624130 ready for HDF5 persistence
2026-05-19 16:07:04,215 - core.audit - INFO - [SUCCESS] Orchestrator.ProcessingComplete: File processed successfully | File: QC300_0524_01611CT-SPECTSymbiaBold4.xlsm
2026-05-19 16:07:04,216 - core.audit - INFO - [INFO] Orchestrator.ProcessingStart: Start processing file | File: QC300_0624_01504CT-CT11.xlsm
2026-05-19 16:07:04,217 - engine.extraction_engine - INFO - Extraction des donnees depuis: data/raw/Excel\QC300_0624_01504CT-CT11.xlsm
2026-05-19 16:08:45,204 - engine.extraction_engine - INFO - Extraction terminee: 317 champs, 62 tables, 22 named results
2026-05-19 16:08:45,208 - models.qa_visit - WARNING - Utilisation QAID fallback: 725208
2026-05-19 16:08:45,215 - core.audit - INFO - [INFO] QAVisit.ReferencesResolved: References resolved successfully
2026-05-19 16:08:45,215 - core.audit - INFO - [INFO] QAVisit.Created: QAVisit 725208 created successfully
2026-05-19 16:08:45,216 - models.qa_visit - INFO - QAVisit 725208 ready for HDF5 persistence
2026-05-19 16:08:45,327 - core.audit - INFO - [SUCCESS] Orchestrator.ProcessingComplete: File processed successfully | File: QC300_0624_01504CT-CT11.xlsm
2026-05-19 16:08:45,329 - core.audit - INFO - [INFO] Orchestrator.ProcessingStart: Start processing file | File: QC300_0724_01014CT-CT13.xlsm
2026-05-19 16:08:45,329 - engine.extraction_engine - INFO - Extraction des donnees depuis: data/raw/Excel\QC300_0724_01014CT-CT13.xlsm
2026-05-19 16:09:52,793 - engine.extraction_engine - INFO - Extraction terminee: 317 champs, 60 tables, 22 named results
2026-05-19 16:09:52,798 - models.qa_visit - WARNING - Utilisation QAID fallback: 792798
2026-05-19 16:09:52,804 - core.audit - INFO - [INFO] QAVisit.ReferencesResolved: References resolved successfully
2026-05-19 16:09:52,804 - core.audit - INFO - [INFO] QAVisit.Created: QAVisit 792798 created successfully
2026-05-19 16:09:52,804 - models.qa_visit - INFO - QAVisit 792798 ready for HDF5 persistence
2026-05-19 16:09:52,904 - core.audit - INFO - [SUCCESS] Orchestrator.ProcessingComplete: File processed successfully | File: QC300_0724_01014CT-CT13.xlsm
2026-05-19 16:09:52,906 - core.audit - INFO - [INFO] Orchestrator.ProcessingStart: Start processing file | File: QC300_0724_01705CT_CT16.xlsm
2026-05-19 16:09:52,906 - engine.extraction_engine - INFO - Extraction des donnees depuis: data/raw/Excel\QC300_0724_01705CT_CT16.xlsm
2026-05-19 16:11:17,243 - engine.extraction_engine - INFO - Extraction terminee: 317 champs, 60 tables, 22 named results
2026-05-19 16:11:17,250 - models.qa_visit - WARNING - Utilisation QAID fallback: 877249
2026-05-19 16:11:17,265 - core.audit - INFO - [INFO] QAVisit.ReferencesResolved: References resolved successfully
2026-05-19 16:11:17,265 - core.audit - INFO - [INFO] QAVisit.Created: QAVisit 877249 created successfully
2026-05-19 16:11:17,265 - models.qa_visit - INFO - QAVisit 877249 ready for HDF5 persistence
2026-05-19 16:11:17,422 - core.audit - INFO - [SUCCESS] Orchestrator.ProcessingComplete: File processed successfully | File: QC300_0724_01705CT_CT16.xlsm
2026-05-19 16:11:17,423 - core.audit - INFO - [INFO] Orchestrator.ProcessingStart: Start processing file | File: QC300_0924_01979CT-PETCT9.xlsm
2026-05-19 16:11:17,424 - engine.extraction_engine - INFO - Extraction des donnees depuis: data/raw/Excel\QC300_0924_01979CT-PETCT9.xlsm
2026-05-19 16:12:12,741 - engine.extraction_engine - INFO - Extraction terminee: 317 champs, 58 tables, 22 named results
2026-05-19 16:12:12,746 - models.qa_visit - WARNING - Utilisation QAID fallback: 932746
2026-05-19 16:12:12,749 - models.qa_visit - WARNING - No Linktable match for normalized QAMPR 1979
2026-05-19 16:12:12,749 - core.audit - WARNING - [WARNING] QAVisit.ReferenceResolutionNoMatch: No Linktable match for normalized QAMPR 1979
2026-05-19 16:12:12,750 - core.audit - INFO - [INFO] QAVisit.Created: QAVisit 932746 created successfully
2026-05-19 16:12:12,750 - models.qa_visit - INFO - QAVisit 932746 ready for HDF5 persistence
2026-05-19 16:12:12,843 - core.audit - INFO - [SUCCESS] Orchestrator.ProcessingComplete: File processed successfully | File: QC300_0924_01979CT-PETCT9.xlsm
2026-05-19 16:12:12,844 - core.audit - INFO - [INFO] Orchestrator.ProcessingStart: Start processing file | File: QC300_1024_01835CT-CT14 .xlsm
2026-05-19 16:12:12,844 - engine.extraction_engine - INFO - Extraction des donnees depuis: data/raw/Excel\QC300_1024_01835CT-CT14 .xlsm
2026-05-19 16:12:32,630 - engine.extraction_engine - INFO - Extraction terminee: 169 champs, 41 tables, 18 named results
2026-05-19 16:12:32,634 - models.qa_visit - WARNING - Utilisation QAID fallback: 952634
2026-05-19 16:12:32,637 - models.qa_visit - WARNING - No Linktable match for normalized QAMPR 1835
2026-05-19 16:12:32,637 - core.audit - WARNING - [WARNING] QAVisit.ReferenceResolutionNoMatch: No Linktable match for normalized QAMPR 1835
2026-05-19 16:12:32,638 - core.audit - INFO - [INFO] QAVisit.Created: QAVisit 952634 created successfully
2026-05-19 16:12:32,638 - models.qa_visit - INFO - QAVisit 952634 ready for HDF5 persistence
2026-05-19 16:12:32,716 - core.audit - INFO - [SUCCESS] Orchestrator.ProcessingComplete: File processed successfully | File: QC300_1024_01835CT-CT14 .xlsm
2026-05-19 16:12:32,717 - core.audit - INFO - [INFO] Orchestrator.BatchComplete: Batch processing completed
2026-05-19 16:12:32,746 - storage.hdf5_store - DEBUG - Table AuditTrail saved (41 rows)
2026-05-19 16:12:32,747 - core.audit - INFO - Audit data exported to HDF5: 41 events
2026-05-19 16:12:32,748 - storage.hdf5_store - INFO - HDF5 store closed
2026-05-19 16:14:33,836 - core.selector - INFO - TemplateSelector initialisé - template unique: ctqc_base
2026-05-19 16:14:33,837 - core.audit - INFO - [INFO] Orchestrator.ProcessingStart: Start processing file | File: QC300_0524_00770CT-PETCTTruepoint.xlsm
2026-05-19 16:14:34,091 - core.sidecar - INFO - Sidecar loaded: ctqc_base (version: 6.8)
2026-05-19 16:14:34,092 - engine.extraction_engine - INFO - Extraction des donnees depuis: data/raw/Excel/QC300_0524_00770CT-PETCTTruepoint.xlsm
2026-05-19 16:15:25,363 - engine.extraction_engine - INFO - Extraction terminee: 317 champs, 57 tables, 22 named results
2026-05-19 16:15:25,367 - models.qa_visit - WARNING - Utilisation QAID fallback: 125367
2026-05-19 16:15:25,374 - core.audit - INFO - [INFO] QAVisit.ReferencesResolved: References resolved successfully
2026-05-19 16:15:25,374 - core.audit - INFO - [INFO] QAVisit.Created: QAVisit 125367 created successfully
2026-05-19 16:15:25,375 - models.qa_visit - INFO - QAVisit 125367 ready for HDF5 persistence
2026-05-19 16:15:26,405 - storage.parquet_export - WARNING - Could not export Geometry data: Cannot save file into a non-existent directory: 'data\export\parquet\year=2024\hospital=300\system=8\geometry_geometry'
2026-05-19 16:15:26,407 - storage.parquet_export - WARNING - Could not export Noise data: Cannot save file into a non-existent directory: 'data\export\parquet\year=2024\hospital=300\system=8\noise_noise'
2026-05-19 16:15:26,741 - storage.parquet_export - WARNING - Could not export auxiliary results: unhashable type: 'list'
2026-05-19 16:15:26,756 - storage.parquet_export - WARNING - Could not export QA results: unhashable type: 'list'
2026-05-19 16:15:26,764 - storage.parquet_export - INFO - Parquet export completed for QAVisit 125367
2026-05-19 16:15:26,786 - storage.access_export - DEBUG - Access TXT file created: data/export/access\Metadata\QAVisit.txt
2026-05-19 16:15:26,793 - storage.access_export - DEBUG - Access TXT file created: data/export/access\Extracted_Tables\meta__measurement_equipment.txt
2026-05-19 16:15:26,800 - storage.access_export - DEBUG - Access TXT file created: data/export/access\Extracted_Tables\tube_voltage__accuracy.txt
2026-05-19 16:15:26,806 - storage.access_export - DEBUG - Access TXT file created: data/export/access\Extracted_Tables\tube_voltage__reproducibility.txt
2026-05-19 16:15:26,814 - storage.access_export - DEBUG - Access TXT file created: data/export/access\Extracted_Tables\geometry__geometric_efficiency.txt
2026-05-19 16:15:26,820 - storage.access_export - DEBUG - Access TXT file created: data/export/access\Extracted_Tables\geometry__positioning_light.txt
2026-05-19 16:15:26,825 - storage.access_export - DEBUG - Access TXT file created: data/export/access\Extracted_Tables\geometry__table_travel.txt
2026-05-19 16:15:26,829 - storage.access_export - DEBUG - Access TXT file created: data/export/access\Extracted_Tables\geometry__overscan.txt
2026-05-19 16:15:26,834 - storage.access_export - DEBUG - Access TXT file created: data/export/access\Extracted_Tables\geometry__increment.txt
2026-05-19 16:15:26,840 - storage.access_export - DEBUG - Access TXT file created: data/export/access\Extracted_Tables\geometry__pixel_size.txt
2026-05-19 16:15:26,844 - storage.access_export - DEBUG - Access TXT file created: data/export/access\Extracted_Tables\geometry__circular_symmetry.txt
2026-05-19 16:15:26,848 - storage.access_export - DEBUG - Access TXT file created: data/export/access\Extracted_Tables\dose__CTDI32_reproducibility.txt
2026-05-19 16:15:26,854 - storage.access_export - DEBUG - Access TXT file created: data/export/access\Extracted_Tables\dose__CTDI32_kV.txt
2026-05-19 16:15:26,860 - storage.access_export - DEBUG - Access TXT file created: data/export/access\Extracted_Tables\dose__CTDI32_kV_deviation.txt
2026-05-19 16:15:26,864 - storage.access_export - DEBUG - Access TXT file created: data/export/access\Extracted_Tables\dose__CTDI32_collimation.txt
2026-05-19 16:15:26,869 - storage.access_export - DEBUG - Access TXT file created: data/export/access\Extracted_Tables\dose__CTDI32_linearity.txt
2026-05-19 16:15:26,875 - storage.access_export - DEBUG - Access TXT file created: data/export/access\Extracted_Tables\dose__CTDI32_linearity_iterative.txt
2026-05-19 16:15:26,880 - storage.access_export - DEBUG - Access TXT file created: data/export/access\Extracted_Tables\dose__CTDI32_verification_standard.txt
2026-05-19 16:15:26,884 - storage.access_export - DEBUG - Access TXT file created: data/export/access\Extracted_Tables\noise__detector_row.txt
2026-05-19 16:15:26,890 - storage.access_export - DEBUG - Access TXT file created: data/export/access\Extracted_Tables\tcm__z_dikte_tcm_aan.txt
2026-05-19 16:15:26,895 - storage.access_export - DEBUG - Access TXT file created: data/export/access\Extracted_Tables\tcm__z_dikte_tcm_af.txt
2026-05-19 16:15:26,901 - storage.access_export - DEBUG - Access TXT file created: data/export/access\Extracted_Tables\tcm__z_densiteit_tcm_aan.txt
2026-05-19 16:15:26,907 - storage.access_export - DEBUG - Access TXT file created: data/export/access\Extracted_Tables\tcm__z_densiteit_tcm_af.txt
2026-05-19 16:15:26,912 - storage.access_export - DEBUG - Access TXT file created: data/export/access\Extracted_Tables\dose__CTDI16_kV.txt
2026-05-19 16:15:26,917 - storage.access_export - DEBUG - Access TXT file created: data/export/access\Extracted_Tables\CT_nummer_ruis_in_tijd__longitudinal.txt
2026-05-19 16:15:26,922 - storage.access_export - DEBUG - Access TXT file created: data/export/access\Extracted_Tables\uniformiteit__summary_table.txt
2026-05-19 16:15:26,928 - storage.access_export - DEBUG - Access TXT file created: data/export/access\Extracted_Tables\iq__uniformiteit_main.txt
2026-05-19 16:15:26,933 - storage.access_export - DEBUG - Access TXT file created: data/export/access\Extracted_Tables\hoog_contrast_fwhm__longitudinal.txt
2026-05-19 16:15:26,939 - storage.access_export - DEBUG - Access TXT file created: data/export/access\Extracted_Tables\iq__mtf_soft.txt
2026-05-19 16:15:26,945 - storage.access_export - DEBUG - Access TXT file created: data/export/access\Extracted_Tables\iq__mtf_hard.txt
2026-05-19 16:15:26,950 - storage.access_export - DEBUG - Access TXT file created: data/export/access\Extracted_Tables\iq__CT_getal_lineair.txt
2026-05-19 16:15:26,957 - storage.access_export - DEBUG - Access TXT file created: data/export/access\Extracted_Tables\iq__correlatie.txt
2026-05-19 16:15:26,962 - storage.access_export - DEBUG - Access TXT file created: data/export/access\Extracted_Tables\iq__DS_CT_getal_lineair_mixed.txt
2026-05-19 16:15:26,969 - storage.access_export - DEBUG - Access TXT file created: data/export/access\Extracted_Tables\iq__DS_CT_getal_lineair_buisB.txt
2026-05-19 16:15:26,975 - storage.access_export - DEBUG - Access TXT file created: data/export/access\Extracted_Tables\iq__DS_HU_water_lucht_mixed.txt
2026-05-19 16:15:26,982 - storage.access_export - DEBUG - Access TXT file created: data/export/access\Extracted_Tables\iq__DS_uniformiteit_mixed.txt
2026-05-19 16:15:26,988 - storage.access_export - DEBUG - Access TXT file created: data/export/access\Extracted_Tables\iq__DS_uniformiteit_mixed_summary.txt
2026-05-19 16:15:26,994 - storage.access_export - DEBUG - Access TXT file created: data/export/access\Extracted_Tables\iq__DS_uniformiteit_buisB.txt
2026-05-19 16:15:27,001 - storage.access_export - DEBUG - Access TXT file created: data/export/access\Extracted_Tables\iq__DS_uniformiteit_buisB_summary.txt
2026-05-19 16:15:27,006 - storage.access_export - DEBUG - Access TXT file created: data/export/access\Extracted_Tables\iq__DS_correlatie_mixed.txt
2026-05-19 16:15:27,012 - storage.access_export - DEBUG - Access TXT file created: data/export/access\Extracted_Tables\iq__DS_correlatie_buisB.txt
2026-05-19 16:15:27,017 - storage.access_export - DEBUG - Access TXT file created: data/export/access\Extracted_Tables\geometry__slice_thickness_gt2mm.txt
2026-05-19 16:15:27,023 - storage.access_export - DEBUG - Access TXT file created: data/export/access\Extracted_Tables\geometry__slice_thickness_lt2mm.txt
2026-05-19 16:15:27,027 - storage.access_export - DEBUG - Access TXT file created: data/export/access\Extracted_Tables\protocols__adult.txt
2026-05-19 16:15:27,032 - storage.access_export - DEBUG - Access TXT file created: data/export/access\Extracted_Tables\protocols__pediatric.txt
2026-05-19 16:15:27,076 - storage.access_export - DEBUG - Access TXT file created: data/export/access\Extracted_Tables\dose__CTDI16_settings.txt
2026-05-19 16:15:27,088 - storage.access_export - DEBUG - Access TXT file created: data/export/access\Extracted_Tables\meta__phantoms.txt
2026-05-19 16:15:27,107 - storage.access_export - DEBUG - Access TXT file created: data/export/access\Extracted_Tables\meta__qa_visit.txt
2026-05-19 16:15:27,123 - storage.access_export - DEBUG - Access TXT file created: data/export/access\Extracted_Tables\meta__scanner.txt
2026-05-19 16:15:27,134 - storage.access_export - DEBUG - Access TXT file created: data/export/access\Metadata\Scalar_Records.txt
2026-05-19 16:15:27,139 - storage.access_export - DEBUG - Access TXT file created: data/export/access\Metadata\Named_Results.txt
2026-05-19 16:15:27,162 - storage.access_export - DEBUG - Access TXT file created: data/export/access\Metadata\Extracted_Fields.txt
2026-05-19 16:15:27,167 - storage.access_export - DEBUG - Access TXT file created: data/export/access\Metadata\Extraction_Metadata.txt
2026-05-19 16:15:27,167 - storage.access_export - INFO - Access export completed for QAVisit 125367
2026-05-19 16:15:27,243 - core.audit - INFO - [SUCCESS] Orchestrator.ProcessingComplete: File processed successfully | File: QC300_0524_00770CT-PETCTTruepoint.xlsm
2026-05-19 16:15:27,244 - core.audit - INFO - [INFO] Orchestrator.ProcessingStart: Start processing file | File: QC300_0524_01005CT-SPECTSymbia2.xlsm
2026-05-19 16:15:27,244 - engine.extraction_engine - INFO - Extraction des donnees depuis: data/raw/Excel/QC300_0524_01005CT-SPECTSymbia2.xlsm
2026-05-19 16:16:14,046 - engine.extraction_engine - INFO - Extraction terminee: 317 champs, 58 tables, 22 named results
2026-05-19 16:16:14,050 - models.qa_visit - WARNING - Utilisation QAID fallback: 174050
2026-05-19 16:16:14,058 - core.audit - INFO - [INFO] QAVisit.ReferencesResolved: References resolved successfully
2026-05-19 16:16:14,058 - core.audit - INFO - [INFO] QAVisit.Created: QAVisit 174050 created successfully
2026-05-19 16:16:14,059 - models.qa_visit - INFO - QAVisit 174050 ready for HDF5 persistence
2026-05-19 16:16:14,090 - storage.parquet_export - WARNING - Could not export Geometry data: Cannot save file into a non-existent directory: 'data\export\parquet\year=2024\hospital=300\system=34\geometry_geometry'
2026-05-19 16:16:14,093 - storage.parquet_export - WARNING - Could not export Noise data: Cannot save file into a non-existent directory: 'data\export\parquet\year=2024\hospital=300\system=34\noise_noise'
2026-05-19 16:16:14,413 - storage.parquet_export - WARNING - Could not export auxiliary results: unhashable type: 'list'
2026-05-19 16:16:14,428 - storage.parquet_export - WARNING - Could not export QA results: unhashable type: 'list'
2026-05-19 16:16:14,437 - storage.parquet_export - INFO - Parquet export completed for QAVisit 174050
2026-05-19 16:16:14,442 - storage.access_export - DEBUG - Access TXT file created: data/export/access\Metadata\QAVisit.txt
2026-05-19 16:16:14,447 - storage.access_export - DEBUG - Access TXT file created: data/export/access\Extracted_Tables\meta__measurement_equipment.txt
2026-05-19 16:16:14,453 - storage.access_export - DEBUG - Access TXT file created: data/export/access\Extracted_Tables\tube_voltage__accuracy.txt
2026-05-19 16:16:14,458 - storage.access_export - DEBUG - Access TXT file created: data/export/access\Extracted_Tables\tube_voltage__reproducibility.txt
2026-05-19 16:16:14,464 - storage.access_export - DEBUG - Access TXT file created: data/export/access\Extracted_Tables\geometry__geometric_efficiency.txt
2026-05-19 16:16:14,470 - storage.access_export - DEBUG - Access TXT file created: data/export/access\Extracted_Tables\geometry__positioning_light.txt
2026-05-19 16:16:14,475 - storage.access_export - DEBUG - Access TXT file created: data/export/access\Extracted_Tables\geometry__table_travel.txt
2026-05-19 16:16:14,480 - storage.access_export - DEBUG - Access TXT file created: data/export/access\Extracted_Tables\geometry__overscan.txt
2026-05-19 16:16:14,486 - storage.access_export - DEBUG - Access TXT file created: data/export/access\Extracted_Tables\geometry__increment.txt
2026-05-19 16:16:14,491 - storage.access_export - DEBUG - Access TXT file created: data/export/access\Extracted_Tables\geometry__pixel_size.txt
2026-05-19 16:16:14,495 - storage.access_export - DEBUG - Access TXT file created: data/export/access\Extracted_Tables\geometry__circular_symmetry.txt
2026-05-19 16:16:14,500 - storage.access_export - DEBUG - Access TXT file created: data/export/access\Extracted_Tables\dose__CTDI32_reproducibility.txt
2026-05-19 16:16:14,505 - storage.access_export - DEBUG - Access TXT file created: data/export/access\Extracted_Tables\dose__CTDI32_kV.txt
2026-05-19 16:16:14,509 - storage.access_export - DEBUG - Access TXT file created: data/export/access\Extracted_Tables\dose__CTDI32_kV_deviation.txt
2026-05-19 16:16:14,514 - storage.access_export - DEBUG - Access TXT file created: data/export/access\Extracted_Tables\dose__CTDI32_collimation.txt
2026-05-19 16:16:14,518 - storage.access_export - DEBUG - Access TXT file created: data/export/access\Extracted_Tables\dose__CTDI32_linearity.txt
2026-05-19 16:16:14,522 - storage.access_export - DEBUG - Access TXT file created: data/export/access\Extracted_Tables\dose__CTDI32_linearity_iterative.txt
2026-05-19 16:16:14,526 - storage.access_export - DEBUG - Access TXT file created: data/export/access\Extracted_Tables\dose__CTDI32_verification_standard.txt
2026-05-19 16:16:14,530 - storage.access_export - DEBUG - Access TXT file created: data/export/access\Extracted_Tables\dose__CTDI32_verification_DS.txt
2026-05-19 16:16:14,535 - storage.access_export - DEBUG - Access TXT file created: data/export/access\Extracted_Tables\noise__detector_row.txt
2026-05-19 16:16:14,540 - storage.access_export - DEBUG - Access TXT file created: data/export/access\Extracted_Tables\tcm__z_dikte_tcm_aan.txt
2026-05-19 16:16:14,544 - storage.access_export - DEBUG - Access TXT file created: data/export/access\Extracted_Tables\tcm__z_dikte_tcm_af.txt
2026-05-19 16:16:14,549 - storage.access_export - DEBUG - Access TXT file created: data/export/access\Extracted_Tables\tcm__z_densiteit_tcm_aan.txt
2026-05-19 16:16:14,553 - storage.access_export - DEBUG - Access TXT file created: data/export/access\Extracted_Tables\tcm__z_densiteit_tcm_af.txt
2026-05-19 16:16:14,557 - storage.access_export - DEBUG - Access TXT file created: data/export/access\Extracted_Tables\dose__CTDI16_kV.txt
2026-05-19 16:16:14,561 - storage.access_export - DEBUG - Access TXT file created: data/export/access\Extracted_Tables\CT_nummer_ruis_in_tijd__longitudinal.txt
2026-05-19 16:16:14,566 - storage.access_export - DEBUG - Access TXT file created: data/export/access\Extracted_Tables\uniformiteit__summary_table.txt
2026-05-19 16:16:14,571 - storage.access_export - DEBUG - Access TXT file created: data/export/access\Extracted_Tables\iq__uniformiteit_main.txt
2026-05-19 16:16:14,576 - storage.access_export - DEBUG - Access TXT file created: data/export/access\Extracted_Tables\hoog_contrast_fwhm__longitudinal.txt
2026-05-19 16:16:14,583 - storage.access_export - DEBUG - Access TXT file created: data/export/access\Extracted_Tables\iq__mtf_soft.txt
2026-05-19 16:16:14,588 - storage.access_export - DEBUG - Access TXT file created: data/export/access\Extracted_Tables\iq__mtf_hard.txt
2026-05-19 16:16:14,593 - storage.access_export - DEBUG - Access TXT file created: data/export/access\Extracted_Tables\iq__CT_getal_lineair.txt
2026-05-19 16:16:14,598 - storage.access_export - DEBUG - Access TXT file created: data/export/access\Extracted_Tables\iq__correlatie.txt
2026-05-19 16:16:14,603 - storage.access_export - DEBUG - Access TXT file created: data/export/access\Extracted_Tables\iq__DS_CT_getal_lineair_mixed.txt
2026-05-19 16:16:14,607 - storage.access_export - DEBUG - Access TXT file created: data/export/access\Extracted_Tables\iq__DS_CT_getal_lineair_buisB.txt
2026-05-19 16:16:14,612 - storage.access_export - DEBUG - Access TXT file created: data/export/access\Extracted_Tables\iq__DS_HU_water_lucht_mixed.txt
2026-05-19 16:16:14,617 - storage.access_export - DEBUG - Access TXT file created: data/export/access\Extracted_Tables\iq__DS_uniformiteit_mixed.txt
2026-05-19 16:16:14,621 - storage.access_export - DEBUG - Access TXT file created: data/export/access\Extracted_Tables\iq__DS_uniformiteit_mixed_summary.txt
2026-05-19 16:16:14,626 - storage.access_export - DEBUG - Access TXT file created: data/export/access\Extracted_Tables\iq__DS_uniformiteit_buisB.txt
2026-05-19 16:16:14,631 - storage.access_export - DEBUG - Access TXT file created: data/export/access\Extracted_Tables\iq__DS_uniformiteit_buisB_summary.txt
2026-05-19 16:16:14,635 - storage.access_export - DEBUG - Access TXT file created: data/export/access\Extracted_Tables\iq__DS_correlatie_mixed.txt
2026-05-19 16:16:14,640 - storage.access_export - DEBUG - Access TXT file created: data/export/access\Extracted_Tables\iq__DS_correlatie_buisB.txt
2026-05-19 16:16:14,644 - storage.access_export - DEBUG - Access TXT file created: data/export/access\Extracted_Tables\geometry__slice_thickness_gt2mm.txt
2026-05-19 16:16:14,648 - storage.access_export - DEBUG - Access TXT file created: data/export/access\Extracted_Tables\geometry__slice_thickness_lt2mm.txt
2026-05-19 16:16:14,652 - storage.access_export - DEBUG - Access TXT file created: data/export/access\Extracted_Tables\protocols__adult.txt
2026-05-19 16:16:14,656 - storage.access_export - DEBUG - Access TXT file created: data/export/access\Extracted_Tables\protocols__pediatric.txt
2026-05-19 16:16:14,672 - storage.access_export - DEBUG - Access TXT file created: data/export/access\Extracted_Tables\dose__CTDI16_settings.txt
2026-05-19 16:16:14,682 - storage.access_export - DEBUG - Access TXT file created: data/export/access\Extracted_Tables\meta__phantoms.txt
2026-05-19 16:16:14,698 - storage.access_export - DEBUG - Access TXT file created: data/export/access\Extracted_Tables\meta__qa_visit.txt
2026-05-19 16:16:14,716 - storage.access_export - DEBUG - Access TXT file created: data/export/access\Extracted_Tables\meta__scanner.txt
2026-05-19 16:16:14,725 - storage.access_export - DEBUG - Access TXT file created: data/export/access\Metadata\Scalar_Records.txt
2026-05-19 16:16:14,732 - storage.access_export - DEBUG - Access TXT file created: data/export/access\Metadata\Named_Results.txt
2026-05-19 16:16:14,754 - storage.access_export - DEBUG - Access TXT file created: data/export/access\Metadata\Extracted_Fields.txt
2026-05-19 16:16:14,757 - storage.access_export - DEBUG - Access TXT file created: data/export/access\Metadata\Extraction_Metadata.txt
2026-05-19 16:16:14,757 - storage.access_export - INFO - Access export completed for QAVisit 174050
2026-05-19 16:16:14,830 - core.audit - INFO - [SUCCESS] Orchestrator.ProcessingComplete: File processed successfully | File: QC300_0524_01005CT-SPECTSymbia2.xlsm
2026-05-19 16:16:14,832 - core.audit - INFO - [INFO] Orchestrator.ProcessingStart: Start processing file | File: QC300_0524_01319CT-SPECTGE.xlsm
2026-05-19 16:16:14,832 - engine.extraction_engine - INFO - Extraction des donnees depuis: data/raw/Excel/QC300_0524_01319CT-SPECTGE.xlsm
2026-05-19 16:17:03,745 - engine.extraction_engine - INFO - Extraction terminee: 317 champs, 58 tables, 22 named results
2026-05-19 16:17:03,749 - models.qa_visit - WARNING - Utilisation QAID fallback: 223749
2026-05-19 16:17:03,755 - core.audit - INFO - [INFO] QAVisit.ReferencesResolved: References resolved successfully
2026-05-19 16:17:03,756 - core.audit - INFO - [INFO] QAVisit.Created: QAVisit 223749 created successfully
2026-05-19 16:17:03,756 - models.qa_visit - INFO - QAVisit 223749 ready for HDF5 persistence
2026-05-19 16:17:03,857 - storage.parquet_export - WARNING - Could not export Geometry data: Cannot save file into a non-existent directory: 'data\export\parquet\year=2024\hospital=300\system=11\geometry_geometry'
2026-05-19 16:17:03,859 - storage.parquet_export - WARNING - Could not export Noise data: Cannot save file into a non-existent directory: 'data\export\parquet\year=2024\hospital=300\system=11\noise_noise'
2026-05-19 16:17:04,168 - storage.parquet_export - WARNING - Could not export auxiliary results: unhashable type: 'list'
2026-05-19 16:17:04,182 - storage.parquet_export - WARNING - Could not export QA results: unhashable type: 'list'
2026-05-19 16:17:04,194 - storage.parquet_export - INFO - Parquet export completed for QAVisit 223749
2026-05-19 16:17:04,200 - storage.access_export - DEBUG - Access TXT file created: data/export/access\Metadata\QAVisit.txt
2026-05-19 16:17:04,206 - storage.access_export - DEBUG - Access TXT file created: data/export/access\Extracted_Tables\meta__measurement_equipment.txt
2026-05-19 16:17:04,212 - storage.access_export - DEBUG - Access TXT file created: data/export/access\Extracted_Tables\tube_voltage__accuracy.txt
2026-05-19 16:17:04,218 - storage.access_export - DEBUG - Access TXT file created: data/export/access\Extracted_Tables\tube_voltage__reproducibility.txt
2026-05-19 16:17:04,223 - storage.access_export - DEBUG - Access TXT file created: data/export/access\Extracted_Tables\geometry__geometric_efficiency.txt
2026-05-19 16:17:04,229 - storage.access_export - DEBUG - Access TXT file created: data/export/access\Extracted_Tables\geometry__positioning_light.txt
2026-05-19 16:17:04,235 - storage.access_export - DEBUG - Access TXT file created: data/export/access\Extracted_Tables\geometry__table_travel.txt
2026-05-19 16:17:04,240 - storage.access_export - DEBUG - Access TXT file created: data/export/access\Extracted_Tables\geometry__overscan.txt
2026-05-19 16:17:04,245 - storage.access_export - DEBUG - Access TXT file created: data/export/access\Extracted_Tables\geometry__increment.txt
2026-05-19 16:17:04,250 - storage.access_export - DEBUG - Access TXT file created: data/export/access\Extracted_Tables\geometry__pixel_size.txt
2026-05-19 16:17:04,254 - storage.access_export - DEBUG - Access TXT file created: data/export/access\Extracted_Tables\geometry__circular_symmetry.txt
2026-05-19 16:17:04,258 - storage.access_export - DEBUG - Access TXT file created: data/export/access\Extracted_Tables\dose__CTDI32_reproducibility.txt
2026-05-19 16:17:04,262 - storage.access_export - DEBUG - Access TXT file created: data/export/access\Extracted_Tables\dose__CTDI32_kV.txt
2026-05-19 16:17:04,268 - storage.access_export - DEBUG - Access TXT file created: data/export/access\Extracted_Tables\dose__CTDI32_kV_deviation.txt
2026-05-19 16:17:04,272 - storage.access_export - DEBUG - Access TXT file created: data/export/access\Extracted_Tables\dose__CTDI32_collimation.txt
2026-05-19 16:17:04,276 - storage.access_export - DEBUG - Access TXT file created: data/export/access\Extracted_Tables\dose__CTDI32_linearity.txt
2026-05-19 16:17:04,280 - storage.access_export - DEBUG - Access TXT file created: data/export/access\Extracted_Tables\dose__CTDI32_linearity_iterative.txt
2026-05-19 16:17:04,284 - storage.access_export - DEBUG - Access TXT file created: data/export/access\Extracted_Tables\dose__CTDI32_verification_standard.txt
2026-05-19 16:17:04,287 - storage.access_export - DEBUG - Access TXT file created: data/export/access\Extracted_Tables\dose__CTDI32_verification_DS.txt
2026-05-19 16:17:04,291 - storage.access_export - DEBUG - Access TXT file created: data/export/access\Extracted_Tables\noise__detector_row.txt
2026-05-19 16:17:04,298 - storage.access_export - DEBUG - Access TXT file created: data/export/access\Extracted_Tables\tcm__z_dikte_tcm_aan.txt
2026-05-19 16:17:04,303 - storage.access_export - DEBUG - Access TXT file created: data/export/access\Extracted_Tables\tcm__z_dikte_tcm_af.txt
2026-05-19 16:17:04,307 - storage.access_export - DEBUG - Access TXT file created: data/export/access\Extracted_Tables\tcm__z_densiteit_tcm_aan.txt
2026-05-19 16:17:04,314 - storage.access_export - DEBUG - Access TXT file created: data/export/access\Extracted_Tables\tcm__z_densiteit_tcm_af.txt
2026-05-19 16:17:04,320 - storage.access_export - DEBUG - Access TXT file created: data/export/access\Extracted_Tables\dose__CTDI16_kV.txt
2026-05-19 16:17:04,326 - storage.access_export - DEBUG - Access TXT file created: data/export/access\Extracted_Tables\CT_nummer_ruis_in_tijd__longitudinal.txt
2026-05-19 16:17:04,332 - storage.access_export - DEBUG - Access TXT file created: data/export/access\Extracted_Tables\uniformiteit__summary_table.txt
2026-05-19 16:17:04,338 - storage.access_export - DEBUG - Access TXT file created: data/export/access\Extracted_Tables\iq__uniformiteit_main.txt
2026-05-19 16:17:04,341 - storage.access_export - DEBUG - Access TXT file created: data/export/access\Extracted_Tables\hoog_contrast_fwhm__longitudinal.txt
2026-05-19 16:17:04,347 - storage.access_export - DEBUG - Access TXT file created: data/export/access\Extracted_Tables\iq__mtf_soft.txt
2026-05-19 16:17:04,352 - storage.access_export - DEBUG - Access TXT file created: data/export/access\Extracted_Tables\iq__mtf_hard.txt
2026-05-19 16:17:04,356 - storage.access_export - DEBUG - Access TXT file created: data/export/access\Extracted_Tables\iq__CT_getal_lineair.txt
2026-05-19 16:17:04,361 - storage.access_export - DEBUG - Access TXT file created: data/export/access\Extracted_Tables\iq__correlatie.txt
2026-05-19 16:17:04,366 - storage.access_export - DEBUG - Access TXT file created: data/export/access\Extracted_Tables\iq__DS_CT_getal_lineair_mixed.txt
2026-05-19 16:17:04,370 - storage.access_export - DEBUG - Access TXT file created: data/export/access\Extracted_Tables\iq__DS_CT_getal_lineair_buisB.txt
2026-05-19 16:17:04,376 - storage.access_export - DEBUG - Access TXT file created: data/export/access\Extracted_Tables\iq__DS_HU_water_lucht_mixed.txt
2026-05-19 16:17:04,380 - storage.access_export - DEBUG - Access TXT file created: data/export/access\Extracted_Tables\iq__DS_uniformiteit_mixed.txt
2026-05-19 16:17:04,384 - storage.access_export - DEBUG - Access TXT file created: data/export/access\Extracted_Tables\iq__DS_uniformiteit_mixed_summary.txt
2026-05-19 16:17:04,389 - storage.access_export - DEBUG - Access TXT file created: data/export/access\Extracted_Tables\iq__DS_uniformiteit_buisB.txt
2026-05-19 16:17:04,394 - storage.access_export - DEBUG - Access TXT file created: data/export/access\Extracted_Tables\iq__DS_uniformiteit_buisB_summary.txt
2026-05-19 16:17:04,398 - storage.access_export - DEBUG - Access TXT file created: data/export/access\Extracted_Tables\iq__DS_correlatie_mixed.txt
2026-05-19 16:17:04,402 - storage.access_export - DEBUG - Access TXT file created: data/export/access\Extracted_Tables\iq__DS_correlatie_buisB.txt
2026-05-19 16:17:04,406 - storage.access_export - DEBUG - Access TXT file created: data/export/access\Extracted_Tables\geometry__slice_thickness_gt2mm.txt
2026-05-19 16:17:04,410 - storage.access_export - DEBUG - Access TXT file created: data/export/access\Extracted_Tables\geometry__slice_thickness_lt2mm.txt
2026-05-19 16:17:04,415 - storage.access_export - DEBUG - Access TXT file created: data/export/access\Extracted_Tables\protocols__adult.txt
2026-05-19 16:17:04,419 - storage.access_export - DEBUG - Access TXT file created: data/export/access\Extracted_Tables\protocols__pediatric.txt
2026-05-19 16:17:04,434 - storage.access_export - DEBUG - Access TXT file created: data/export/access\Extracted_Tables\dose__CTDI16_settings.txt
2026-05-19 16:17:04,444 - storage.access_export - DEBUG - Access TXT file created: data/export/access\Extracted_Tables\meta__phantoms.txt
2026-05-19 16:17:04,458 - storage.access_export - DEBUG - Access TXT file created: data/export/access\Extracted_Tables\meta__qa_visit.txt
2026-05-19 16:17:04,475 - storage.access_export - DEBUG - Access TXT file created: data/export/access\Extracted_Tables\meta__scanner.txt
2026-05-19 16:17:04,486 - storage.access_export - DEBUG - Access TXT file created: data/export/access\Metadata\Scalar_Records.txt
2026-05-19 16:17:04,491 - storage.access_export - DEBUG - Access TXT file created: data/export/access\Metadata\Named_Results.txt
2026-05-19 16:17:04,515 - storage.access_export - DEBUG - Access TXT file created: data/export/access\Metadata\Extracted_Fields.txt
2026-05-19 16:17:04,518 - storage.access_export - DEBUG - Access TXT file created: data/export/access\Metadata\Extraction_Metadata.txt
2026-05-19 16:17:04,518 - storage.access_export - INFO - Access export completed for QAVisit 223749
2026-05-19 16:17:04,596 - core.audit - INFO - [SUCCESS] Orchestrator.ProcessingComplete: File processed successfully | File: QC300_0524_01319CT-SPECTGE.xlsm
2026-05-19 16:17:04,597 - core.audit - INFO - [INFO] Orchestrator.ProcessingStart: Start processing file | File: QC300_0524_01468CT-PETGE10.xlsm
2026-05-19 16:17:04,597 - engine.extraction_engine - INFO - Extraction des donnees depuis: data/raw/Excel/QC300_0524_01468CT-PETGE10.xlsm
2026-05-19 16:17:52,494 - engine.extraction_engine - INFO - Extraction terminee: 317 champs, 58 tables, 22 named results
2026-05-19 16:17:52,498 - models.qa_visit - WARNING - Utilisation QAID fallback: 272498
2026-05-19 16:17:52,505 - core.audit - INFO - [INFO] QAVisit.ReferencesResolved: References resolved successfully
2026-05-19 16:17:52,506 - core.audit - INFO - [INFO] QAVisit.Created: QAVisit 272498 created successfully
2026-05-19 16:17:52,506 - models.qa_visit - INFO - QAVisit 272498 ready for HDF5 persistence
2026-05-19 16:17:52,537 - storage.parquet_export - WARNING - Could not export Geometry data: Cannot save file into a non-existent directory: 'data\export\parquet\year=2024\hospital=300\system=10\geometry_geometry'
2026-05-19 16:17:52,539 - storage.parquet_export - WARNING - Could not export Noise data: Cannot save file into a non-existent directory: 'data\export\parquet\year=2024\hospital=300\system=10\noise_noise'
2026-05-19 16:17:52,861 - storage.parquet_export - WARNING - Could not export auxiliary results: unhashable type: 'list'
2026-05-19 16:17:52,876 - storage.parquet_export - WARNING - Could not export QA results: unhashable type: 'list'
2026-05-19 16:17:52,887 - storage.parquet_export - INFO - Parquet export completed for QAVisit 272498
2026-05-19 16:17:52,891 - storage.access_export - DEBUG - Access TXT file created: data/export/access\Metadata\QAVisit.txt
2026-05-19 16:17:52,896 - storage.access_export - DEBUG - Access TXT file created: data/export/access\Extracted_Tables\meta__measurement_equipment.txt
2026-05-19 16:17:52,902 - storage.access_export - DEBUG - Access TXT file created: data/export/access\Extracted_Tables\tube_voltage__accuracy.txt
2026-05-19 16:17:52,908 - storage.access_export - DEBUG - Access TXT file created: data/export/access\Extracted_Tables\tube_voltage__reproducibility.txt
2026-05-19 16:17:52,913 - storage.access_export - DEBUG - Access TXT file created: data/export/access\Extracted_Tables\geometry__geometric_efficiency.txt
2026-05-19 16:17:52,918 - storage.access_export - DEBUG - Access TXT file created: data/export/access\Extracted_Tables\geometry__positioning_light.txt
2026-05-19 16:17:52,925 - storage.access_export - DEBUG - Access TXT file created: data/export/access\Extracted_Tables\geometry__table_travel.txt
2026-05-19 16:17:52,929 - storage.access_export - DEBUG - Access TXT file created: data/export/access\Extracted_Tables\geometry__overscan.txt
2026-05-19 16:17:52,934 - storage.access_export - DEBUG - Access TXT file created: data/export/access\Extracted_Tables\geometry__increment.txt
2026-05-19 16:17:52,938 - storage.access_export - DEBUG - Access TXT file created: data/export/access\Extracted_Tables\geometry__pixel_size.txt
2026-05-19 16:17:52,944 - storage.access_export - DEBUG - Access TXT file created: data/export/access\Extracted_Tables\geometry__circular_symmetry.txt
2026-05-19 16:17:52,948 - storage.access_export - DEBUG - Access TXT file created: data/export/access\Extracted_Tables\dose__CTDI32_reproducibility.txt
2026-05-19 16:17:52,952 - storage.access_export - DEBUG - Access TXT file created: data/export/access\Extracted_Tables\dose__CTDI32_kV.txt
2026-05-19 16:17:52,957 - storage.access_export - DEBUG - Access TXT file created: data/export/access\Extracted_Tables\dose__CTDI32_kV_deviation.txt
2026-05-19 16:17:52,961 - storage.access_export - DEBUG - Access TXT file created: data/export/access\Extracted_Tables\dose__CTDI32_collimation.txt
2026-05-19 16:17:52,966 - storage.access_export - DEBUG - Access TXT file created: data/export/access\Extracted_Tables\dose__CTDI32_linearity.txt
2026-05-19 16:17:52,970 - storage.access_export - DEBUG - Access TXT file created: data/export/access\Extracted_Tables\dose__CTDI32_linearity_iterative.txt
2026-05-19 16:17:52,973 - storage.access_export - DEBUG - Access TXT file created: data/export/access\Extracted_Tables\dose__CTDI32_verification_standard.txt
2026-05-19 16:17:52,977 - storage.access_export - DEBUG - Access TXT file created: data/export/access\Extracted_Tables\dose__CTDI32_verification_DS.txt
2026-05-19 16:17:52,981 - storage.access_export - DEBUG - Access TXT file created: data/export/access\Extracted_Tables\noise__detector_row.txt
2026-05-19 16:17:52,987 - storage.access_export - DEBUG - Access TXT file created: data/export/access\Extracted_Tables\tcm__z_dikte_tcm_aan.txt
2026-05-19 16:17:52,992 - storage.access_export - DEBUG - Access TXT file created: data/export/access\Extracted_Tables\tcm__z_dikte_tcm_af.txt
2026-05-19 16:17:52,996 - storage.access_export - DEBUG - Access TXT file created: data/export/access\Extracted_Tables\tcm__z_densiteit_tcm_aan.txt
2026-05-19 16:17:53,001 - storage.access_export - DEBUG - Access TXT file created: data/export/access\Extracted_Tables\tcm__z_densiteit_tcm_af.txt
2026-05-19 16:17:53,004 - storage.access_export - DEBUG - Access TXT file created: data/export/access\Extracted_Tables\dose__CTDI16_kV.txt
2026-05-19 16:17:53,009 - storage.access_export - DEBUG - Access TXT file created: data/export/access\Extracted_Tables\CT_nummer_ruis_in_tijd__longitudinal.txt
2026-05-19 16:17:53,015 - storage.access_export - DEBUG - Access TXT file created: data/export/access\Extracted_Tables\uniformiteit__summary_table.txt
2026-05-19 16:17:53,020 - storage.access_export - DEBUG - Access TXT file created: data/export/access\Extracted_Tables\iq__uniformiteit_main.txt
2026-05-19 16:17:53,024 - storage.access_export - DEBUG - Access TXT file created: data/export/access\Extracted_Tables\hoog_contrast_fwhm__longitudinal.txt
2026-05-19 16:17:53,030 - storage.access_export - DEBUG - Access TXT file created: data/export/access\Extracted_Tables\iq__mtf_soft.txt
2026-05-19 16:17:53,035 - storage.access_export - DEBUG - Access TXT file created: data/export/access\Extracted_Tables\iq__mtf_hard.txt
2026-05-19 16:17:53,040 - storage.access_export - DEBUG - Access TXT file created: data/export/access\Extracted_Tables\iq__CT_getal_lineair.txt
2026-05-19 16:17:53,044 - storage.access_export - DEBUG - Access TXT file created: data/export/access\Extracted_Tables\iq__correlatie.txt
2026-05-19 16:17:53,049 - storage.access_export - DEBUG - Access TXT file created: data/export/access\Extracted_Tables\iq__DS_CT_getal_lineair_mixed.txt
2026-05-19 16:17:53,053 - storage.access_export - DEBUG - Access TXT file created: data/export/access\Extracted_Tables\iq__DS_CT_getal_lineair_buisB.txt
2026-05-19 16:17:53,058 - storage.access_export - DEBUG - Access TXT file created: data/export/access\Extracted_Tables\iq__DS_HU_water_lucht_mixed.txt
2026-05-19 16:17:53,064 - storage.access_export - DEBUG - Access TXT file created: data/export/access\Extracted_Tables\iq__DS_uniformiteit_mixed.txt
2026-05-19 16:17:53,068 - storage.access_export - DEBUG - Access TXT file created: data/export/access\Extracted_Tables\iq__DS_uniformiteit_mixed_summary.txt
2026-05-19 16:17:53,073 - storage.access_export - DEBUG - Access TXT file created: data/export/access\Extracted_Tables\iq__DS_uniformiteit_buisB.txt
2026-05-19 16:17:53,077 - storage.access_export - DEBUG - Access TXT file created: data/export/access\Extracted_Tables\iq__DS_uniformiteit_buisB_summary.txt
2026-05-19 16:17:53,082 - storage.access_export - DEBUG - Access TXT file created: data/export/access\Extracted_Tables\iq__DS_correlatie_mixed.txt
2026-05-19 16:17:53,086 - storage.access_export - DEBUG - Access TXT file created: data/export/access\Extracted_Tables\iq__DS_correlatie_buisB.txt
2026-05-19 16:17:53,089 - storage.access_export - DEBUG - Access TXT file created: data/export/access\Extracted_Tables\geometry__slice_thickness_gt2mm.txt
2026-05-19 16:17:53,094 - storage.access_export - DEBUG - Access TXT file created: data/export/access\Extracted_Tables\geometry__slice_thickness_lt2mm.txt
2026-05-19 16:17:53,099 - storage.access_export - DEBUG - Access TXT file created: data/export/access\Extracted_Tables\protocols__adult.txt
2026-05-19 16:17:53,103 - storage.access_export - DEBUG - Access TXT file created: data/export/access\Extracted_Tables\protocols__pediatric.txt
2026-05-19 16:17:53,118 - storage.access_export - DEBUG - Access TXT file created: data/export/access\Extracted_Tables\dose__CTDI16_settings.txt
2026-05-19 16:17:53,128 - storage.access_export - DEBUG - Access TXT file created: data/export/access\Extracted_Tables\meta__phantoms.txt
2026-05-19 16:17:53,144 - storage.access_export - DEBUG - Access TXT file created: data/export/access\Extracted_Tables\meta__qa_visit.txt
2026-05-19 16:17:53,160 - storage.access_export - DEBUG - Access TXT file created: data/export/access\Extracted_Tables\meta__scanner.txt
2026-05-19 16:17:53,169 - storage.access_export - DEBUG - Access TXT file created: data/export/access\Metadata\Scalar_Records.txt
2026-05-19 16:17:53,175 - storage.access_export - DEBUG - Access TXT file created: data/export/access\Metadata\Named_Results.txt
2026-05-19 16:17:53,198 - storage.access_export - DEBUG - Access TXT file created: data/export/access\Metadata\Extracted_Fields.txt
2026-05-19 16:17:53,201 - storage.access_export - DEBUG - Access TXT file created: data/export/access\Metadata\Extraction_Metadata.txt
2026-05-19 16:17:53,202 - storage.access_export - INFO - Access export completed for QAVisit 272498
2026-05-19 16:17:53,286 - core.audit - INFO - [SUCCESS] Orchestrator.ProcessingComplete: File processed successfully | File: QC300_0524_01468CT-PETGE10.xlsm
2026-05-19 16:17:53,287 - core.audit - INFO - [INFO] Orchestrator.ProcessingStart: Start processing file | File: QC300_0524_01611CT-SPECTSymbiaBold4.xlsm
2026-05-19 16:17:53,288 - engine.extraction_engine - INFO - Extraction des donnees depuis: data/raw/Excel/QC300_0524_01611CT-SPECTSymbiaBold4.xlsm
2026-05-19 16:18:39,178 - engine.extraction_engine - INFO - Extraction terminee: 317 champs, 58 tables, 22 named results
2026-05-19 16:18:39,182 - models.qa_visit - WARNING - Utilisation QAID fallback: 319182
2026-05-19 16:18:39,189 - core.audit - INFO - [INFO] QAVisit.ReferencesResolved: References resolved successfully
2026-05-19 16:18:39,189 - core.audit - INFO - [INFO] QAVisit.Created: QAVisit 319182 created successfully
2026-05-19 16:18:39,189 - models.qa_visit - INFO - QAVisit 319182 ready for HDF5 persistence
2026-05-19 16:18:39,218 - storage.parquet_export - WARNING - Could not export Geometry data: Cannot save file into a non-existent directory: 'data\export\parquet\year=2024\hospital=300\system=31\geometry_geometry'
2026-05-19 16:18:39,220 - storage.parquet_export - WARNING - Could not export Noise data: Cannot save file into a non-existent directory: 'data\export\parquet\year=2024\hospital=300\system=31\noise_noise'
2026-05-19 16:18:39,538 - storage.parquet_export - WARNING - Could not export auxiliary results: unhashable type: 'list'
2026-05-19 16:18:39,553 - storage.parquet_export - WARNING - Could not export QA results: unhashable type: 'list'
2026-05-19 16:18:39,563 - storage.parquet_export - INFO - Parquet export completed for QAVisit 319182
2026-05-19 16:18:39,568 - storage.access_export - DEBUG - Access TXT file created: data/export/access\Metadata\QAVisit.txt
2026-05-19 16:18:39,573 - storage.access_export - DEBUG - Access TXT file created: data/export/access\Extracted_Tables\meta__measurement_equipment.txt
2026-05-19 16:18:39,578 - storage.access_export - DEBUG - Access TXT file created: data/export/access\Extracted_Tables\tube_voltage__accuracy.txt
2026-05-19 16:18:39,584 - storage.access_export - DEBUG - Access TXT file created: data/export/access\Extracted_Tables\tube_voltage__reproducibility.txt
2026-05-19 16:18:39,590 - storage.access_export - DEBUG - Access TXT file created: data/export/access\Extracted_Tables\geometry__geometric_efficiency.txt
2026-05-19 16:18:39,596 - storage.access_export - DEBUG - Access TXT file created: data/export/access\Extracted_Tables\geometry__positioning_light.txt
2026-05-19 16:18:39,602 - storage.access_export - DEBUG - Access TXT file created: data/export/access\Extracted_Tables\geometry__table_travel.txt
2026-05-19 16:18:39,606 - storage.access_export - DEBUG - Access TXT file created: data/export/access\Extracted_Tables\geometry__overscan.txt
2026-05-19 16:18:39,612 - storage.access_export - DEBUG - Access TXT file created: data/export/access\Extracted_Tables\geometry__increment.txt
2026-05-19 16:18:39,617 - storage.access_export - DEBUG - Access TXT file created: data/export/access\Extracted_Tables\geometry__pixel_size.txt
2026-05-19 16:18:39,622 - storage.access_export - DEBUG - Access TXT file created: data/export/access\Extracted_Tables\geometry__circular_symmetry.txt
2026-05-19 16:18:39,626 - storage.access_export - DEBUG - Access TXT file created: data/export/access\Extracted_Tables\dose__CTDI32_reproducibility.txt
2026-05-19 16:18:39,631 - storage.access_export - DEBUG - Access TXT file created: data/export/access\Extracted_Tables\dose__CTDI32_kV.txt
2026-05-19 16:18:39,636 - storage.access_export - DEBUG - Access TXT file created: data/export/access\Extracted_Tables\dose__CTDI32_kV_deviation.txt
2026-05-19 16:18:39,641 - storage.access_export - DEBUG - Access TXT file created: data/export/access\Extracted_Tables\dose__CTDI32_collimation.txt
2026-05-19 16:18:39,647 - storage.access_export - DEBUG - Access TXT file created: data/export/access\Extracted_Tables\dose__CTDI32_linearity.txt
2026-05-19 16:18:39,651 - storage.access_export - DEBUG - Access TXT file created: data/export/access\Extracted_Tables\dose__CTDI32_linearity_iterative.txt
2026-05-19 16:18:39,655 - storage.access_export - DEBUG - Access TXT file created: data/export/access\Extracted_Tables\dose__CTDI32_verification_standard.txt
2026-05-19 16:18:39,659 - storage.access_export - DEBUG - Access TXT file created: data/export/access\Extracted_Tables\dose__CTDI32_verification_DS.txt
2026-05-19 16:18:39,664 - storage.access_export - DEBUG - Access TXT file created: data/export/access\Extracted_Tables\noise__detector_row.txt
2026-05-19 16:18:39,669 - storage.access_export - DEBUG - Access TXT file created: data/export/access\Extracted_Tables\tcm__z_dikte_tcm_aan.txt
2026-05-19 16:18:39,673 - storage.access_export - DEBUG - Access TXT file created: data/export/access\Extracted_Tables\tcm__z_dikte_tcm_af.txt
2026-05-19 16:18:39,678 - storage.access_export - DEBUG - Access TXT file created: data/export/access\Extracted_Tables\tcm__z_densiteit_tcm_aan.txt
2026-05-19 16:18:39,682 - storage.access_export - DEBUG - Access TXT file created: data/export/access\Extracted_Tables\tcm__z_densiteit_tcm_af.txt
2026-05-19 16:18:39,687 - storage.access_export - DEBUG - Access TXT file created: data/export/access\Extracted_Tables\dose__CTDI16_kV.txt
2026-05-19 16:18:39,691 - storage.access_export - DEBUG - Access TXT file created: data/export/access\Extracted_Tables\CT_nummer_ruis_in_tijd__longitudinal.txt
2026-05-19 16:18:39,696 - storage.access_export - DEBUG - Access TXT file created: data/export/access\Extracted_Tables\uniformiteit__summary_table.txt
2026-05-19 16:18:39,702 - storage.access_export - DEBUG - Access TXT file created: data/export/access\Extracted_Tables\iq__uniformiteit_main.txt
2026-05-19 16:18:39,706 - storage.access_export - DEBUG - Access TXT file created: data/export/access\Extracted_Tables\hoog_contrast_fwhm__longitudinal.txt
2026-05-19 16:18:39,712 - storage.access_export - DEBUG - Access TXT file created: data/export/access\Extracted_Tables\iq__mtf_soft.txt
2026-05-19 16:18:39,717 - storage.access_export - DEBUG - Access TXT file created: data/export/access\Extracted_Tables\iq__mtf_hard.txt
2026-05-19 16:18:39,721 - storage.access_export - DEBUG - Access TXT file created: data/export/access\Extracted_Tables\iq__CT_getal_lineair.txt
2026-05-19 16:18:39,726 - storage.access_export - DEBUG - Access TXT file created: data/export/access\Extracted_Tables\iq__correlatie.txt
2026-05-19 16:18:39,730 - storage.access_export - DEBUG - Access TXT file created: data/export/access\Extracted_Tables\iq__DS_CT_getal_lineair_mixed.txt
2026-05-19 16:18:39,735 - storage.access_export - DEBUG - Access TXT file created: data/export/access\Extracted_Tables\iq__DS_CT_getal_lineair_buisB.txt
2026-05-19 16:18:39,740 - storage.access_export - DEBUG - Access TXT file created: data/export/access\Extracted_Tables\iq__DS_HU_water_lucht_mixed.txt
2026-05-19 16:18:39,745 - storage.access_export - DEBUG - Access TXT file created: data/export/access\Extracted_Tables\iq__DS_uniformiteit_mixed.txt
2026-05-19 16:18:39,749 - storage.access_export - DEBUG - Access TXT file created: data/export/access\Extracted_Tables\iq__DS_uniformiteit_mixed_summary.txt
2026-05-19 16:18:39,754 - storage.access_export - DEBUG - Access TXT file created: data/export/access\Extracted_Tables\iq__DS_uniformiteit_buisB.txt
2026-05-19 16:18:39,759 - storage.access_export - DEBUG - Access TXT file created: data/export/access\Extracted_Tables\iq__DS_uniformiteit_buisB_summary.txt
2026-05-19 16:18:39,763 - storage.access_export - DEBUG - Access TXT file created: data/export/access\Extracted_Tables\iq__DS_correlatie_mixed.txt
2026-05-19 16:18:39,767 - storage.access_export - DEBUG - Access TXT file created: data/export/access\Extracted_Tables\iq__DS_correlatie_buisB.txt
2026-05-19 16:18:39,771 - storage.access_export - DEBUG - Access TXT file created: data/export/access\Extracted_Tables\geometry__slice_thickness_gt2mm.txt
2026-05-19 16:18:39,776 - storage.access_export - DEBUG - Access TXT file created: data/export/access\Extracted_Tables\geometry__slice_thickness_lt2mm.txt
2026-05-19 16:18:39,780 - storage.access_export - DEBUG - Access TXT file created: data/export/access\Extracted_Tables\protocols__adult.txt
2026-05-19 16:18:39,785 - storage.access_export - DEBUG - Access TXT file created: data/export/access\Extracted_Tables\protocols__pediatric.txt
2026-05-19 16:18:39,800 - storage.access_export - DEBUG - Access TXT file created: data/export/access\Extracted_Tables\dose__CTDI16_settings.txt
2026-05-19 16:18:39,810 - storage.access_export - DEBUG - Access TXT file created: data/export/access\Extracted_Tables\meta__phantoms.txt
2026-05-19 16:18:39,827 - storage.access_export - DEBUG - Access TXT file created: data/export/access\Extracted_Tables\meta__qa_visit.txt
2026-05-19 16:18:39,845 - storage.access_export - DEBUG - Access TXT file created: data/export/access\Extracted_Tables\meta__scanner.txt
2026-05-19 16:18:39,855 - storage.access_export - DEBUG - Access TXT file created: data/export/access\Metadata\Scalar_Records.txt
2026-05-19 16:18:39,861 - storage.access_export - DEBUG - Access TXT file created: data/export/access\Metadata\Named_Results.txt
2026-05-19 16:18:39,885 - storage.access_export - DEBUG - Access TXT file created: data/export/access\Metadata\Extracted_Fields.txt
2026-05-19 16:18:39,888 - storage.access_export - DEBUG - Access TXT file created: data/export/access\Metadata\Extraction_Metadata.txt
2026-05-19 16:18:39,888 - storage.access_export - INFO - Access export completed for QAVisit 319182
2026-05-19 16:18:39,962 - core.audit - INFO - [SUCCESS] Orchestrator.ProcessingComplete: File processed successfully | File: QC300_0524_01611CT-SPECTSymbiaBold4.xlsm
2026-05-19 16:18:39,963 - core.audit - INFO - [INFO] Orchestrator.ProcessingStart: Start processing file | File: QC300_0624_01504CT-CT11.xlsm
2026-05-19 16:18:39,963 - engine.extraction_engine - INFO - Extraction des donnees depuis: data/raw/Excel/QC300_0624_01504CT-CT11.xlsm
2026-05-19 16:20:18,629 - engine.extraction_engine - INFO - Extraction terminee: 317 champs, 62 tables, 22 named results
2026-05-19 16:20:18,634 - models.qa_visit - WARNING - Utilisation QAID fallback: 418634
2026-05-19 16:20:18,640 - core.audit - INFO - [INFO] QAVisit.ReferencesResolved: References resolved successfully
2026-05-19 16:20:18,641 - core.audit - INFO - [INFO] QAVisit.Created: QAVisit 418634 created successfully
2026-05-19 16:20:18,641 - models.qa_visit - INFO - QAVisit 418634 ready for HDF5 persistence
2026-05-19 16:20:18,664 - storage.parquet_export - WARNING - Could not export Geometry data: Cannot save file into a non-existent directory: 'data\export\parquet\year=2024\hospital=300\system=25\geometry_geometry'
2026-05-19 16:20:18,667 - storage.parquet_export - WARNING - Could not export Noise data: Cannot save file into a non-existent directory: 'data\export\parquet\year=2024\hospital=300\system=25\noise_noise'
2026-05-19 16:20:18,936 - storage.parquet_export - WARNING - Could not export auxiliary results: unhashable type: 'list'
2026-05-19 16:20:18,953 - storage.parquet_export - WARNING - Could not export QA results: unhashable type: 'list'
2026-05-19 16:20:18,961 - storage.parquet_export - INFO - Parquet export completed for QAVisit 418634
2026-05-19 16:20:18,966 - storage.access_export - DEBUG - Access TXT file created: data/export/access\Metadata\QAVisit.txt
2026-05-19 16:20:18,971 - storage.access_export - DEBUG - Access TXT file created: data/export/access\Extracted_Tables\meta__measurement_equipment.txt
2026-05-19 16:20:18,977 - storage.access_export - DEBUG - Access TXT file created: data/export/access\Extracted_Tables\tube_voltage__accuracy.txt
2026-05-19 16:20:18,982 - storage.access_export - DEBUG - Access TXT file created: data/export/access\Extracted_Tables\tube_voltage__reproducibility.txt
2026-05-19 16:20:18,988 - storage.access_export - DEBUG - Access TXT file created: data/export/access\Extracted_Tables\geometry__geometric_efficiency.txt
2026-05-19 16:20:18,993 - storage.access_export - DEBUG - Access TXT file created: data/export/access\Extracted_Tables\geometry__positioning_light.txt
2026-05-19 16:20:18,998 - storage.access_export - DEBUG - Access TXT file created: data/export/access\Extracted_Tables\geometry__table_travel.txt
2026-05-19 16:20:19,004 - storage.access_export - DEBUG - Access TXT file created: data/export/access\Extracted_Tables\geometry__overscan.txt
2026-05-19 16:20:19,008 - storage.access_export - DEBUG - Access TXT file created: data/export/access\Extracted_Tables\geometry__increment.txt
2026-05-19 16:20:19,013 - storage.access_export - DEBUG - Access TXT file created: data/export/access\Extracted_Tables\geometry__pixel_size.txt
2026-05-19 16:20:19,017 - storage.access_export - DEBUG - Access TXT file created: data/export/access\Extracted_Tables\geometry__circular_symmetry.txt
2026-05-19 16:20:19,022 - storage.access_export - DEBUG - Access TXT file created: data/export/access\Extracted_Tables\dose__CTDI32_reproducibility.txt
2026-05-19 16:20:19,026 - storage.access_export - DEBUG - Access TXT file created: data/export/access\Extracted_Tables\dose__CTDI32_kV.txt
2026-05-19 16:20:19,032 - storage.access_export - DEBUG - Access TXT file created: data/export/access\Extracted_Tables\dose__CTDI32_kV_deviation.txt
2026-05-19 16:20:19,038 - storage.access_export - DEBUG - Access TXT file created: data/export/access\Extracted_Tables\dose__CTDI32_collimation.txt
2026-05-19 16:20:19,042 - storage.access_export - DEBUG - Access TXT file created: data/export/access\Extracted_Tables\dose__CTDI32_linearity.txt
2026-05-19 16:20:19,046 - storage.access_export - DEBUG - Access TXT file created: data/export/access\Extracted_Tables\dose__CTDI32_linearity_iterative.txt
2026-05-19 16:20:19,050 - storage.access_export - DEBUG - Access TXT file created: data/export/access\Extracted_Tables\dose__CTDI32_verification_standard.txt
2026-05-19 16:20:19,055 - storage.access_export - DEBUG - Access TXT file created: data/export/access\Extracted_Tables\dose__CTDI32_verification_DS.txt
2026-05-19 16:20:19,059 - storage.access_export - DEBUG - Access TXT file created: data/export/access\Extracted_Tables\noise__detector_row.txt
2026-05-19 16:20:19,066 - storage.access_export - DEBUG - Access TXT file created: data/export/access\Extracted_Tables\tcm__z_dikte_tcm_aan.txt
2026-05-19 16:20:19,071 - storage.access_export - DEBUG - Access TXT file created: data/export/access\Extracted_Tables\tcm__z_dikte_tcm_af.txt
2026-05-19 16:20:19,079 - storage.access_export - DEBUG - Access TXT file created: data/export/access\Extracted_Tables\tcm__z_densiteit_tcm_aan.txt
2026-05-19 16:20:19,086 - storage.access_export - DEBUG - Access TXT file created: data/export/access\Extracted_Tables\tcm__z_densiteit_tcm_af.txt
2026-05-19 16:20:19,090 - storage.access_export - DEBUG - Access TXT file created: data/export/access\Extracted_Tables\dose__CTDI16_kV.txt
2026-05-19 16:20:19,095 - storage.access_export - DEBUG - Access TXT file created: data/export/access\Extracted_Tables\CT_nummer_ruis_in_tijd__longitudinal.txt
2026-05-19 16:20:19,099 - storage.access_export - DEBUG - Access TXT file created: data/export/access\Extracted_Tables\uniformiteit__summary_table.txt
2026-05-19 16:20:19,105 - storage.access_export - DEBUG - Access TXT file created: data/export/access\Extracted_Tables\iq__uniformiteit_main.txt
2026-05-19 16:20:19,109 - storage.access_export - DEBUG - Access TXT file created: data/export/access\Extracted_Tables\hoog_contrast_fwhm__longitudinal.txt
2026-05-19 16:20:19,115 - storage.access_export - DEBUG - Access TXT file created: data/export/access\Extracted_Tables\iq__mtf_soft.txt
2026-05-19 16:20:19,121 - storage.access_export - DEBUG - Access TXT file created: data/export/access\Extracted_Tables\iq__mtf_hard.txt
2026-05-19 16:20:19,125 - storage.access_export - DEBUG - Access TXT file created: data/export/access\Extracted_Tables\iq__CT_getal_lineair.txt
2026-05-19 16:20:19,130 - storage.access_export - DEBUG - Access TXT file created: data/export/access\Extracted_Tables\iq__correlatie.txt
2026-05-19 16:20:19,135 - storage.access_export - DEBUG - Access TXT file created: data/export/access\Extracted_Tables\iq__DS_CT_getal_lineair_mixed.txt
2026-05-19 16:20:19,139 - storage.access_export - DEBUG - Access TXT file created: data/export/access\Extracted_Tables\iq__DS_CT_getal_lineair_buisB.txt
2026-05-19 16:20:19,144 - storage.access_export - DEBUG - Access TXT file created: data/export/access\Extracted_Tables\iq__DS_HU_water_lucht_mixed.txt
2026-05-19 16:20:19,149 - storage.access_export - DEBUG - Access TXT file created: data/export/access\Extracted_Tables\iq__DS_HU_water_lucht_buisB.txt
2026-05-19 16:20:19,154 - storage.access_export - DEBUG - Access TXT file created: data/export/access\Extracted_Tables\iq__DS_uniformiteit_mixed.txt
2026-05-19 16:20:19,159 - storage.access_export - DEBUG - Access TXT file created: data/export/access\Extracted_Tables\iq__DS_uniformiteit_mixed_summary.txt
2026-05-19 16:20:19,164 - storage.access_export - DEBUG - Access TXT file created: data/export/access\Extracted_Tables\iq__DS_uniformiteit_buisB.txt
2026-05-19 16:20:19,168 - storage.access_export - DEBUG - Access TXT file created: data/export/access\Extracted_Tables\iq__DS_uniformiteit_buisB_summary.txt
2026-05-19 16:20:19,172 - storage.access_export - DEBUG - Access TXT file created: data/export/access\Extracted_Tables\iq__DS_correlatie_mixed.txt
2026-05-19 16:20:19,177 - storage.access_export - DEBUG - Access TXT file created: data/export/access\Extracted_Tables\iq__DS_correlatie_buisB.txt
2026-05-19 16:20:19,181 - storage.access_export - DEBUG - Access TXT file created: data/export/access\Extracted_Tables\geometry__slice_thickness_gt2mm.txt
2026-05-19 16:20:19,185 - storage.access_export - DEBUG - Access TXT file created: data/export/access\Extracted_Tables\geometry__slice_thickness_lt2mm.txt
2026-05-19 16:20:19,189 - storage.access_export - DEBUG - Access TXT file created: data/export/access\Extracted_Tables\protocols__adult.txt
2026-05-19 16:20:19,193 - storage.access_export - DEBUG - Access TXT file created: data/export/access\Extracted_Tables\protocols__pediatric.txt
2026-05-19 16:20:19,208 - storage.access_export - DEBUG - Access TXT file created: data/export/access\Extracted_Tables\dose__CTDI16_settings.txt
2026-05-19 16:20:19,218 - storage.access_export - DEBUG - Access TXT file created: data/export/access\Extracted_Tables\meta__phantoms.txt
2026-05-19 16:20:19,236 - storage.access_export - DEBUG - Access TXT file created: data/export/access\Extracted_Tables\meta__qa_visit.txt
2026-05-19 16:20:19,254 - storage.access_export - DEBUG - Access TXT file created: data/export/access\Extracted_Tables\meta__scanner.txt
2026-05-19 16:20:19,264 - storage.access_export - DEBUG - Access TXT file created: data/export/access\Metadata\Scalar_Records.txt
2026-05-19 16:20:19,269 - storage.access_export - DEBUG - Access TXT file created: data/export/access\Metadata\Named_Results.txt
2026-05-19 16:20:19,297 - storage.access_export - DEBUG - Access TXT file created: data/export/access\Metadata\Extracted_Fields.txt
2026-05-19 16:20:19,300 - storage.access_export - DEBUG - Access TXT file created: data/export/access\Metadata\Extraction_Metadata.txt
2026-05-19 16:20:19,300 - storage.access_export - INFO - Access export completed for QAVisit 418634
2026-05-19 16:20:19,396 - core.audit - INFO - [SUCCESS] Orchestrator.ProcessingComplete: File processed successfully | File: QC300_0624_01504CT-CT11.xlsm
2026-05-19 16:20:19,397 - core.audit - INFO - [INFO] Orchestrator.ProcessingStart: Start processing file | File: QC300_0724_01014CT-CT13.xlsm
2026-05-19 16:20:19,397 - engine.extraction_engine - INFO - Extraction des donnees depuis: data/raw/Excel/QC300_0724_01014CT-CT13.xlsm
2026-05-19 16:21:30,600 - engine.extraction_engine - INFO - Extraction terminee: 317 champs, 60 tables, 22 named results
2026-05-19 16:21:30,604 - models.qa_visit - WARNING - Utilisation QAID fallback: 490604
2026-05-19 16:21:30,613 - core.audit - INFO - [INFO] QAVisit.ReferencesResolved: References resolved successfully
2026-05-19 16:21:30,613 - core.audit - INFO - [INFO] QAVisit.Created: QAVisit 490604 created successfully
2026-05-19 16:21:30,614 - models.qa_visit - INFO - QAVisit 490604 ready for HDF5 persistence
2026-05-19 16:21:30,639 - storage.parquet_export - WARNING - Could not export Geometry data: Cannot save file into a non-existent directory: 'data\export\parquet\year=2024\hospital=300\system=20\geometry_geometry'
2026-05-19 16:21:30,641 - storage.parquet_export - WARNING - Could not export Noise data: Cannot save file into a non-existent directory: 'data\export\parquet\year=2024\hospital=300\system=20\noise_noise'
2026-05-19 16:21:30,907 - storage.parquet_export - WARNING - Could not export auxiliary results: unhashable type: 'list'
2026-05-19 16:21:30,922 - storage.parquet_export - WARNING - Could not export QA results: unhashable type: 'list'
2026-05-19 16:21:30,930 - storage.parquet_export - INFO - Parquet export completed for QAVisit 490604
2026-05-19 16:21:30,936 - storage.access_export - DEBUG - Access TXT file created: data/export/access\Metadata\QAVisit.txt
2026-05-19 16:21:30,941 - storage.access_export - DEBUG - Access TXT file created: data/export/access\Extracted_Tables\meta__measurement_equipment.txt
2026-05-19 16:21:30,946 - storage.access_export - DEBUG - Access TXT file created: data/export/access\Extracted_Tables\tube_voltage__accuracy.txt
2026-05-19 16:21:30,951 - storage.access_export - DEBUG - Access TXT file created: data/export/access\Extracted_Tables\tube_voltage__reproducibility.txt
2026-05-19 16:21:30,957 - storage.access_export - DEBUG - Access TXT file created: data/export/access\Extracted_Tables\geometry__geometric_efficiency.txt
2026-05-19 16:21:30,962 - storage.access_export - DEBUG - Access TXT file created: data/export/access\Extracted_Tables\geometry__positioning_light.txt
2026-05-19 16:21:30,968 - storage.access_export - DEBUG - Access TXT file created: data/export/access\Extracted_Tables\geometry__table_travel.txt
2026-05-19 16:21:30,973 - storage.access_export - DEBUG - Access TXT file created: data/export/access\Extracted_Tables\geometry__overscan.txt
2026-05-19 16:21:30,979 - storage.access_export - DEBUG - Access TXT file created: data/export/access\Extracted_Tables\geometry__increment.txt
2026-05-19 16:21:30,983 - storage.access_export - DEBUG - Access TXT file created: data/export/access\Extracted_Tables\geometry__pixel_size.txt
2026-05-19 16:21:30,987 - storage.access_export - DEBUG - Access TXT file created: data/export/access\Extracted_Tables\geometry__circular_symmetry.txt
2026-05-19 16:21:30,991 - storage.access_export - DEBUG - Access TXT file created: data/export/access\Extracted_Tables\dose__CTDI32_reproducibility.txt
2026-05-19 16:21:30,997 - storage.access_export - DEBUG - Access TXT file created: data/export/access\Extracted_Tables\dose__CTDI32_kV.txt
2026-05-19 16:21:31,002 - storage.access_export - DEBUG - Access TXT file created: data/export/access\Extracted_Tables\dose__CTDI32_kV_deviation.txt
2026-05-19 16:21:31,006 - storage.access_export - DEBUG - Access TXT file created: data/export/access\Extracted_Tables\dose__CTDI32_collimation.txt
2026-05-19 16:21:31,011 - storage.access_export - DEBUG - Access TXT file created: data/export/access\Extracted_Tables\dose__CTDI32_linearity.txt
2026-05-19 16:21:31,016 - storage.access_export - DEBUG - Access TXT file created: data/export/access\Extracted_Tables\dose__CTDI32_linearity_iterative.txt
2026-05-19 16:21:31,021 - storage.access_export - DEBUG - Access TXT file created: data/export/access\Extracted_Tables\dose__CTDI32_verification_standard.txt
2026-05-19 16:21:31,027 - storage.access_export - DEBUG - Access TXT file created: data/export/access\Extracted_Tables\dose__CTDI32_verification_DS.txt
2026-05-19 16:21:31,032 - storage.access_export - DEBUG - Access TXT file created: data/export/access\Extracted_Tables\noise__detector_row.txt
2026-05-19 16:21:31,037 - storage.access_export - DEBUG - Access TXT file created: data/export/access\Extracted_Tables\tcm__z_dikte_tcm_aan.txt
2026-05-19 16:21:31,042 - storage.access_export - DEBUG - Access TXT file created: data/export/access\Extracted_Tables\tcm__z_dikte_tcm_af.txt
2026-05-19 16:21:31,048 - storage.access_export - DEBUG - Access TXT file created: data/export/access\Extracted_Tables\dose__CTDI16_kV.txt
2026-05-19 16:21:31,052 - storage.access_export - DEBUG - Access TXT file created: data/export/access\Extracted_Tables\CT_nummer_ruis_in_tijd__longitudinal.txt
2026-05-19 16:21:31,057 - storage.access_export - DEBUG - Access TXT file created: data/export/access\Extracted_Tables\uniformiteit__summary_table.txt
2026-05-19 16:21:31,063 - storage.access_export - DEBUG - Access TXT file created: data/export/access\Extracted_Tables\iq__uniformiteit_main.txt
2026-05-19 16:21:31,067 - storage.access_export - DEBUG - Access TXT file created: data/export/access\Extracted_Tables\hoog_contrast_fwhm__longitudinal.txt
2026-05-19 16:21:31,073 - storage.access_export - DEBUG - Access TXT file created: data/export/access\Extracted_Tables\iq__mtf_soft.txt
2026-05-19 16:21:31,080 - storage.access_export - DEBUG - Access TXT file created: data/export/access\Extracted_Tables\iq__mtf_hard.txt
2026-05-19 16:21:31,084 - storage.access_export - DEBUG - Access TXT file created: data/export/access\Extracted_Tables\iq__CT_getal_lineair.txt
2026-05-19 16:21:31,088 - storage.access_export - DEBUG - Access TXT file created: data/export/access\Extracted_Tables\iq__correlatie.txt
2026-05-19 16:21:31,093 - storage.access_export - DEBUG - Access TXT file created: data/export/access\Extracted_Tables\iq__DS_CT_getal_lineair_mixed.txt
2026-05-19 16:21:31,098 - storage.access_export - DEBUG - Access TXT file created: data/export/access\Extracted_Tables\iq__DS_CT_getal_lineair_buisB.txt
2026-05-19 16:21:31,103 - storage.access_export - DEBUG - Access TXT file created: data/export/access\Extracted_Tables\iq__DS_HU_water_lucht_mixed.txt
2026-05-19 16:21:31,108 - storage.access_export - DEBUG - Access TXT file created: data/export/access\Extracted_Tables\iq__DS_HU_water_lucht_buisB.txt
2026-05-19 16:21:31,112 - storage.access_export - DEBUG - Access TXT file created: data/export/access\Extracted_Tables\iq__DS_uniformiteit_mixed.txt
2026-05-19 16:21:31,117 - storage.access_export - DEBUG - Access TXT file created: data/export/access\Extracted_Tables\iq__DS_uniformiteit_mixed_summary.txt
2026-05-19 16:21:31,122 - storage.access_export - DEBUG - Access TXT file created: data/export/access\Extracted_Tables\iq__DS_uniformiteit_buisB.txt
2026-05-19 16:21:31,127 - storage.access_export - DEBUG - Access TXT file created: data/export/access\Extracted_Tables\iq__DS_uniformiteit_buisB_summary.txt
2026-05-19 16:21:31,132 - storage.access_export - DEBUG - Access TXT file created: data/export/access\Extracted_Tables\iq__DS_correlatie_mixed.txt
2026-05-19 16:21:31,136 - storage.access_export - DEBUG - Access TXT file created: data/export/access\Extracted_Tables\iq__DS_correlatie_buisB.txt
2026-05-19 16:21:31,140 - storage.access_export - DEBUG - Access TXT file created: data/export/access\Extracted_Tables\geometry__slice_thickness_gt2mm.txt
2026-05-19 16:21:31,145 - storage.access_export - DEBUG - Access TXT file created: data/export/access\Extracted_Tables\geometry__slice_thickness_lt2mm.txt
2026-05-19 16:21:31,150 - storage.access_export - DEBUG - Access TXT file created: data/export/access\Extracted_Tables\protocols__adult.txt
2026-05-19 16:21:31,154 - storage.access_export - DEBUG - Access TXT file created: data/export/access\Extracted_Tables\protocols__pediatric.txt
2026-05-19 16:21:31,169 - storage.access_export - DEBUG - Access TXT file created: data/export/access\Extracted_Tables\dose__CTDI16_settings.txt
2026-05-19 16:21:31,179 - storage.access_export - DEBUG - Access TXT file created: data/export/access\Extracted_Tables\meta__phantoms.txt
2026-05-19 16:21:31,197 - storage.access_export - DEBUG - Access TXT file created: data/export/access\Extracted_Tables\meta__qa_visit.txt
2026-05-19 16:21:31,215 - storage.access_export - DEBUG - Access TXT file created: data/export/access\Extracted_Tables\meta__scanner.txt
2026-05-19 16:21:31,225 - storage.access_export - DEBUG - Access TXT file created: data/export/access\Metadata\Scalar_Records.txt
2026-05-19 16:21:31,230 - storage.access_export - DEBUG - Access TXT file created: data/export/access\Metadata\Named_Results.txt
2026-05-19 16:21:31,255 - storage.access_export - DEBUG - Access TXT file created: data/export/access\Metadata\Extracted_Fields.txt
2026-05-19 16:21:31,258 - storage.access_export - DEBUG - Access TXT file created: data/export/access\Metadata\Extraction_Metadata.txt
2026-05-19 16:21:31,258 - storage.access_export - INFO - Access export completed for QAVisit 490604
2026-05-19 16:21:31,339 - core.audit - INFO - [SUCCESS] Orchestrator.ProcessingComplete: File processed successfully | File: QC300_0724_01014CT-CT13.xlsm
2026-05-19 16:21:31,340 - core.audit - INFO - [INFO] Orchestrator.ProcessingStart: Start processing file | File: QC300_0724_01705CT_CT16.xlsm
2026-05-19 16:21:31,340 - engine.extraction_engine - INFO - Extraction des donnees depuis: data/raw/Excel/QC300_0724_01705CT_CT16.xlsm
2026-05-19 16:22:51,336 - engine.extraction_engine - INFO - Extraction terminee: 317 champs, 60 tables, 22 named results
2026-05-19 16:22:51,340 - models.qa_visit - WARNING - Utilisation QAID fallback: 571340
2026-05-19 16:22:51,347 - core.audit - INFO - [INFO] QAVisit.ReferencesResolved: References resolved successfully
2026-05-19 16:22:51,348 - core.audit - INFO - [INFO] QAVisit.Created: QAVisit 571340 created successfully
2026-05-19 16:22:51,348 - models.qa_visit - INFO - QAVisit 571340 ready for HDF5 persistence
2026-05-19 16:22:51,375 - storage.parquet_export - WARNING - Could not export Geometry data: Cannot save file into a non-existent directory: 'data\export\parquet\year=2024\hospital=300\system=17\geometry_geometry'
2026-05-19 16:22:51,377 - storage.parquet_export - WARNING - Could not export Noise data: Cannot save file into a non-existent directory: 'data\export\parquet\year=2024\hospital=300\system=17\noise_noise'
2026-05-19 16:22:51,684 - storage.parquet_export - WARNING - Could not export auxiliary results: unhashable type: 'list'
2026-05-19 16:22:51,699 - storage.parquet_export - WARNING - Could not export QA results: unhashable type: 'list'
2026-05-19 16:22:51,706 - storage.parquet_export - INFO - Parquet export completed for QAVisit 571340
2026-05-19 16:22:51,710 - storage.access_export - DEBUG - Access TXT file created: data/export/access\Metadata\QAVisit.txt
2026-05-19 16:22:51,717 - storage.access_export - DEBUG - Access TXT file created: data/export/access\Extracted_Tables\meta__measurement_equipment.txt
2026-05-19 16:22:51,722 - storage.access_export - DEBUG - Access TXT file created: data/export/access\Extracted_Tables\tube_voltage__accuracy.txt
2026-05-19 16:22:51,726 - storage.access_export - DEBUG - Access TXT file created: data/export/access\Extracted_Tables\tube_voltage__reproducibility.txt
2026-05-19 16:22:51,733 - storage.access_export - DEBUG - Access TXT file created: data/export/access\Extracted_Tables\geometry__geometric_efficiency.txt
2026-05-19 16:22:51,741 - storage.access_export - DEBUG - Access TXT file created: data/export/access\Extracted_Tables\geometry__positioning_light.txt
2026-05-19 16:22:51,747 - storage.access_export - DEBUG - Access TXT file created: data/export/access\Extracted_Tables\geometry__table_travel.txt
2026-05-19 16:22:51,752 - storage.access_export - DEBUG - Access TXT file created: data/export/access\Extracted_Tables\geometry__overscan.txt
2026-05-19 16:22:51,757 - storage.access_export - DEBUG - Access TXT file created: data/export/access\Extracted_Tables\geometry__increment.txt
2026-05-19 16:22:51,763 - storage.access_export - DEBUG - Access TXT file created: data/export/access\Extracted_Tables\geometry__pixel_size.txt
2026-05-19 16:22:51,768 - storage.access_export - DEBUG - Access TXT file created: data/export/access\Extracted_Tables\geometry__circular_symmetry.txt
2026-05-19 16:22:51,772 - storage.access_export - DEBUG - Access TXT file created: data/export/access\Extracted_Tables\dose__CTDI32_reproducibility.txt
2026-05-19 16:22:51,777 - storage.access_export - DEBUG - Access TXT file created: data/export/access\Extracted_Tables\dose__CTDI32_kV.txt
2026-05-19 16:22:51,782 - storage.access_export - DEBUG - Access TXT file created: data/export/access\Extracted_Tables\dose__CTDI32_kV_deviation.txt
2026-05-19 16:22:51,787 - storage.access_export - DEBUG - Access TXT file created: data/export/access\Extracted_Tables\dose__CTDI32_collimation.txt
2026-05-19 16:22:51,792 - storage.access_export - DEBUG - Access TXT file created: data/export/access\Extracted_Tables\dose__CTDI32_linearity.txt
2026-05-19 16:22:51,797 - storage.access_export - DEBUG - Access TXT file created: data/export/access\Extracted_Tables\dose__CTDI32_linearity_iterative.txt
2026-05-19 16:22:51,801 - storage.access_export - DEBUG - Access TXT file created: data/export/access\Extracted_Tables\dose__CTDI32_verification_standard.txt
2026-05-19 16:22:51,805 - storage.access_export - DEBUG - Access TXT file created: data/export/access\Extracted_Tables\dose__CTDI32_verification_DS.txt
2026-05-19 16:22:51,810 - storage.access_export - DEBUG - Access TXT file created: data/export/access\Extracted_Tables\noise__detector_row.txt
2026-05-19 16:22:51,815 - storage.access_export - DEBUG - Access TXT file created: data/export/access\Extracted_Tables\tcm__z_dikte_tcm_aan.txt
2026-05-19 16:22:51,821 - storage.access_export - DEBUG - Access TXT file created: data/export/access\Extracted_Tables\tcm__z_dikte_tcm_af.txt
2026-05-19 16:22:51,827 - storage.access_export - DEBUG - Access TXT file created: data/export/access\Extracted_Tables\tcm__z_densiteit_tcm_aan.txt
2026-05-19 16:22:51,832 - storage.access_export - DEBUG - Access TXT file created: data/export/access\Extracted_Tables\tcm__z_densiteit_tcm_af.txt
2026-05-19 16:22:51,837 - storage.access_export - DEBUG - Access TXT file created: data/export/access\Extracted_Tables\dose__CTDI16_kV.txt
2026-05-19 16:22:51,841 - storage.access_export - DEBUG - Access TXT file created: data/export/access\Extracted_Tables\CT_nummer_ruis_in_tijd__longitudinal.txt
2026-05-19 16:22:51,846 - storage.access_export - DEBUG - Access TXT file created: data/export/access\Extracted_Tables\uniformiteit__summary_table.txt
2026-05-19 16:22:51,851 - storage.access_export - DEBUG - Access TXT file created: data/export/access\Extracted_Tables\iq__uniformiteit_main.txt
2026-05-19 16:22:51,855 - storage.access_export - DEBUG - Access TXT file created: data/export/access\Extracted_Tables\hoog_contrast_fwhm__longitudinal.txt
2026-05-19 16:22:51,862 - storage.access_export - DEBUG - Access TXT file created: data/export/access\Extracted_Tables\iq__mtf_soft.txt
2026-05-19 16:22:51,868 - storage.access_export - DEBUG - Access TXT file created: data/export/access\Extracted_Tables\iq__mtf_hard.txt
2026-05-19 16:22:51,872 - storage.access_export - DEBUG - Access TXT file created: data/export/access\Extracted_Tables\iq__CT_getal_lineair.txt
2026-05-19 16:22:51,877 - storage.access_export - DEBUG - Access TXT file created: data/export/access\Extracted_Tables\iq__correlatie.txt
2026-05-19 16:22:51,882 - storage.access_export - DEBUG - Access TXT file created: data/export/access\Extracted_Tables\iq__DS_CT_getal_lineair_mixed.txt
2026-05-19 16:22:51,886 - storage.access_export - DEBUG - Access TXT file created: data/export/access\Extracted_Tables\iq__DS_CT_getal_lineair_buisB.txt
2026-05-19 16:22:51,892 - storage.access_export - DEBUG - Access TXT file created: data/export/access\Extracted_Tables\iq__DS_HU_water_lucht_mixed.txt
2026-05-19 16:22:51,896 - storage.access_export - DEBUG - Access TXT file created: data/export/access\Extracted_Tables\iq__DS_uniformiteit_mixed.txt
2026-05-19 16:22:51,901 - storage.access_export - DEBUG - Access TXT file created: data/export/access\Extracted_Tables\iq__DS_uniformiteit_mixed_summary.txt
2026-05-19 16:22:51,906 - storage.access_export - DEBUG - Access TXT file created: data/export/access\Extracted_Tables\iq__DS_uniformiteit_buisB.txt
2026-05-19 16:22:51,910 - storage.access_export - DEBUG - Access TXT file created: data/export/access\Extracted_Tables\iq__DS_uniformiteit_buisB_summary.txt
2026-05-19 16:22:51,914 - storage.access_export - DEBUG - Access TXT file created: data/export/access\Extracted_Tables\iq__DS_correlatie_mixed.txt
2026-05-19 16:22:51,919 - storage.access_export - DEBUG - Access TXT file created: data/export/access\Extracted_Tables\iq__DS_correlatie_buisB.txt
2026-05-19 16:22:51,923 - storage.access_export - DEBUG - Access TXT file created: data/export/access\Extracted_Tables\geometry__slice_thickness_gt2mm.txt
2026-05-19 16:22:51,927 - storage.access_export - DEBUG - Access TXT file created: data/export/access\Extracted_Tables\geometry__slice_thickness_lt2mm.txt
2026-05-19 16:22:51,930 - storage.access_export - DEBUG - Access TXT file created: data/export/access\Extracted_Tables\protocols__adult.txt
2026-05-19 16:22:51,935 - storage.access_export - DEBUG - Access TXT file created: data/export/access\Extracted_Tables\protocols__pediatric.txt
2026-05-19 16:22:51,949 - storage.access_export - DEBUG - Access TXT file created: data/export/access\Extracted_Tables\dose__CTDI16_settings.txt
2026-05-19 16:22:51,960 - storage.access_export - DEBUG - Access TXT file created: data/export/access\Extracted_Tables\meta__phantoms.txt
2026-05-19 16:22:51,976 - storage.access_export - DEBUG - Access TXT file created: data/export/access\Extracted_Tables\meta__qa_visit.txt
2026-05-19 16:22:51,992 - storage.access_export - DEBUG - Access TXT file created: data/export/access\Extracted_Tables\meta__scanner.txt
2026-05-19 16:22:52,002 - storage.access_export - DEBUG - Access TXT file created: data/export/access\Metadata\Scalar_Records.txt
2026-05-19 16:22:52,008 - storage.access_export - DEBUG - Access TXT file created: data/export/access\Metadata\Named_Results.txt
2026-05-19 16:22:52,032 - storage.access_export - DEBUG - Access TXT file created: data/export/access\Metadata\Extracted_Fields.txt
2026-05-19 16:22:52,035 - storage.access_export - DEBUG - Access TXT file created: data/export/access\Metadata\Extraction_Metadata.txt
2026-05-19 16:22:52,035 - storage.access_export - INFO - Access export completed for QAVisit 571340
2026-05-19 16:22:52,124 - core.audit - INFO - [SUCCESS] Orchestrator.ProcessingComplete: File processed successfully | File: QC300_0724_01705CT_CT16.xlsm
2026-05-19 16:22:52,125 - core.audit - INFO - [INFO] Orchestrator.ProcessingStart: Start processing file | File: QC300_0924_01979CT-PETCT9.xlsm
2026-05-19 16:22:52,125 - engine.extraction_engine - INFO - Extraction des donnees depuis: data/raw/Excel/QC300_0924_01979CT-PETCT9.xlsm
2026-05-19 16:23:37,388 - engine.extraction_engine - INFO - Extraction terminee: 317 champs, 58 tables, 22 named results
2026-05-19 16:23:37,393 - models.qa_visit - WARNING - Utilisation QAID fallback: 617393
2026-05-19 16:23:37,396 - models.qa_visit - WARNING - No Linktable match for normalized QAMPR 1979
2026-05-19 16:23:37,396 - core.audit - WARNING - [WARNING] QAVisit.ReferenceResolutionNoMatch: No Linktable match for normalized QAMPR 1979
2026-05-19 16:23:37,397 - core.audit - INFO - [INFO] QAVisit.Created: QAVisit 617393 created successfully
2026-05-19 16:23:37,397 - models.qa_visit - INFO - QAVisit 617393 ready for HDF5 persistence
2026-05-19 16:23:37,428 - storage.parquet_export - WARNING - Could not export Geometry data: Cannot save file into a non-existent directory: 'data\export\parquet\year=2024\hospital=None\system=None\geometry_geometry'
2026-05-19 16:23:37,430 - storage.parquet_export - WARNING - Could not export Noise data: Cannot save file into a non-existent directory: 'data\export\parquet\year=2024\hospital=None\system=None\noise_noise'
2026-05-19 16:23:37,746 - storage.parquet_export - WARNING - Could not export auxiliary results: unhashable type: 'list'
2026-05-19 16:23:37,761 - storage.parquet_export - WARNING - Could not export QA results: unhashable type: 'list'
2026-05-19 16:23:37,769 - storage.parquet_export - INFO - Parquet export completed for QAVisit 617393
2026-05-19 16:23:37,773 - storage.access_export - DEBUG - Access TXT file created: data/export/access\Metadata\QAVisit.txt
2026-05-19 16:23:37,778 - storage.access_export - DEBUG - Access TXT file created: data/export/access\Extracted_Tables\meta__measurement_equipment.txt
2026-05-19 16:23:37,782 - storage.access_export - DEBUG - Access TXT file created: data/export/access\Extracted_Tables\tube_voltage__accuracy.txt
2026-05-19 16:23:37,786 - storage.access_export - DEBUG - Access TXT file created: data/export/access\Extracted_Tables\tube_voltage__reproducibility.txt
2026-05-19 16:23:37,792 - storage.access_export - DEBUG - Access TXT file created: data/export/access\Extracted_Tables\geometry__geometric_efficiency.txt
2026-05-19 16:23:37,798 - storage.access_export - DEBUG - Access TXT file created: data/export/access\Extracted_Tables\geometry__positioning_light.txt
2026-05-19 16:23:37,802 - storage.access_export - DEBUG - Access TXT file created: data/export/access\Extracted_Tables\geometry__table_travel.txt
2026-05-19 16:23:37,807 - storage.access_export - DEBUG - Access TXT file created: data/export/access\Extracted_Tables\geometry__overscan.txt
2026-05-19 16:23:37,813 - storage.access_export - DEBUG - Access TXT file created: data/export/access\Extracted_Tables\geometry__increment.txt
2026-05-19 16:23:37,818 - storage.access_export - DEBUG - Access TXT file created: data/export/access\Extracted_Tables\geometry__pixel_size.txt
2026-05-19 16:23:37,823 - storage.access_export - DEBUG - Access TXT file created: data/export/access\Extracted_Tables\geometry__circular_symmetry.txt
2026-05-19 16:23:37,827 - storage.access_export - DEBUG - Access TXT file created: data/export/access\Extracted_Tables\dose__CTDI32_reproducibility.txt
2026-05-19 16:23:37,831 - storage.access_export - DEBUG - Access TXT file created: data/export/access\Extracted_Tables\dose__CTDI32_kV.txt
2026-05-19 16:23:37,836 - storage.access_export - DEBUG - Access TXT file created: data/export/access\Extracted_Tables\dose__CTDI32_kV_deviation.txt
2026-05-19 16:23:37,840 - storage.access_export - DEBUG - Access TXT file created: data/export/access\Extracted_Tables\dose__CTDI32_collimation.txt
2026-05-19 16:23:37,845 - storage.access_export - DEBUG - Access TXT file created: data/export/access\Extracted_Tables\dose__CTDI32_linearity.txt
2026-05-19 16:23:37,849 - storage.access_export - DEBUG - Access TXT file created: data/export/access\Extracted_Tables\dose__CTDI32_linearity_iterative.txt
2026-05-19 16:23:37,853 - storage.access_export - DEBUG - Access TXT file created: data/export/access\Extracted_Tables\dose__CTDI32_verification_standard.txt
2026-05-19 16:23:37,857 - storage.access_export - DEBUG - Access TXT file created: data/export/access\Extracted_Tables\dose__CTDI32_verification_DS.txt
2026-05-19 16:23:37,862 - storage.access_export - DEBUG - Access TXT file created: data/export/access\Extracted_Tables\noise__detector_row.txt
2026-05-19 16:23:37,867 - storage.access_export - DEBUG - Access TXT file created: data/export/access\Extracted_Tables\tcm__z_dikte_tcm_aan.txt
2026-05-19 16:23:37,871 - storage.access_export - DEBUG - Access TXT file created: data/export/access\Extracted_Tables\tcm__z_dikte_tcm_af.txt
2026-05-19 16:23:37,876 - storage.access_export - DEBUG - Access TXT file created: data/export/access\Extracted_Tables\tcm__z_densiteit_tcm_aan.txt
2026-05-19 16:23:37,881 - storage.access_export - DEBUG - Access TXT file created: data/export/access\Extracted_Tables\tcm__z_densiteit_tcm_af.txt
2026-05-19 16:23:37,885 - storage.access_export - DEBUG - Access TXT file created: data/export/access\Extracted_Tables\dose__CTDI16_kV.txt
2026-05-19 16:23:37,889 - storage.access_export - DEBUG - Access TXT file created: data/export/access\Extracted_Tables\CT_nummer_ruis_in_tijd__longitudinal.txt
2026-05-19 16:23:37,893 - storage.access_export - DEBUG - Access TXT file created: data/export/access\Extracted_Tables\uniformiteit__summary_table.txt
2026-05-19 16:23:37,899 - storage.access_export - DEBUG - Access TXT file created: data/export/access\Extracted_Tables\iq__uniformiteit_main.txt
2026-05-19 16:23:37,903 - storage.access_export - DEBUG - Access TXT file created: data/export/access\Extracted_Tables\hoog_contrast_fwhm__longitudinal.txt
2026-05-19 16:23:37,907 - storage.access_export - DEBUG - Access TXT file created: data/export/access\Extracted_Tables\iq__mtf_soft.txt
2026-05-19 16:23:37,913 - storage.access_export - DEBUG - Access TXT file created: data/export/access\Extracted_Tables\iq__mtf_hard.txt
2026-05-19 16:23:37,917 - storage.access_export - DEBUG - Access TXT file created: data/export/access\Extracted_Tables\iq__CT_getal_lineair.txt
2026-05-19 16:23:37,921 - storage.access_export - DEBUG - Access TXT file created: data/export/access\Extracted_Tables\iq__correlatie.txt
2026-05-19 16:23:37,926 - storage.access_export - DEBUG - Access TXT file created: data/export/access\Extracted_Tables\iq__DS_CT_getal_lineair_mixed.txt
2026-05-19 16:23:37,930 - storage.access_export - DEBUG - Access TXT file created: data/export/access\Extracted_Tables\iq__DS_CT_getal_lineair_buisB.txt
2026-05-19 16:23:37,936 - storage.access_export - DEBUG - Access TXT file created: data/export/access\Extracted_Tables\iq__DS_HU_water_lucht_mixed.txt
2026-05-19 16:23:37,940 - storage.access_export - DEBUG - Access TXT file created: data/export/access\Extracted_Tables\iq__DS_uniformiteit_mixed.txt
2026-05-19 16:23:37,944 - storage.access_export - DEBUG - Access TXT file created: data/export/access\Extracted_Tables\iq__DS_uniformiteit_mixed_summary.txt
2026-05-19 16:23:37,950 - storage.access_export - DEBUG - Access TXT file created: data/export/access\Extracted_Tables\iq__DS_uniformiteit_buisB.txt
2026-05-19 16:23:37,954 - storage.access_export - DEBUG - Access TXT file created: data/export/access\Extracted_Tables\iq__DS_uniformiteit_buisB_summary.txt
2026-05-19 16:23:37,958 - storage.access_export - DEBUG - Access TXT file created: data/export/access\Extracted_Tables\iq__DS_correlatie_mixed.txt
2026-05-19 16:23:37,962 - storage.access_export - DEBUG - Access TXT file created: data/export/access\Extracted_Tables\iq__DS_correlatie_buisB.txt
2026-05-19 16:23:37,967 - storage.access_export - DEBUG - Access TXT file created: data/export/access\Extracted_Tables\geometry__slice_thickness_gt2mm.txt
2026-05-19 16:23:37,971 - storage.access_export - DEBUG - Access TXT file created: data/export/access\Extracted_Tables\geometry__slice_thickness_lt2mm.txt
2026-05-19 16:23:37,975 - storage.access_export - DEBUG - Access TXT file created: data/export/access\Extracted_Tables\protocols__adult.txt
2026-05-19 16:23:37,979 - storage.access_export - DEBUG - Access TXT file created: data/export/access\Extracted_Tables\protocols__pediatric.txt
2026-05-19 16:23:37,994 - storage.access_export - DEBUG - Access TXT file created: data/export/access\Extracted_Tables\dose__CTDI16_settings.txt
2026-05-19 16:23:38,003 - storage.access_export - DEBUG - Access TXT file created: data/export/access\Extracted_Tables\meta__phantoms.txt
2026-05-19 16:23:38,019 - storage.access_export - DEBUG - Access TXT file created: data/export/access\Extracted_Tables\meta__qa_visit.txt
2026-05-19 16:23:38,038 - storage.access_export - DEBUG - Access TXT file created: data/export/access\Extracted_Tables\meta__scanner.txt
2026-05-19 16:23:38,048 - storage.access_export - DEBUG - Access TXT file created: data/export/access\Metadata\Scalar_Records.txt
2026-05-19 16:23:38,054 - storage.access_export - DEBUG - Access TXT file created: data/export/access\Metadata\Named_Results.txt
2026-05-19 16:23:38,081 - storage.access_export - DEBUG - Access TXT file created: data/export/access\Metadata\Extracted_Fields.txt
2026-05-19 16:23:38,084 - storage.access_export - DEBUG - Access TXT file created: data/export/access\Metadata\Extraction_Metadata.txt
2026-05-19 16:23:38,084 - storage.access_export - INFO - Access export completed for QAVisit 617393
2026-05-19 16:23:38,159 - core.audit - INFO - [SUCCESS] Orchestrator.ProcessingComplete: File processed successfully | File: QC300_0924_01979CT-PETCT9.xlsm
2026-05-19 16:23:38,160 - core.audit - INFO - [INFO] Orchestrator.ProcessingStart: Start processing file | File: QC300_1024_01835CT-CT14 .xlsm
2026-05-19 16:23:38,161 - engine.extraction_engine - INFO - Extraction des donnees depuis: data/raw/Excel/QC300_1024_01835CT-CT14 .xlsm
2026-05-19 16:23:55,386 - engine.extraction_engine - INFO - Extraction terminee: 169 champs, 41 tables, 18 named results
2026-05-19 16:23:55,390 - models.qa_visit - WARNING - Utilisation QAID fallback: 635390
2026-05-19 16:23:55,392 - models.qa_visit - WARNING - No Linktable match for normalized QAMPR 1835
2026-05-19 16:23:55,393 - core.audit - WARNING - [WARNING] QAVisit.ReferenceResolutionNoMatch: No Linktable match for normalized QAMPR 1835
2026-05-19 16:23:55,393 - core.audit - INFO - [INFO] QAVisit.Created: QAVisit 635390 created successfully
2026-05-19 16:23:55,393 - models.qa_visit - INFO - QAVisit 635390 ready for HDF5 persistence
2026-05-19 16:23:55,418 - storage.parquet_export - WARNING - Could not export Geometry data: Cannot save file into a non-existent directory: 'data\export\parquet\year=2024\hospital=None\system=None\geometry_geometry'
2026-05-19 16:23:55,420 - storage.parquet_export - WARNING - Could not export Noise data: Cannot save file into a non-existent directory: 'data\export\parquet\year=2024\hospital=None\system=None\noise_noise'
2026-05-19 16:23:55,649 - storage.parquet_export - WARNING - Could not export auxiliary results: unhashable type: 'list'
2026-05-19 16:23:55,661 - storage.parquet_export - WARNING - Could not export QA results: unhashable type: 'list'
2026-05-19 16:23:55,669 - storage.parquet_export - INFO - Parquet export completed for QAVisit 635390
2026-05-19 16:23:55,673 - storage.access_export - DEBUG - Access TXT file created: data/export/access\Metadata\QAVisit.txt
2026-05-19 16:23:55,679 - storage.access_export - DEBUG - Access TXT file created: data/export/access\Extracted_Tables\meta__measurement_equipment.txt
2026-05-19 16:23:55,684 - storage.access_export - DEBUG - Access TXT file created: data/export/access\Extracted_Tables\tube_voltage__accuracy.txt
2026-05-19 16:23:55,688 - storage.access_export - DEBUG - Access TXT file created: data/export/access\Extracted_Tables\tube_voltage__reproducibility.txt
2026-05-19 16:23:55,696 - storage.access_export - DEBUG - Access TXT file created: data/export/access\Extracted_Tables\geometry__geometric_efficiency.txt
2026-05-19 16:23:55,701 - storage.access_export - DEBUG - Access TXT file created: data/export/access\Extracted_Tables\geometry__positioning_light.txt
2026-05-19 16:23:55,708 - storage.access_export - DEBUG - Access TXT file created: data/export/access\Extracted_Tables\geometry__table_travel.txt
2026-05-19 16:23:55,713 - storage.access_export - DEBUG - Access TXT file created: data/export/access\Extracted_Tables\geometry__overscan.txt
2026-05-19 16:23:55,719 - storage.access_export - DEBUG - Access TXT file created: data/export/access\Extracted_Tables\geometry__increment.txt
2026-05-19 16:23:55,725 - storage.access_export - DEBUG - Access TXT file created: data/export/access\Extracted_Tables\geometry__pixel_size.txt
2026-05-19 16:23:55,729 - storage.access_export - DEBUG - Access TXT file created: data/export/access\Extracted_Tables\geometry__circular_symmetry.txt
2026-05-19 16:23:55,734 - storage.access_export - DEBUG - Access TXT file created: data/export/access\Extracted_Tables\dose__CTDI32_reproducibility.txt
2026-05-19 16:23:55,738 - storage.access_export - DEBUG - Access TXT file created: data/export/access\Extracted_Tables\dose__CTDI32_kV.txt
2026-05-19 16:23:55,743 - storage.access_export - DEBUG - Access TXT file created: data/export/access\Extracted_Tables\dose__CTDI32_kV_deviation.txt
2026-05-19 16:23:55,749 - storage.access_export - DEBUG - Access TXT file created: data/export/access\Extracted_Tables\dose__CTDI32_collimation.txt
2026-05-19 16:23:55,753 - storage.access_export - DEBUG - Access TXT file created: data/export/access\Extracted_Tables\dose__CTDI32_linearity.txt
2026-05-19 16:23:55,757 - storage.access_export - DEBUG - Access TXT file created: data/export/access\Extracted_Tables\dose__CTDI32_linearity_iterative.txt
2026-05-19 16:23:55,761 - storage.access_export - DEBUG - Access TXT file created: data/export/access\Extracted_Tables\dose__CTDI32_verification_standard.txt
2026-05-19 16:23:55,764 - storage.access_export - DEBUG - Access TXT file created: data/export/access\Extracted_Tables\dose__CTDI32_verification_DS.txt
2026-05-19 16:23:55,770 - storage.access_export - DEBUG - Access TXT file created: data/export/access\Extracted_Tables\noise__detector_row.txt
2026-05-19 16:23:55,775 - storage.access_export - DEBUG - Access TXT file created: data/export/access\Extracted_Tables\tcm__z_dikte_tcm_aan.txt
2026-05-19 16:23:55,780 - storage.access_export - DEBUG - Access TXT file created: data/export/access\Extracted_Tables\tcm__z_dikte_tcm_af.txt
2026-05-19 16:23:55,784 - storage.access_export - DEBUG - Access TXT file created: data/export/access\Extracted_Tables\tcm__z_densiteit_tcm_aan.txt
2026-05-19 16:23:55,789 - storage.access_export - DEBUG - Access TXT file created: data/export/access\Extracted_Tables\tcm__z_densiteit_tcm_af.txt
2026-05-19 16:23:55,793 - storage.access_export - DEBUG - Access TXT file created: data/export/access\Extracted_Tables\dose__CTDI16_kV.txt
2026-05-19 16:23:55,798 - storage.access_export - DEBUG - Access TXT file created: data/export/access\Extracted_Tables\iq__DS_CT_getal_lineair_mixed.txt
2026-05-19 16:23:55,803 - storage.access_export - DEBUG - Access TXT file created: data/export/access\Extracted_Tables\iq__DS_CT_getal_lineair_buisB.txt
2026-05-19 16:23:55,808 - storage.access_export - DEBUG - Access TXT file created: data/export/access\Extracted_Tables\iq__DS_HU_water_lucht_mixed.txt
2026-05-19 16:23:55,813 - storage.access_export - DEBUG - Access TXT file created: data/export/access\Extracted_Tables\iq__DS_HU_water_lucht_buisB.txt
2026-05-19 16:23:55,818 - storage.access_export - DEBUG - Access TXT file created: data/export/access\Extracted_Tables\iq__DS_uniformiteit_mixed.txt
2026-05-19 16:23:55,821 - storage.access_export - DEBUG - Access TXT file created: data/export/access\Extracted_Tables\iq__DS_uniformiteit_buisB_summary.txt
2026-05-19 16:23:55,827 - storage.access_export - DEBUG - Access TXT file created: data/export/access\Extracted_Tables\iq__DS_correlatie_mixed.txt
2026-05-19 16:23:55,831 - storage.access_export - DEBUG - Access TXT file created: data/export/access\Extracted_Tables\geometry__slice_thickness_gt2mm.txt
2026-05-19 16:23:55,835 - storage.access_export - DEBUG - Access TXT file created: data/export/access\Extracted_Tables\geometry__slice_thickness_lt2mm.txt
2026-05-19 16:23:55,838 - storage.access_export - DEBUG - Access TXT file created: data/export/access\Extracted_Tables\protocols__adult.txt
2026-05-19 16:23:55,843 - storage.access_export - DEBUG - Access TXT file created: data/export/access\Extracted_Tables\protocols__pediatric.txt
2026-05-19 16:23:55,858 - storage.access_export - DEBUG - Access TXT file created: data/export/access\Extracted_Tables\dose__CTDI16_settings.txt
2026-05-19 16:23:55,870 - storage.access_export - DEBUG - Access TXT file created: data/export/access\Extracted_Tables\iq__DS_uniformiteit_buisB.txt
2026-05-19 16:23:55,880 - storage.access_export - DEBUG - Access TXT file created: data/export/access\Extracted_Tables\meta__phantoms.txt
2026-05-19 16:23:55,895 - storage.access_export - DEBUG - Access TXT file created: data/export/access\Extracted_Tables\meta__qa_visit.txt
2026-05-19 16:23:55,914 - storage.access_export - DEBUG - Access TXT file created: data/export/access\Extracted_Tables\meta__scanner.txt
2026-05-19 16:23:55,922 - storage.access_export - DEBUG - Access TXT file created: data/export/access\Metadata\Scalar_Records.txt
2026-05-19 16:23:55,927 - storage.access_export - DEBUG - Access TXT file created: data/export/access\Metadata\Named_Results.txt
2026-05-19 16:23:55,944 - storage.access_export - DEBUG - Access TXT file created: data/export/access\Metadata\Extracted_Fields.txt
2026-05-19 16:23:55,946 - storage.access_export - DEBUG - Access TXT file created: data/export/access\Metadata\Extraction_Metadata.txt
2026-05-19 16:23:55,947 - storage.access_export - INFO - Access export completed for QAVisit 635390
2026-05-19 16:23:56,000 - core.audit - INFO - [SUCCESS] Orchestrator.ProcessingComplete: File processed successfully | File: QC300_1024_01835CT-CT14 .xlsm
2026-05-19 16:23:56,002 - core.audit - INFO - [INFO] Orchestrator.BatchComplete: Batch processing completed
2026-05-19 16:23:56,044 - storage.hdf5_store - DEBUG - Table AuditTrail saved (82 rows)
2026-05-19 16:23:56,044 - core.audit - INFO - Audit data exported to HDF5: 41 events
2026-05-19 16:23:56,063 - core.audit - INFO - Audit data exported to Parquet: 41 events
2026-05-19 16:23:56,066 - storage.hdf5_store - INFO - HDF5 store closed
2026-05-25 16:55:33,380 - core.selector - INFO - TemplateSelector initialisé - template unique: ctqc_base
2026-05-25 16:55:33,381 - core.audit - INFO - [INFO] Orchestrator.ProcessingStart: Start processing file | File: QC300_0524_00770CT-PETCTTruepoint.xlsm
2026-05-25 16:55:33,685 - core.sidecar - INFO - Sidecar loaded: ctqc_base (version: 6.8)
2026-05-25 16:55:33,686 - engine.extraction_engine - INFO - Extraction des donnees depuis: data\raw\Excel\QC300_0524_00770CT-PETCTTruepoint.xlsm
2026-05-25 16:56:33,077 - engine.extraction_engine - INFO - Extraction terminee: 317 champs, 57 tables, 22 named results
2026-05-25 16:56:33,082 - models.qa_visit - WARNING - Utilisation QAID fallback: 993082
2026-05-25 16:56:33,098 - core.audit - INFO - [INFO] QAVisit.ReferencesResolved: References resolved successfully
2026-05-25 16:56:33,098 - core.audit - INFO - [INFO] QAVisit.Created: QAVisit 993082 created successfully
2026-05-25 16:56:33,099 - models.qa_visit - INFO - QAVisit 993082 ready for HDF5 persistence
2026-05-25 16:56:34,036 - storage.parquet_export - WARNING - Could not export Geometry data: Cannot save file into a non-existent directory: 'data\export\parquet\year=2024\hospital=300\system=8\geometry_geometry'
2026-05-25 16:56:34,039 - storage.parquet_export - WARNING - Could not export Noise data: Cannot save file into a non-existent directory: 'data\export\parquet\year=2024\hospital=300\system=8\noise_noise'
2026-05-25 16:56:34,398 - storage.parquet_export - WARNING - Could not export auxiliary results: unhashable type: 'list'
2026-05-25 16:56:34,414 - storage.parquet_export - WARNING - Could not export QA results: unhashable type: 'list'
2026-05-25 16:56:34,424 - storage.parquet_export - INFO - Parquet export completed for QAVisit 993082
2026-05-25 16:56:34,432 - storage.access_export - DEBUG - Access TXT file created: data\export\access\Metadata\QAVisit.txt
2026-05-25 16:56:34,438 - storage.access_export - DEBUG - Access TXT file created: data\export\access\Extracted_Tables\meta__measurement_equipment.txt
2026-05-25 16:56:34,445 - storage.access_export - DEBUG - Access TXT file created: data\export\access\Extracted_Tables\tube_voltage__accuracy.txt
2026-05-25 16:56:34,451 - storage.access_export - DEBUG - Access TXT file created: data\export\access\Extracted_Tables\tube_voltage__reproducibility.txt
2026-05-25 16:56:34,459 - storage.access_export - DEBUG - Access TXT file created: data\export\access\Extracted_Tables\geometry__geometric_efficiency.txt
2026-05-25 16:56:34,466 - storage.access_export - DEBUG - Access TXT file created: data\export\access\Extracted_Tables\geometry__positioning_light.txt
2026-05-25 16:56:34,472 - storage.access_export - DEBUG - Access TXT file created: data\export\access\Extracted_Tables\geometry__table_travel.txt
2026-05-25 16:56:34,478 - storage.access_export - DEBUG - Access TXT file created: data\export\access\Extracted_Tables\geometry__overscan.txt
2026-05-25 16:56:34,484 - storage.access_export - DEBUG - Access TXT file created: data\export\access\Extracted_Tables\geometry__increment.txt
2026-05-25 16:56:34,490 - storage.access_export - DEBUG - Access TXT file created: data\export\access\Extracted_Tables\geometry__pixel_size.txt
2026-05-25 16:56:34,495 - storage.access_export - DEBUG - Access TXT file created: data\export\access\Extracted_Tables\geometry__circular_symmetry.txt
2026-05-25 16:56:34,500 - storage.access_export - DEBUG - Access TXT file created: data\export\access\Extracted_Tables\dose__CTDI32_reproducibility.txt
2026-05-25 16:56:34,506 - storage.access_export - DEBUG - Access TXT file created: data\export\access\Extracted_Tables\dose__CTDI32_kV.txt
2026-05-25 16:56:34,513 - storage.access_export - DEBUG - Access TXT file created: data\export\access\Extracted_Tables\dose__CTDI32_kV_deviation.txt
2026-05-25 16:56:34,519 - storage.access_export - DEBUG - Access TXT file created: data\export\access\Extracted_Tables\dose__CTDI32_collimation.txt
2026-05-25 16:56:34,524 - storage.access_export - DEBUG - Access TXT file created: data\export\access\Extracted_Tables\dose__CTDI32_linearity.txt
2026-05-25 16:56:34,530 - storage.access_export - DEBUG - Access TXT file created: data\export\access\Extracted_Tables\dose__CTDI32_linearity_iterative.txt
2026-05-25 16:56:34,536 - storage.access_export - DEBUG - Access TXT file created: data\export\access\Extracted_Tables\dose__CTDI32_verification_standard.txt
2026-05-25 16:56:34,542 - storage.access_export - DEBUG - Access TXT file created: data\export\access\Extracted_Tables\noise__detector_row.txt
2026-05-25 16:56:34,548 - storage.access_export - DEBUG - Access TXT file created: data\export\access\Extracted_Tables\tcm__z_dikte_tcm_aan.txt
2026-05-25 16:56:34,554 - storage.access_export - DEBUG - Access TXT file created: data\export\access\Extracted_Tables\tcm__z_dikte_tcm_af.txt
2026-05-25 16:56:34,559 - storage.access_export - DEBUG - Access TXT file created: data\export\access\Extracted_Tables\tcm__z_densiteit_tcm_aan.txt
2026-05-25 16:56:34,565 - storage.access_export - DEBUG - Access TXT file created: data\export\access\Extracted_Tables\tcm__z_densiteit_tcm_af.txt
2026-05-25 16:56:34,571 - storage.access_export - DEBUG - Access TXT file created: data\export\access\Extracted_Tables\dose__CTDI16_kV.txt
2026-05-25 16:56:34,578 - storage.access_export - DEBUG - Access TXT file created: data\export\access\Extracted_Tables\CT_nummer_ruis_in_tijd__longitudinal.txt
2026-05-25 16:56:34,586 - storage.access_export - DEBUG - Access TXT file created: data\export\access\Extracted_Tables\uniformiteit__summary_table.txt
2026-05-25 16:56:34,593 - storage.access_export - DEBUG - Access TXT file created: data\export\access\Extracted_Tables\iq__uniformiteit_main.txt
2026-05-25 16:56:34,600 - storage.access_export - DEBUG - Access TXT file created: data\export\access\Extracted_Tables\hoog_contrast_fwhm__longitudinal.txt
2026-05-25 16:56:34,606 - storage.access_export - DEBUG - Access TXT file created: data\export\access\Extracted_Tables\iq__mtf_soft.txt
2026-05-25 16:56:34,613 - storage.access_export - DEBUG - Access TXT file created: data\export\access\Extracted_Tables\iq__mtf_hard.txt
2026-05-25 16:56:34,619 - storage.access_export - DEBUG - Access TXT file created: data\export\access\Extracted_Tables\iq__CT_getal_lineair.txt
2026-05-25 16:56:34,626 - storage.access_export - DEBUG - Access TXT file created: data\export\access\Extracted_Tables\iq__correlatie.txt
2026-05-25 16:56:34,631 - storage.access_export - DEBUG - Access TXT file created: data\export\access\Extracted_Tables\iq__DS_CT_getal_lineair_mixed.txt
2026-05-25 16:56:34,638 - storage.access_export - DEBUG - Access TXT file created: data\export\access\Extracted_Tables\iq__DS_CT_getal_lineair_buisB.txt
2026-05-25 16:56:34,643 - storage.access_export - DEBUG - Access TXT file created: data\export\access\Extracted_Tables\iq__DS_HU_water_lucht_mixed.txt
2026-05-25 16:56:34,649 - storage.access_export - DEBUG - Access TXT file created: data\export\access\Extracted_Tables\iq__DS_uniformiteit_mixed.txt
2026-05-25 16:56:34,654 - storage.access_export - DEBUG - Access TXT file created: data\export\access\Extracted_Tables\iq__DS_uniformiteit_mixed_summary.txt
2026-05-25 16:56:34,659 - storage.access_export - DEBUG - Access TXT file created: data\export\access\Extracted_Tables\iq__DS_uniformiteit_buisB.txt
2026-05-25 16:56:34,664 - storage.access_export - DEBUG - Access TXT file created: data\export\access\Extracted_Tables\iq__DS_uniformiteit_buisB_summary.txt
2026-05-25 16:56:34,669 - storage.access_export - DEBUG - Access TXT file created: data\export\access\Extracted_Tables\iq__DS_correlatie_mixed.txt
2026-05-25 16:56:34,675 - storage.access_export - DEBUG - Access TXT file created: data\export\access\Extracted_Tables\iq__DS_correlatie_buisB.txt
2026-05-25 16:56:34,680 - storage.access_export - DEBUG - Access TXT file created: data\export\access\Extracted_Tables\geometry__slice_thickness_gt2mm.txt
2026-05-25 16:56:34,684 - storage.access_export - DEBUG - Access TXT file created: data\export\access\Extracted_Tables\geometry__slice_thickness_lt2mm.txt
2026-05-25 16:56:34,689 - storage.access_export - DEBUG - Access TXT file created: data\export\access\Extracted_Tables\protocols__adult.txt
2026-05-25 16:56:34,694 - storage.access_export - DEBUG - Access TXT file created: data\export\access\Extracted_Tables\protocols__pediatric.txt
2026-05-25 16:56:34,730 - storage.access_export - DEBUG - Access TXT file created: data\export\access\Extracted_Tables\dose__CTDI16_settings.txt
2026-05-25 16:56:34,741 - storage.access_export - DEBUG - Access TXT file created: data\export\access\Extracted_Tables\meta__phantoms.txt
2026-05-25 16:56:34,760 - storage.access_export - DEBUG - Access TXT file created: data\export\access\Extracted_Tables\meta__qa_visit.txt
2026-05-25 16:56:34,779 - storage.access_export - DEBUG - Access TXT file created: data\export\access\Extracted_Tables\meta__scanner.txt
2026-05-25 16:56:34,789 - storage.access_export - DEBUG - Access TXT file created: data\export\access\Metadata\Scalar_Records.txt
2026-05-25 16:56:34,796 - storage.access_export - DEBUG - Access TXT file created: data\export\access\Metadata\Named_Results.txt
2026-05-25 16:56:34,821 - storage.access_export - DEBUG - Access TXT file created: data\export\access\Metadata\Extracted_Fields.txt
2026-05-25 16:56:34,824 - storage.access_export - DEBUG - Access TXT file created: data\export\access\Metadata\Extraction_Metadata.txt
2026-05-25 16:56:34,824 - storage.access_export - INFO - Access export completed for QAVisit 993082
2026-05-25 16:56:34,912 - core.audit - INFO - [SUCCESS] Orchestrator.ProcessingComplete: File processed successfully | File: QC300_0524_00770CT-PETCTTruepoint.xlsm
2026-05-25 16:56:34,914 - core.audit - INFO - [INFO] Orchestrator.ProcessingStart: Start processing file | File: QC300_0524_01005CT-SPECTSymbia2.xlsm
2026-05-25 16:56:34,914 - engine.extraction_engine - INFO - Extraction des donnees depuis: data\raw\Excel\QC300_0524_01005CT-SPECTSymbia2.xlsm
2026-05-25 16:57:26,684 - engine.extraction_engine - INFO - Extraction terminee: 317 champs, 58 tables, 22 named results
2026-05-25 16:57:26,688 - models.qa_visit - WARNING - Utilisation QAID fallback: 46688
2026-05-25 16:57:26,695 - core.audit - INFO - [INFO] QAVisit.ReferencesResolved: References resolved successfully
2026-05-25 16:57:26,696 - core.audit - INFO - [INFO] QAVisit.Created: QAVisit 46688 created successfully
2026-05-25 16:57:26,696 - models.qa_visit - INFO - QAVisit 46688 ready for HDF5 persistence
2026-05-25 16:57:26,739 - storage.parquet_export - WARNING - Could not export Geometry data: Cannot save file into a non-existent directory: 'data\export\parquet\year=2024\hospital=300\system=34\geometry_geometry'
2026-05-25 16:57:26,742 - storage.parquet_export - WARNING - Could not export Noise data: Cannot save file into a non-existent directory: 'data\export\parquet\year=2024\hospital=300\system=34\noise_noise'
2026-05-25 16:57:27,109 - storage.parquet_export - WARNING - Could not export auxiliary results: unhashable type: 'list'
2026-05-25 16:57:27,125 - storage.parquet_export - WARNING - Could not export QA results: unhashable type: 'list'
2026-05-25 16:57:27,133 - storage.parquet_export - INFO - Parquet export completed for QAVisit 46688
2026-05-25 16:57:27,140 - storage.access_export - DEBUG - Access TXT file created: data\export\access\Metadata\QAVisit.txt
2026-05-25 16:57:27,146 - storage.access_export - DEBUG - Access TXT file created: data\export\access\Extracted_Tables\meta__measurement_equipment.txt
2026-05-25 16:57:27,153 - storage.access_export - DEBUG - Access TXT file created: data\export\access\Extracted_Tables\tube_voltage__accuracy.txt
2026-05-25 16:57:27,159 - storage.access_export - DEBUG - Access TXT file created: data\export\access\Extracted_Tables\tube_voltage__reproducibility.txt
2026-05-25 16:57:27,166 - storage.access_export - DEBUG - Access TXT file created: data\export\access\Extracted_Tables\geometry__geometric_efficiency.txt
2026-05-25 16:57:27,172 - storage.access_export - DEBUG - Access TXT file created: data\export\access\Extracted_Tables\geometry__positioning_light.txt
2026-05-25 16:57:27,178 - storage.access_export - DEBUG - Access TXT file created: data\export\access\Extracted_Tables\geometry__table_travel.txt
2026-05-25 16:57:27,183 - storage.access_export - DEBUG - Access TXT file created: data\export\access\Extracted_Tables\geometry__overscan.txt
2026-05-25 16:57:27,189 - storage.access_export - DEBUG - Access TXT file created: data\export\access\Extracted_Tables\geometry__increment.txt
2026-05-25 16:57:27,194 - storage.access_export - DEBUG - Access TXT file created: data\export\access\Extracted_Tables\geometry__pixel_size.txt
2026-05-25 16:57:27,200 - storage.access_export - DEBUG - Access TXT file created: data\export\access\Extracted_Tables\geometry__circular_symmetry.txt
2026-05-25 16:57:27,204 - storage.access_export - DEBUG - Access TXT file created: data\export\access\Extracted_Tables\dose__CTDI32_reproducibility.txt
2026-05-25 16:57:27,209 - storage.access_export - DEBUG - Access TXT file created: data\export\access\Extracted_Tables\dose__CTDI32_kV.txt
2026-05-25 16:57:27,215 - storage.access_export - DEBUG - Access TXT file created: data\export\access\Extracted_Tables\dose__CTDI32_kV_deviation.txt
2026-05-25 16:57:27,219 - storage.access_export - DEBUG - Access TXT file created: data\export\access\Extracted_Tables\dose__CTDI32_collimation.txt
2026-05-25 16:57:27,224 - storage.access_export - DEBUG - Access TXT file created: data\export\access\Extracted_Tables\dose__CTDI32_linearity.txt
2026-05-25 16:57:27,229 - storage.access_export - DEBUG - Access TXT file created: data\export\access\Extracted_Tables\dose__CTDI32_linearity_iterative.txt
2026-05-25 16:57:27,234 - storage.access_export - DEBUG - Access TXT file created: data\export\access\Extracted_Tables\dose__CTDI32_verification_standard.txt
2026-05-25 16:57:27,239 - storage.access_export - DEBUG - Access TXT file created: data\export\access\Extracted_Tables\dose__CTDI32_verification_DS.txt
2026-05-25 16:57:27,244 - storage.access_export - DEBUG - Access TXT file created: data\export\access\Extracted_Tables\noise__detector_row.txt
2026-05-25 16:57:27,250 - storage.access_export - DEBUG - Access TXT file created: data\export\access\Extracted_Tables\tcm__z_dikte_tcm_aan.txt
2026-05-25 16:57:27,257 - storage.access_export - DEBUG - Access TXT file created: data\export\access\Extracted_Tables\tcm__z_dikte_tcm_af.txt
2026-05-25 16:57:27,262 - storage.access_export - DEBUG - Access TXT file created: data\export\access\Extracted_Tables\tcm__z_densiteit_tcm_aan.txt
2026-05-25 16:57:27,267 - storage.access_export - DEBUG - Access TXT file created: data\export\access\Extracted_Tables\tcm__z_densiteit_tcm_af.txt
2026-05-25 16:57:27,272 - storage.access_export - DEBUG - Access TXT file created: data\export\access\Extracted_Tables\dose__CTDI16_kV.txt
2026-05-25 16:57:27,277 - storage.access_export - DEBUG - Access TXT file created: data\export\access\Extracted_Tables\CT_nummer_ruis_in_tijd__longitudinal.txt
2026-05-25 16:57:27,282 - storage.access_export - DEBUG - Access TXT file created: data\export\access\Extracted_Tables\uniformiteit__summary_table.txt
2026-05-25 16:57:27,287 - storage.access_export - DEBUG - Access TXT file created: data\export\access\Extracted_Tables\iq__uniformiteit_main.txt
2026-05-25 16:57:27,292 - storage.access_export - DEBUG - Access TXT file created: data\export\access\Extracted_Tables\hoog_contrast_fwhm__longitudinal.txt
2026-05-25 16:57:27,299 - storage.access_export - DEBUG - Access TXT file created: data\export\access\Extracted_Tables\iq__mtf_soft.txt
2026-05-25 16:57:27,305 - storage.access_export - DEBUG - Access TXT file created: data\export\access\Extracted_Tables\iq__mtf_hard.txt
2026-05-25 16:57:27,309 - storage.access_export - DEBUG - Access TXT file created: data\export\access\Extracted_Tables\iq__CT_getal_lineair.txt
2026-05-25 16:57:27,315 - storage.access_export - DEBUG - Access TXT file created: data\export\access\Extracted_Tables\iq__correlatie.txt
2026-05-25 16:57:27,321 - storage.access_export - DEBUG - Access TXT file created: data\export\access\Extracted_Tables\iq__DS_CT_getal_lineair_mixed.txt
2026-05-25 16:57:27,326 - storage.access_export - DEBUG - Access TXT file created: data\export\access\Extracted_Tables\iq__DS_CT_getal_lineair_buisB.txt
2026-05-25 16:57:27,332 - storage.access_export - DEBUG - Access TXT file created: data\export\access\Extracted_Tables\iq__DS_HU_water_lucht_mixed.txt
2026-05-25 16:57:27,337 - storage.access_export - DEBUG - Access TXT file created: data\export\access\Extracted_Tables\iq__DS_uniformiteit_mixed.txt
2026-05-25 16:57:27,343 - storage.access_export - DEBUG - Access TXT file created: data\export\access\Extracted_Tables\iq__DS_uniformiteit_mixed_summary.txt
2026-05-25 16:57:27,348 - storage.access_export - DEBUG - Access TXT file created: data\export\access\Extracted_Tables\iq__DS_uniformiteit_buisB.txt
2026-05-25 16:57:27,354 - storage.access_export - DEBUG - Access TXT file created: data\export\access\Extracted_Tables\iq__DS_uniformiteit_buisB_summary.txt
2026-05-25 16:57:27,358 - storage.access_export - DEBUG - Access TXT file created: data\export\access\Extracted_Tables\iq__DS_correlatie_mixed.txt
2026-05-25 16:57:27,363 - storage.access_export - DEBUG - Access TXT file created: data\export\access\Extracted_Tables\iq__DS_correlatie_buisB.txt
2026-05-25 16:57:27,367 - storage.access_export - DEBUG - Access TXT file created: data\export\access\Extracted_Tables\geometry__slice_thickness_gt2mm.txt
2026-05-25 16:57:27,372 - storage.access_export - DEBUG - Access TXT file created: data\export\access\Extracted_Tables\geometry__slice_thickness_lt2mm.txt
2026-05-25 16:57:27,377 - storage.access_export - DEBUG - Access TXT file created: data\export\access\Extracted_Tables\protocols__adult.txt
2026-05-25 16:57:27,382 - storage.access_export - DEBUG - Access TXT file created: data\export\access\Extracted_Tables\protocols__pediatric.txt
2026-05-25 16:57:27,401 - storage.access_export - DEBUG - Access TXT file created: data\export\access\Extracted_Tables\dose__CTDI16_settings.txt
2026-05-25 16:57:27,412 - storage.access_export - DEBUG - Access TXT file created: data\export\access\Extracted_Tables\meta__phantoms.txt
2026-05-25 16:57:27,430 - storage.access_export - DEBUG - Access TXT file created: data\export\access\Extracted_Tables\meta__qa_visit.txt
2026-05-25 16:57:27,449 - storage.access_export - DEBUG - Access TXT file created: data\export\access\Extracted_Tables\meta__scanner.txt
2026-05-25 16:57:27,459 - storage.access_export - DEBUG - Access TXT file created: data\export\access\Metadata\Scalar_Records.txt
2026-05-25 16:57:27,466 - storage.access_export - DEBUG - Access TXT file created: data\export\access\Metadata\Named_Results.txt
2026-05-25 16:57:27,492 - storage.access_export - DEBUG - Access TXT file created: data\export\access\Metadata\Extracted_Fields.txt
2026-05-25 16:57:27,495 - storage.access_export - DEBUG - Access TXT file created: data\export\access\Metadata\Extraction_Metadata.txt
2026-05-25 16:57:27,495 - storage.access_export - INFO - Access export completed for QAVisit 46688
2026-05-25 16:57:27,576 - core.audit - INFO - [SUCCESS] Orchestrator.ProcessingComplete: File processed successfully | File: QC300_0524_01005CT-SPECTSymbia2.xlsm
2026-05-25 16:57:27,578 - core.audit - INFO - [INFO] Orchestrator.ProcessingStart: Start processing file | File: QC300_0524_01319CT-SPECTGE.xlsm
2026-05-25 16:57:27,578 - engine.extraction_engine - INFO - Extraction des donnees depuis: data\raw\Excel\QC300_0524_01319CT-SPECTGE.xlsm
2026-05-25 16:58:23,791 - engine.extraction_engine - INFO - Extraction terminee: 317 champs, 58 tables, 22 named results
2026-05-25 16:58:23,797 - models.qa_visit - WARNING - Utilisation QAID fallback: 103797
2026-05-25 16:58:23,806 - core.audit - INFO - [INFO] QAVisit.ReferencesResolved: References resolved successfully
2026-05-25 16:58:23,806 - core.audit - INFO - [INFO] QAVisit.Created: QAVisit 103797 created successfully
2026-05-25 16:58:23,807 - models.qa_visit - INFO - QAVisit 103797 ready for HDF5 persistence
2026-05-25 16:58:23,846 - storage.parquet_export - WARNING - Could not export Geometry data: Cannot save file into a non-existent directory: 'data\export\parquet\year=2024\hospital=300\system=11\geometry_geometry'
2026-05-25 16:58:23,852 - storage.parquet_export - WARNING - Could not export Noise data: Cannot save file into a non-existent directory: 'data\export\parquet\year=2024\hospital=300\system=11\noise_noise'
2026-05-25 16:58:24,183 - storage.parquet_export - WARNING - Could not export auxiliary results: unhashable type: 'list'
2026-05-25 16:58:24,202 - storage.parquet_export - WARNING - Could not export QA results: unhashable type: 'list'
2026-05-25 16:58:24,210 - storage.parquet_export - INFO - Parquet export completed for QAVisit 103797
2026-05-25 16:58:24,215 - storage.access_export - DEBUG - Access TXT file created: data\export\access\Metadata\QAVisit.txt
2026-05-25 16:58:24,222 - storage.access_export - DEBUG - Access TXT file created: data\export\access\Extracted_Tables\meta__measurement_equipment.txt
2026-05-25 16:58:24,227 - storage.access_export - DEBUG - Access TXT file created: data\export\access\Extracted_Tables\tube_voltage__accuracy.txt
2026-05-25 16:58:24,234 - storage.access_export - DEBUG - Access TXT file created: data\export\access\Extracted_Tables\tube_voltage__reproducibility.txt
2026-05-25 16:58:24,240 - storage.access_export - DEBUG - Access TXT file created: data\export\access\Extracted_Tables\geometry__geometric_efficiency.txt
2026-05-25 16:58:24,245 - storage.access_export - DEBUG - Access TXT file created: data\export\access\Extracted_Tables\geometry__positioning_light.txt
2026-05-25 16:58:24,251 - storage.access_export - DEBUG - Access TXT file created: data\export\access\Extracted_Tables\geometry__table_travel.txt
2026-05-25 16:58:24,256 - storage.access_export - DEBUG - Access TXT file created: data\export\access\Extracted_Tables\geometry__overscan.txt
2026-05-25 16:58:24,262 - storage.access_export - DEBUG - Access TXT file created: data\export\access\Extracted_Tables\geometry__increment.txt
2026-05-25 16:58:24,267 - storage.access_export - DEBUG - Access TXT file created: data\export\access\Extracted_Tables\geometry__pixel_size.txt
2026-05-25 16:58:24,272 - storage.access_export - DEBUG - Access TXT file created: data\export\access\Extracted_Tables\geometry__circular_symmetry.txt
2026-05-25 16:58:24,277 - storage.access_export - DEBUG - Access TXT file created: data\export\access\Extracted_Tables\dose__CTDI32_reproducibility.txt
2026-05-25 16:58:24,282 - storage.access_export - DEBUG - Access TXT file created: data\export\access\Extracted_Tables\dose__CTDI32_kV.txt
2026-05-25 16:58:24,287 - storage.access_export - DEBUG - Access TXT file created: data\export\access\Extracted_Tables\dose__CTDI32_kV_deviation.txt
2026-05-25 16:58:24,292 - storage.access_export - DEBUG - Access TXT file created: data\export\access\Extracted_Tables\dose__CTDI32_collimation.txt
2026-05-25 16:58:24,298 - storage.access_export - DEBUG - Access TXT file created: data\export\access\Extracted_Tables\dose__CTDI32_linearity.txt
2026-05-25 16:58:24,303 - storage.access_export - DEBUG - Access TXT file created: data\export\access\Extracted_Tables\dose__CTDI32_linearity_iterative.txt
2026-05-25 16:58:24,307 - storage.access_export - DEBUG - Access TXT file created: data\export\access\Extracted_Tables\dose__CTDI32_verification_standard.txt
2026-05-25 16:58:24,314 - storage.access_export - DEBUG - Access TXT file created: data\export\access\Extracted_Tables\dose__CTDI32_verification_DS.txt
2026-05-25 16:58:24,319 - storage.access_export - DEBUG - Access TXT file created: data\export\access\Extracted_Tables\noise__detector_row.txt
2026-05-25 16:58:24,326 - storage.access_export - DEBUG - Access TXT file created: data\export\access\Extracted_Tables\tcm__z_dikte_tcm_aan.txt
2026-05-25 16:58:24,332 - storage.access_export - DEBUG - Access TXT file created: data\export\access\Extracted_Tables\tcm__z_dikte_tcm_af.txt
2026-05-25 16:58:24,338 - storage.access_export - DEBUG - Access TXT file created: data\export\access\Extracted_Tables\tcm__z_densiteit_tcm_aan.txt
2026-05-25 16:58:24,343 - storage.access_export - DEBUG - Access TXT file created: data\export\access\Extracted_Tables\tcm__z_densiteit_tcm_af.txt
2026-05-25 16:58:24,348 - storage.access_export - DEBUG - Access TXT file created: data\export\access\Extracted_Tables\dose__CTDI16_kV.txt
2026-05-25 16:58:24,354 - storage.access_export - DEBUG - Access TXT file created: data\export\access\Extracted_Tables\CT_nummer_ruis_in_tijd__longitudinal.txt
2026-05-25 16:58:24,359 - storage.access_export - DEBUG - Access TXT file created: data\export\access\Extracted_Tables\uniformiteit__summary_table.txt
2026-05-25 16:58:24,364 - storage.access_export - DEBUG - Access TXT file created: data\export\access\Extracted_Tables\iq__uniformiteit_main.txt
2026-05-25 16:58:24,369 - storage.access_export - DEBUG - Access TXT file created: data\export\access\Extracted_Tables\hoog_contrast_fwhm__longitudinal.txt
2026-05-25 16:58:24,375 - storage.access_export - DEBUG - Access TXT file created: data\export\access\Extracted_Tables\iq__mtf_soft.txt
2026-05-25 16:58:24,380 - storage.access_export - DEBUG - Access TXT file created: data\export\access\Extracted_Tables\iq__mtf_hard.txt
2026-05-25 16:58:24,385 - storage.access_export - DEBUG - Access TXT file created: data\export\access\Extracted_Tables\iq__CT_getal_lineair.txt
2026-05-25 16:58:24,390 - storage.access_export - DEBUG - Access TXT file created: data\export\access\Extracted_Tables\iq__correlatie.txt
2026-05-25 16:58:24,395 - storage.access_export - DEBUG - Access TXT file created: data\export\access\Extracted_Tables\iq__DS_CT_getal_lineair_mixed.txt
2026-05-25 16:58:24,401 - storage.access_export - DEBUG - Access TXT file created: data\export\access\Extracted_Tables\iq__DS_CT_getal_lineair_buisB.txt
2026-05-25 16:58:24,406 - storage.access_export - DEBUG - Access TXT file created: data\export\access\Extracted_Tables\iq__DS_HU_water_lucht_mixed.txt
2026-05-25 16:58:24,412 - storage.access_export - DEBUG - Access TXT file created: data\export\access\Extracted_Tables\iq__DS_uniformiteit_mixed.txt
2026-05-25 16:58:24,418 - storage.access_export - DEBUG - Access TXT file created: data\export\access\Extracted_Tables\iq__DS_uniformiteit_mixed_summary.txt
2026-05-25 16:58:24,423 - storage.access_export - DEBUG - Access TXT file created: data\export\access\Extracted_Tables\iq__DS_uniformiteit_buisB.txt
2026-05-25 16:58:24,428 - storage.access_export - DEBUG - Access TXT file created: data\export\access\Extracted_Tables\iq__DS_uniformiteit_buisB_summary.txt
2026-05-25 16:58:24,434 - storage.access_export - DEBUG - Access TXT file created: data\export\access\Extracted_Tables\iq__DS_correlatie_mixed.txt
2026-05-25 16:58:24,439 - storage.access_export - DEBUG - Access TXT file created: data\export\access\Extracted_Tables\iq__DS_correlatie_buisB.txt
2026-05-25 16:58:24,443 - storage.access_export - DEBUG - Access TXT file created: data\export\access\Extracted_Tables\geometry__slice_thickness_gt2mm.txt
2026-05-25 16:58:24,449 - storage.access_export - DEBUG - Access TXT file created: data\export\access\Extracted_Tables\geometry__slice_thickness_lt2mm.txt
2026-05-25 16:58:24,454 - storage.access_export - DEBUG - Access TXT file created: data\export\access\Extracted_Tables\protocols__adult.txt
2026-05-25 16:58:24,459 - storage.access_export - DEBUG - Access TXT file created: data\export\access\Extracted_Tables\protocols__pediatric.txt
2026-05-25 16:58:24,475 - storage.access_export - DEBUG - Access TXT file created: data\export\access\Extracted_Tables\dose__CTDI16_settings.txt
2026-05-25 16:58:24,487 - storage.access_export - DEBUG - Access TXT file created: data\export\access\Extracted_Tables\meta__phantoms.txt
2026-05-25 16:58:24,504 - storage.access_export - DEBUG - Access TXT file created: data\export\access\Extracted_Tables\meta__qa_visit.txt
2026-05-25 16:58:24,522 - storage.access_export - DEBUG - Access TXT file created: data\export\access\Extracted_Tables\meta__scanner.txt
2026-05-25 16:58:24,533 - storage.access_export - DEBUG - Access TXT file created: data\export\access\Metadata\Scalar_Records.txt
2026-05-25 16:58:24,539 - storage.access_export - DEBUG - Access TXT file created: data\export\access\Metadata\Named_Results.txt
2026-05-25 16:58:24,564 - storage.access_export - DEBUG - Access TXT file created: data\export\access\Metadata\Extracted_Fields.txt
2026-05-25 16:58:24,567 - storage.access_export - DEBUG - Access TXT file created: data\export\access\Metadata\Extraction_Metadata.txt
2026-05-25 16:58:24,567 - storage.access_export - INFO - Access export completed for QAVisit 103797
2026-05-25 16:58:24,646 - core.audit - INFO - [SUCCESS] Orchestrator.ProcessingComplete: File processed successfully | File: QC300_0524_01319CT-SPECTGE.xlsm
2026-05-25 16:58:24,648 - core.audit - INFO - [INFO] Orchestrator.ProcessingStart: Start processing file | File: QC300_0524_01468CT-PETGE10.xlsm
2026-05-25 16:58:24,649 - engine.extraction_engine - INFO - Extraction des donnees depuis: data\raw\Excel\QC300_0524_01468CT-PETGE10.xlsm
2026-05-25 16:59:19,510 - engine.extraction_engine - INFO - Extraction terminee: 317 champs, 58 tables, 22 named results
2026-05-25 16:59:19,515 - models.qa_visit - WARNING - Utilisation QAID fallback: 159515
2026-05-25 16:59:19,522 - core.audit - INFO - [INFO] QAVisit.ReferencesResolved: References resolved successfully
2026-05-25 16:59:19,522 - core.audit - INFO - [INFO] QAVisit.Created: QAVisit 159515 created successfully
2026-05-25 16:59:19,523 - models.qa_visit - INFO - QAVisit 159515 ready for HDF5 persistence
2026-05-25 16:59:19,560 - storage.parquet_export - WARNING - Could not export Geometry data: Cannot save file into a non-existent directory: 'data\export\parquet\year=2024\hospital=300\system=10\geometry_geometry'
2026-05-25 16:59:19,563 - storage.parquet_export - WARNING - Could not export Noise data: Cannot save file into a non-existent directory: 'data\export\parquet\year=2024\hospital=300\system=10\noise_noise'
2026-05-25 16:59:19,900 - storage.parquet_export - WARNING - Could not export auxiliary results: unhashable type: 'list'
2026-05-25 16:59:19,917 - storage.parquet_export - WARNING - Could not export QA results: unhashable type: 'list'
2026-05-25 16:59:19,924 - storage.parquet_export - INFO - Parquet export completed for QAVisit 159515
2026-05-25 16:59:19,930 - storage.access_export - DEBUG - Access TXT file created: data\export\access\Metadata\QAVisit.txt
2026-05-25 16:59:19,936 - storage.access_export - DEBUG - Access TXT file created: data\export\access\Extracted_Tables\meta__measurement_equipment.txt
2026-05-25 16:59:19,941 - storage.access_export - DEBUG - Access TXT file created: data\export\access\Extracted_Tables\tube_voltage__accuracy.txt
2026-05-25 16:59:19,948 - storage.access_export - DEBUG - Access TXT file created: data\export\access\Extracted_Tables\tube_voltage__reproducibility.txt
2026-05-25 16:59:19,955 - storage.access_export - DEBUG - Access TXT file created: data\export\access\Extracted_Tables\geometry__geometric_efficiency.txt
2026-05-25 16:59:19,960 - storage.access_export - DEBUG - Access TXT file created: data\export\access\Extracted_Tables\geometry__positioning_light.txt
2026-05-25 16:59:19,966 - storage.access_export - DEBUG - Access TXT file created: data\export\access\Extracted_Tables\geometry__table_travel.txt
2026-05-25 16:59:19,972 - storage.access_export - DEBUG - Access TXT file created: data\export\access\Extracted_Tables\geometry__overscan.txt
2026-05-25 16:59:19,977 - storage.access_export - DEBUG - Access TXT file created: data\export\access\Extracted_Tables\geometry__increment.txt
2026-05-25 16:59:19,983 - storage.access_export - DEBUG - Access TXT file created: data\export\access\Extracted_Tables\geometry__pixel_size.txt
2026-05-25 16:59:19,988 - storage.access_export - DEBUG - Access TXT file created: data\export\access\Extracted_Tables\geometry__circular_symmetry.txt
2026-05-25 16:59:19,994 - storage.access_export - DEBUG - Access TXT file created: data\export\access\Extracted_Tables\dose__CTDI32_reproducibility.txt
2026-05-25 16:59:19,999 - storage.access_export - DEBUG - Access TXT file created: data\export\access\Extracted_Tables\dose__CTDI32_kV.txt
2026-05-25 16:59:20,004 - storage.access_export - DEBUG - Access TXT file created: data\export\access\Extracted_Tables\dose__CTDI32_kV_deviation.txt
2026-05-25 16:59:20,009 - storage.access_export - DEBUG - Access TXT file created: data\export\access\Extracted_Tables\dose__CTDI32_collimation.txt
2026-05-25 16:59:20,015 - storage.access_export - DEBUG - Access TXT file created: data\export\access\Extracted_Tables\dose__CTDI32_linearity.txt
2026-05-25 16:59:20,021 - storage.access_export - DEBUG - Access TXT file created: data\export\access\Extracted_Tables\dose__CTDI32_linearity_iterative.txt
2026-05-25 16:59:20,026 - storage.access_export - DEBUG - Access TXT file created: data\export\access\Extracted_Tables\dose__CTDI32_verification_standard.txt
2026-05-25 16:59:20,031 - storage.access_export - DEBUG - Access TXT file created: data\export\access\Extracted_Tables\dose__CTDI32_verification_DS.txt
2026-05-25 16:59:20,036 - storage.access_export - DEBUG - Access TXT file created: data\export\access\Extracted_Tables\noise__detector_row.txt
2026-05-25 16:59:20,042 - storage.access_export - DEBUG - Access TXT file created: data\export\access\Extracted_Tables\tcm__z_dikte_tcm_aan.txt
2026-05-25 16:59:20,049 - storage.access_export - DEBUG - Access TXT file created: data\export\access\Extracted_Tables\tcm__z_dikte_tcm_af.txt
2026-05-25 16:59:20,054 - storage.access_export - DEBUG - Access TXT file created: data\export\access\Extracted_Tables\tcm__z_densiteit_tcm_aan.txt
2026-05-25 16:59:20,059 - storage.access_export - DEBUG - Access TXT file created: data\export\access\Extracted_Tables\tcm__z_densiteit_tcm_af.txt
2026-05-25 16:59:20,065 - storage.access_export - DEBUG - Access TXT file created: data\export\access\Extracted_Tables\dose__CTDI16_kV.txt
2026-05-25 16:59:20,070 - storage.access_export - DEBUG - Access TXT file created: data\export\access\Extracted_Tables\CT_nummer_ruis_in_tijd__longitudinal.txt
2026-05-25 16:59:20,075 - storage.access_export - DEBUG - Access TXT file created: data\export\access\Extracted_Tables\uniformiteit__summary_table.txt
2026-05-25 16:59:20,080 - storage.access_export - DEBUG - Access TXT file created: data\export\access\Extracted_Tables\iq__uniformiteit_main.txt
2026-05-25 16:59:20,085 - storage.access_export - DEBUG - Access TXT file created: data\export\access\Extracted_Tables\hoog_contrast_fwhm__longitudinal.txt
2026-05-25 16:59:20,091 - storage.access_export - DEBUG - Access TXT file created: data\export\access\Extracted_Tables\iq__mtf_soft.txt
2026-05-25 16:59:20,097 - storage.access_export - DEBUG - Access TXT file created: data\export\access\Extracted_Tables\iq__mtf_hard.txt
2026-05-25 16:59:20,102 - storage.access_export - DEBUG - Access TXT file created: data\export\access\Extracted_Tables\iq__CT_getal_lineair.txt
2026-05-25 16:59:20,108 - storage.access_export - DEBUG - Access TXT file created: data\export\access\Extracted_Tables\iq__correlatie.txt
2026-05-25 16:59:20,113 - storage.access_export - DEBUG - Access TXT file created: data\export\access\Extracted_Tables\iq__DS_CT_getal_lineair_mixed.txt
2026-05-25 16:59:20,118 - storage.access_export - DEBUG - Access TXT file created: data\export\access\Extracted_Tables\iq__DS_CT_getal_lineair_buisB.txt
2026-05-25 16:59:20,122 - storage.access_export - DEBUG - Access TXT file created: data\export\access\Extracted_Tables\iq__DS_HU_water_lucht_mixed.txt
2026-05-25 16:59:20,128 - storage.access_export - DEBUG - Access TXT file created: data\export\access\Extracted_Tables\iq__DS_uniformiteit_mixed.txt
2026-05-25 16:59:20,133 - storage.access_export - DEBUG - Access TXT file created: data\export\access\Extracted_Tables\iq__DS_uniformiteit_mixed_summary.txt
2026-05-25 16:59:20,138 - storage.access_export - DEBUG - Access TXT file created: data\export\access\Extracted_Tables\iq__DS_uniformiteit_buisB.txt
2026-05-25 16:59:20,143 - storage.access_export - DEBUG - Access TXT file created: data\export\access\Extracted_Tables\iq__DS_uniformiteit_buisB_summary.txt
2026-05-25 16:59:20,148 - storage.access_export - DEBUG - Access TXT file created: data\export\access\Extracted_Tables\iq__DS_correlatie_mixed.txt
2026-05-25 16:59:20,153 - storage.access_export - DEBUG - Access TXT file created: data\export\access\Extracted_Tables\iq__DS_correlatie_buisB.txt
2026-05-25 16:59:20,158 - storage.access_export - DEBUG - Access TXT file created: data\export\access\Extracted_Tables\geometry__slice_thickness_gt2mm.txt
2026-05-25 16:59:20,163 - storage.access_export - DEBUG - Access TXT file created: data\export\access\Extracted_Tables\geometry__slice_thickness_lt2mm.txt
2026-05-25 16:59:20,167 - storage.access_export - DEBUG - Access TXT file created: data\export\access\Extracted_Tables\protocols__adult.txt
2026-05-25 16:59:20,172 - storage.access_export - DEBUG - Access TXT file created: data\export\access\Extracted_Tables\protocols__pediatric.txt
2026-05-25 16:59:20,189 - storage.access_export - DEBUG - Access TXT file created: data\export\access\Extracted_Tables\dose__CTDI16_settings.txt
2026-05-25 16:59:20,202 - storage.access_export - DEBUG - Access TXT file created: data\export\access\Extracted_Tables\meta__phantoms.txt
2026-05-25 16:59:20,220 - storage.access_export - DEBUG - Access TXT file created: data\export\access\Extracted_Tables\meta__qa_visit.txt
2026-05-25 16:59:20,238 - storage.access_export - DEBUG - Access TXT file created: data\export\access\Extracted_Tables\meta__scanner.txt
2026-05-25 16:59:20,248 - storage.access_export - DEBUG - Access TXT file created: data\export\access\Metadata\Scalar_Records.txt
2026-05-25 16:59:20,255 - storage.access_export - DEBUG - Access TXT file created: data\export\access\Metadata\Named_Results.txt
2026-05-25 16:59:20,280 - storage.access_export - DEBUG - Access TXT file created: data\export\access\Metadata\Extracted_Fields.txt
2026-05-25 16:59:20,284 - storage.access_export - DEBUG - Access TXT file created: data\export\access\Metadata\Extraction_Metadata.txt
2026-05-25 16:59:20,285 - storage.access_export - INFO - Access export completed for QAVisit 159515
2026-05-25 16:59:20,364 - core.audit - INFO - [SUCCESS] Orchestrator.ProcessingComplete: File processed successfully | File: QC300_0524_01468CT-PETGE10.xlsm
2026-05-25 16:59:20,365 - core.audit - INFO - [INFO] Orchestrator.ProcessingStart: Start processing file | File: QC300_0524_01611CT-SPECTSymbiaBold4.xlsm
2026-05-25 16:59:20,365 - engine.extraction_engine - INFO - Extraction des donnees depuis: data\raw\Excel\QC300_0524_01611CT-SPECTSymbiaBold4.xlsm
2026-05-25 17:00:11,753 - engine.extraction_engine - INFO - Extraction terminee: 317 champs, 58 tables, 22 named results
2026-05-25 17:00:11,758 - models.qa_visit - WARNING - Utilisation QAID fallback: 211757
2026-05-25 17:00:11,764 - core.audit - INFO - [INFO] QAVisit.ReferencesResolved: References resolved successfully
2026-05-25 17:00:11,765 - core.audit - INFO - [INFO] QAVisit.Created: QAVisit 211757 created successfully
2026-05-25 17:00:11,765 - models.qa_visit - INFO - QAVisit 211757 ready for HDF5 persistence
2026-05-25 17:00:11,800 - storage.parquet_export - WARNING - Could not export Geometry data: Cannot save file into a non-existent directory: 'data\export\parquet\year=2024\hospital=300\system=31\geometry_geometry'
2026-05-25 17:00:11,804 - storage.parquet_export - WARNING - Could not export Noise data: Cannot save file into a non-existent directory: 'data\export\parquet\year=2024\hospital=300\system=31\noise_noise'
2026-05-25 17:00:12,141 - storage.parquet_export - WARNING - Could not export auxiliary results: unhashable type: 'list'
2026-05-25 17:00:12,157 - storage.parquet_export - WARNING - Could not export QA results: unhashable type: 'list'
2026-05-25 17:00:12,165 - storage.parquet_export - INFO - Parquet export completed for QAVisit 211757
2026-05-25 17:00:12,169 - storage.access_export - DEBUG - Access TXT file created: data\export\access\Metadata\QAVisit.txt
2026-05-25 17:00:12,175 - storage.access_export - DEBUG - Access TXT file created: data\export\access\Extracted_Tables\meta__measurement_equipment.txt
2026-05-25 17:00:12,182 - storage.access_export - DEBUG - Access TXT file created: data\export\access\Extracted_Tables\tube_voltage__accuracy.txt
2026-05-25 17:00:12,187 - storage.access_export - DEBUG - Access TXT file created: data\export\access\Extracted_Tables\tube_voltage__reproducibility.txt
2026-05-25 17:00:12,195 - storage.access_export - DEBUG - Access TXT file created: data\export\access\Extracted_Tables\geometry__geometric_efficiency.txt
2026-05-25 17:00:12,201 - storage.access_export - DEBUG - Access TXT file created: data\export\access\Extracted_Tables\geometry__positioning_light.txt
2026-05-25 17:00:12,208 - storage.access_export - DEBUG - Access TXT file created: data\export\access\Extracted_Tables\geometry__table_travel.txt
2026-05-25 17:00:12,216 - storage.access_export - DEBUG - Access TXT file created: data\export\access\Extracted_Tables\geometry__overscan.txt
2026-05-25 17:00:12,221 - storage.access_export - DEBUG - Access TXT file created: data\export\access\Extracted_Tables\geometry__increment.txt
2026-05-25 17:00:12,228 - storage.access_export - DEBUG - Access TXT file created: data\export\access\Extracted_Tables\geometry__pixel_size.txt
2026-05-25 17:00:12,232 - storage.access_export - DEBUG - Access TXT file created: data\export\access\Extracted_Tables\geometry__circular_symmetry.txt
2026-05-25 17:00:12,237 - storage.access_export - DEBUG - Access TXT file created: data\export\access\Extracted_Tables\dose__CTDI32_reproducibility.txt
2026-05-25 17:00:12,243 - storage.access_export - DEBUG - Access TXT file created: data\export\access\Extracted_Tables\dose__CTDI32_kV.txt
2026-05-25 17:00:12,249 - storage.access_export - DEBUG - Access TXT file created: data\export\access\Extracted_Tables\dose__CTDI32_kV_deviation.txt
2026-05-25 17:00:12,254 - storage.access_export - DEBUG - Access TXT file created: data\export\access\Extracted_Tables\dose__CTDI32_collimation.txt
2026-05-25 17:00:12,259 - storage.access_export - DEBUG - Access TXT file created: data\export\access\Extracted_Tables\dose__CTDI32_linearity.txt
2026-05-25 17:00:12,265 - storage.access_export - DEBUG - Access TXT file created: data\export\access\Extracted_Tables\dose__CTDI32_linearity_iterative.txt
2026-05-25 17:00:12,270 - storage.access_export - DEBUG - Access TXT file created: data\export\access\Extracted_Tables\dose__CTDI32_verification_standard.txt
2026-05-25 17:00:12,275 - storage.access_export - DEBUG - Access TXT file created: data\export\access\Extracted_Tables\dose__CTDI32_verification_DS.txt
2026-05-25 17:00:12,280 - storage.access_export - DEBUG - Access TXT file created: data\export\access\Extracted_Tables\noise__detector_row.txt
2026-05-25 17:00:12,286 - storage.access_export - DEBUG - Access TXT file created: data\export\access\Extracted_Tables\tcm__z_dikte_tcm_aan.txt
2026-05-25 17:00:12,292 - storage.access_export - DEBUG - Access TXT file created: data\export\access\Extracted_Tables\tcm__z_dikte_tcm_af.txt
2026-05-25 17:00:12,297 - storage.access_export - DEBUG - Access TXT file created: data\export\access\Extracted_Tables\tcm__z_densiteit_tcm_aan.txt
2026-05-25 17:00:12,303 - storage.access_export - DEBUG - Access TXT file created: data\export\access\Extracted_Tables\tcm__z_densiteit_tcm_af.txt
2026-05-25 17:00:12,307 - storage.access_export - DEBUG - Access TXT file created: data\export\access\Extracted_Tables\dose__CTDI16_kV.txt
2026-05-25 17:00:12,312 - storage.access_export - DEBUG - Access TXT file created: data\export\access\Extracted_Tables\CT_nummer_ruis_in_tijd__longitudinal.txt
2026-05-25 17:00:12,317 - storage.access_export - DEBUG - Access TXT file created: data\export\access\Extracted_Tables\uniformiteit__summary_table.txt
2026-05-25 17:00:12,323 - storage.access_export - DEBUG - Access TXT file created: data\export\access\Extracted_Tables\iq__uniformiteit_main.txt
2026-05-25 17:00:12,328 - storage.access_export - DEBUG - Access TXT file created: data\export\access\Extracted_Tables\hoog_contrast_fwhm__longitudinal.txt
2026-05-25 17:00:12,334 - storage.access_export - DEBUG - Access TXT file created: data\export\access\Extracted_Tables\iq__mtf_soft.txt
2026-05-25 17:00:12,341 - storage.access_export - DEBUG - Access TXT file created: data\export\access\Extracted_Tables\iq__mtf_hard.txt
2026-05-25 17:00:12,346 - storage.access_export - DEBUG - Access TXT file created: data\export\access\Extracted_Tables\iq__CT_getal_lineair.txt
2026-05-25 17:00:12,352 - storage.access_export - DEBUG - Access TXT file created: data\export\access\Extracted_Tables\iq__correlatie.txt
2026-05-25 17:00:12,358 - storage.access_export - DEBUG - Access TXT file created: data\export\access\Extracted_Tables\iq__DS_CT_getal_lineair_mixed.txt
2026-05-25 17:00:12,364 - storage.access_export - DEBUG - Access TXT file created: data\export\access\Extracted_Tables\iq__DS_CT_getal_lineair_buisB.txt
2026-05-25 17:00:12,370 - storage.access_export - DEBUG - Access TXT file created: data\export\access\Extracted_Tables\iq__DS_HU_water_lucht_mixed.txt
2026-05-25 17:00:12,376 - storage.access_export - DEBUG - Access TXT file created: data\export\access\Extracted_Tables\iq__DS_uniformiteit_mixed.txt
2026-05-25 17:00:12,381 - storage.access_export - DEBUG - Access TXT file created: data\export\access\Extracted_Tables\iq__DS_uniformiteit_mixed_summary.txt
2026-05-25 17:00:12,387 - storage.access_export - DEBUG - Access TXT file created: data\export\access\Extracted_Tables\iq__DS_uniformiteit_buisB.txt
2026-05-25 17:00:12,393 - storage.access_export - DEBUG - Access TXT file created: data\export\access\Extracted_Tables\iq__DS_uniformiteit_buisB_summary.txt
2026-05-25 17:00:12,398 - storage.access_export - DEBUG - Access TXT file created: data\export\access\Extracted_Tables\iq__DS_correlatie_mixed.txt
2026-05-25 17:00:12,403 - storage.access_export - DEBUG - Access TXT file created: data\export\access\Extracted_Tables\iq__DS_correlatie_buisB.txt
2026-05-25 17:00:12,408 - storage.access_export - DEBUG - Access TXT file created: data\export\access\Extracted_Tables\geometry__slice_thickness_gt2mm.txt
2026-05-25 17:00:12,413 - storage.access_export - DEBUG - Access TXT file created: data\export\access\Extracted_Tables\geometry__slice_thickness_lt2mm.txt
2026-05-25 17:00:12,418 - storage.access_export - DEBUG - Access TXT file created: data\export\access\Extracted_Tables\protocols__adult.txt
2026-05-25 17:00:12,423 - storage.access_export - DEBUG - Access TXT file created: data\export\access\Extracted_Tables\protocols__pediatric.txt
2026-05-25 17:00:12,440 - storage.access_export - DEBUG - Access TXT file created: data\export\access\Extracted_Tables\dose__CTDI16_settings.txt
2026-05-25 17:00:12,452 - storage.access_export - DEBUG - Access TXT file created: data\export\access\Extracted_Tables\meta__phantoms.txt
2026-05-25 17:00:12,509 - storage.access_export - DEBUG - Access TXT file created: data\export\access\Extracted_Tables\meta__qa_visit.txt
2026-05-25 17:00:12,531 - storage.access_export - DEBUG - Access TXT file created: data\export\access\Extracted_Tables\meta__scanner.txt
2026-05-25 17:00:12,543 - storage.access_export - DEBUG - Access TXT file created: data\export\access\Metadata\Scalar_Records.txt
2026-05-25 17:00:12,550 - storage.access_export - DEBUG - Access TXT file created: data\export\access\Metadata\Named_Results.txt
2026-05-25 17:00:12,576 - storage.access_export - DEBUG - Access TXT file created: data\export\access\Metadata\Extracted_Fields.txt
2026-05-25 17:00:12,579 - storage.access_export - DEBUG - Access TXT file created: data\export\access\Metadata\Extraction_Metadata.txt
2026-05-25 17:00:12,579 - storage.access_export - INFO - Access export completed for QAVisit 211757
2026-05-25 17:00:12,656 - core.audit - INFO - [SUCCESS] Orchestrator.ProcessingComplete: File processed successfully | File: QC300_0524_01611CT-SPECTSymbiaBold4.xlsm
2026-05-25 17:00:12,657 - core.audit - INFO - [INFO] Orchestrator.ProcessingStart: Start processing file | File: QC300_0624_01504CT-CT11.xlsm
2026-05-25 17:00:12,657 - engine.extraction_engine - INFO - Extraction des donnees depuis: data\raw\Excel\QC300_0624_01504CT-CT11.xlsm
2026-05-25 17:02:13,258 - engine.extraction_engine - INFO - Extraction terminee: 317 champs, 62 tables, 22 named results
2026-05-25 17:02:13,262 - models.qa_visit - WARNING - Utilisation QAID fallback: 333262
2026-05-25 17:02:13,270 - core.audit - INFO - [INFO] QAVisit.ReferencesResolved: References resolved successfully
2026-05-25 17:02:13,270 - core.audit - INFO - [INFO] QAVisit.Created: QAVisit 333262 created successfully
2026-05-25 17:02:13,271 - models.qa_visit - INFO - QAVisit 333262 ready for HDF5 persistence
2026-05-25 17:02:13,300 - storage.parquet_export - WARNING - Could not export Geometry data: Cannot save file into a non-existent directory: 'data\export\parquet\year=2024\hospital=300\system=25\geometry_geometry'
2026-05-25 17:02:13,303 - storage.parquet_export - WARNING - Could not export Noise data: Cannot save file into a non-existent directory: 'data\export\parquet\year=2024\hospital=300\system=25\noise_noise'
2026-05-25 17:02:13,586 - storage.parquet_export - WARNING - Could not export auxiliary results: unhashable type: 'list'
2026-05-25 17:02:13,605 - storage.parquet_export - WARNING - Could not export QA results: unhashable type: 'list'
2026-05-25 17:02:13,614 - storage.parquet_export - INFO - Parquet export completed for QAVisit 333262
2026-05-25 17:02:13,621 - storage.access_export - DEBUG - Access TXT file created: data\export\access\Metadata\QAVisit.txt
2026-05-25 17:02:13,627 - storage.access_export - DEBUG - Access TXT file created: data\export\access\Extracted_Tables\meta__measurement_equipment.txt
2026-05-25 17:02:13,634 - storage.access_export - DEBUG - Access TXT file created: data\export\access\Extracted_Tables\tube_voltage__accuracy.txt
2026-05-25 17:02:13,640 - storage.access_export - DEBUG - Access TXT file created: data\export\access\Extracted_Tables\tube_voltage__reproducibility.txt
2026-05-25 17:02:13,647 - storage.access_export - DEBUG - Access TXT file created: data\export\access\Extracted_Tables\geometry__geometric_efficiency.txt
2026-05-25 17:02:13,654 - storage.access_export - DEBUG - Access TXT file created: data\export\access\Extracted_Tables\geometry__positioning_light.txt
2026-05-25 17:02:13,659 - storage.access_export - DEBUG - Access TXT file created: data\export\access\Extracted_Tables\geometry__table_travel.txt
2026-05-25 17:02:13,665 - storage.access_export - DEBUG - Access TXT file created: data\export\access\Extracted_Tables\geometry__overscan.txt
2026-05-25 17:02:13,671 - storage.access_export - DEBUG - Access TXT file created: data\export\access\Extracted_Tables\geometry__increment.txt
2026-05-25 17:02:13,676 - storage.access_export - DEBUG - Access TXT file created: data\export\access\Extracted_Tables\geometry__pixel_size.txt
2026-05-25 17:02:13,683 - storage.access_export - DEBUG - Access TXT file created: data\export\access\Extracted_Tables\geometry__circular_symmetry.txt
2026-05-25 17:02:13,689 - storage.access_export - DEBUG - Access TXT file created: data\export\access\Extracted_Tables\dose__CTDI32_reproducibility.txt
2026-05-25 17:02:13,694 - storage.access_export - DEBUG - Access TXT file created: data\export\access\Extracted_Tables\dose__CTDI32_kV.txt
2026-05-25 17:02:13,700 - storage.access_export - DEBUG - Access TXT file created: data\export\access\Extracted_Tables\dose__CTDI32_kV_deviation.txt
2026-05-25 17:02:13,706 - storage.access_export - DEBUG - Access TXT file created: data\export\access\Extracted_Tables\dose__CTDI32_collimation.txt
2026-05-25 17:02:13,711 - storage.access_export - DEBUG - Access TXT file created: data\export\access\Extracted_Tables\dose__CTDI32_linearity.txt
2026-05-25 17:02:13,717 - storage.access_export - DEBUG - Access TXT file created: data\export\access\Extracted_Tables\dose__CTDI32_linearity_iterative.txt
2026-05-25 17:02:13,722 - storage.access_export - DEBUG - Access TXT file created: data\export\access\Extracted_Tables\dose__CTDI32_verification_standard.txt
2026-05-25 17:02:13,729 - storage.access_export - DEBUG - Access TXT file created: data\export\access\Extracted_Tables\dose__CTDI32_verification_DS.txt
2026-05-25 17:02:13,735 - storage.access_export - DEBUG - Access TXT file created: data\export\access\Extracted_Tables\noise__detector_row.txt
2026-05-25 17:02:13,742 - storage.access_export - DEBUG - Access TXT file created: data\export\access\Extracted_Tables\tcm__z_dikte_tcm_aan.txt
2026-05-25 17:02:13,749 - storage.access_export - DEBUG - Access TXT file created: data\export\access\Extracted_Tables\tcm__z_dikte_tcm_af.txt
2026-05-25 17:02:13,760 - storage.access_export - DEBUG - Access TXT file created: data\export\access\Extracted_Tables\tcm__z_densiteit_tcm_aan.txt
2026-05-25 17:02:13,769 - storage.access_export - DEBUG - Access TXT file created: data\export\access\Extracted_Tables\tcm__z_densiteit_tcm_af.txt
2026-05-25 17:02:13,774 - storage.access_export - DEBUG - Access TXT file created: data\export\access\Extracted_Tables\dose__CTDI16_kV.txt
2026-05-25 17:02:13,781 - storage.access_export - DEBUG - Access TXT file created: data\export\access\Extracted_Tables\CT_nummer_ruis_in_tijd__longitudinal.txt
2026-05-25 17:02:13,788 - storage.access_export - DEBUG - Access TXT file created: data\export\access\Extracted_Tables\uniformiteit__summary_table.txt
2026-05-25 17:02:13,795 - storage.access_export - DEBUG - Access TXT file created: data\export\access\Extracted_Tables\iq__uniformiteit_main.txt
2026-05-25 17:02:13,801 - storage.access_export - DEBUG - Access TXT file created: data\export\access\Extracted_Tables\hoog_contrast_fwhm__longitudinal.txt
2026-05-25 17:02:13,808 - storage.access_export - DEBUG - Access TXT file created: data\export\access\Extracted_Tables\iq__mtf_soft.txt
2026-05-25 17:02:13,816 - storage.access_export - DEBUG - Access TXT file created: data\export\access\Extracted_Tables\iq__mtf_hard.txt
2026-05-25 17:02:13,822 - storage.access_export - DEBUG - Access TXT file created: data\export\access\Extracted_Tables\iq__CT_getal_lineair.txt
2026-05-25 17:02:13,828 - storage.access_export - DEBUG - Access TXT file created: data\export\access\Extracted_Tables\iq__correlatie.txt
2026-05-25 17:02:13,834 - storage.access_export - DEBUG - Access TXT file created: data\export\access\Extracted_Tables\iq__DS_CT_getal_lineair_mixed.txt
2026-05-25 17:02:13,839 - storage.access_export - DEBUG - Access TXT file created: data\export\access\Extracted_Tables\iq__DS_CT_getal_lineair_buisB.txt
2026-05-25 17:02:13,845 - storage.access_export - DEBUG - Access TXT file created: data\export\access\Extracted_Tables\iq__DS_HU_water_lucht_mixed.txt
2026-05-25 17:02:13,851 - storage.access_export - DEBUG - Access TXT file created: data\export\access\Extracted_Tables\iq__DS_HU_water_lucht_buisB.txt
2026-05-25 17:02:13,857 - storage.access_export - DEBUG - Access TXT file created: data\export\access\Extracted_Tables\iq__DS_uniformiteit_mixed.txt
2026-05-25 17:02:13,862 - storage.access_export - DEBUG - Access TXT file created: data\export\access\Extracted_Tables\iq__DS_uniformiteit_mixed_summary.txt
2026-05-25 17:02:13,869 - storage.access_export - DEBUG - Access TXT file created: data\export\access\Extracted_Tables\iq__DS_uniformiteit_buisB.txt
2026-05-25 17:02:13,874 - storage.access_export - DEBUG - Access TXT file created: data\export\access\Extracted_Tables\iq__DS_uniformiteit_buisB_summary.txt
2026-05-25 17:02:13,880 - storage.access_export - DEBUG - Access TXT file created: data\export\access\Extracted_Tables\iq__DS_correlatie_mixed.txt
2026-05-25 17:02:13,886 - storage.access_export - DEBUG - Access TXT file created: data\export\access\Extracted_Tables\iq__DS_correlatie_buisB.txt
2026-05-25 17:02:13,891 - storage.access_export - DEBUG - Access TXT file created: data\export\access\Extracted_Tables\geometry__slice_thickness_gt2mm.txt
2026-05-25 17:02:13,896 - storage.access_export - DEBUG - Access TXT file created: data\export\access\Extracted_Tables\geometry__slice_thickness_lt2mm.txt
2026-05-25 17:02:13,902 - storage.access_export - DEBUG - Access TXT file created: data\export\access\Extracted_Tables\protocols__adult.txt
2026-05-25 17:02:13,906 - storage.access_export - DEBUG - Access TXT file created: data\export\access\Extracted_Tables\protocols__pediatric.txt
2026-05-25 17:02:13,922 - storage.access_export - DEBUG - Access TXT file created: data\export\access\Extracted_Tables\dose__CTDI16_settings.txt
2026-05-25 17:02:13,935 - storage.access_export - DEBUG - Access TXT file created: data\export\access\Extracted_Tables\meta__phantoms.txt
2026-05-25 17:02:13,952 - storage.access_export - DEBUG - Access TXT file created: data\export\access\Extracted_Tables\meta__qa_visit.txt
2026-05-25 17:02:13,971 - storage.access_export - DEBUG - Access TXT file created: data\export\access\Extracted_Tables\meta__scanner.txt
2026-05-25 17:02:13,981 - storage.access_export - DEBUG - Access TXT file created: data\export\access\Metadata\Scalar_Records.txt
2026-05-25 17:02:13,988 - storage.access_export - DEBUG - Access TXT file created: data\export\access\Metadata\Named_Results.txt
2026-05-25 17:02:14,017 - storage.access_export - DEBUG - Access TXT file created: data\export\access\Metadata\Extracted_Fields.txt
2026-05-25 17:02:14,021 - storage.access_export - DEBUG - Access TXT file created: data\export\access\Metadata\Extraction_Metadata.txt
2026-05-25 17:02:14,021 - storage.access_export - INFO - Access export completed for QAVisit 333262
2026-05-25 17:02:14,125 - core.audit - INFO - [SUCCESS] Orchestrator.ProcessingComplete: File processed successfully | File: QC300_0624_01504CT-CT11.xlsm
2026-05-25 17:02:14,127 - core.audit - INFO - [INFO] Orchestrator.ProcessingStart: Start processing file | File: QC300_0724_01014CT-CT13.xlsm
2026-05-25 17:02:14,127 - engine.extraction_engine - INFO - Extraction des donnees depuis: data\raw\Excel\QC300_0724_01014CT-CT13.xlsm
2026-05-25 17:03:40,381 - engine.extraction_engine - INFO - Extraction terminee: 317 champs, 60 tables, 22 named results
2026-05-25 17:03:40,385 - models.qa_visit - WARNING - Utilisation QAID fallback: 420385
2026-05-25 17:03:40,393 - core.audit - INFO - [INFO] QAVisit.ReferencesResolved: References resolved successfully
2026-05-25 17:03:40,393 - core.audit - INFO - [INFO] QAVisit.Created: QAVisit 420385 created successfully
2026-05-25 17:03:40,393 - models.qa_visit - INFO - QAVisit 420385 ready for HDF5 persistence
2026-05-25 17:03:40,417 - storage.parquet_export - WARNING - Could not export Geometry data: Cannot save file into a non-existent directory: 'data\export\parquet\year=2024\hospital=300\system=20\geometry_geometry'
2026-05-25 17:03:40,421 - storage.parquet_export - WARNING - Could not export Noise data: Cannot save file into a non-existent directory: 'data\export\parquet\year=2024\hospital=300\system=20\noise_noise'
2026-05-25 17:03:40,694 - storage.parquet_export - WARNING - Could not export auxiliary results: unhashable type: 'list'
2026-05-25 17:03:40,710 - storage.parquet_export - WARNING - Could not export QA results: unhashable type: 'list'
2026-05-25 17:03:40,717 - storage.parquet_export - INFO - Parquet export completed for QAVisit 420385
2026-05-25 17:03:40,722 - storage.access_export - DEBUG - Access TXT file created: data\export\access\Metadata\QAVisit.txt
2026-05-25 17:03:40,728 - storage.access_export - DEBUG - Access TXT file created: data\export\access\Extracted_Tables\meta__measurement_equipment.txt
2026-05-25 17:03:40,733 - storage.access_export - DEBUG - Access TXT file created: data\export\access\Extracted_Tables\tube_voltage__accuracy.txt
2026-05-25 17:03:40,737 - storage.access_export - DEBUG - Access TXT file created: data\export\access\Extracted_Tables\tube_voltage__reproducibility.txt
2026-05-25 17:03:40,746 - storage.access_export - DEBUG - Access TXT file created: data\export\access\Extracted_Tables\geometry__geometric_efficiency.txt
2026-05-25 17:03:40,751 - storage.access_export - DEBUG - Access TXT file created: data\export\access\Extracted_Tables\geometry__positioning_light.txt
2026-05-25 17:03:40,758 - storage.access_export - DEBUG - Access TXT file created: data\export\access\Extracted_Tables\geometry__table_travel.txt
2026-05-25 17:03:40,763 - storage.access_export - DEBUG - Access TXT file created: data\export\access\Extracted_Tables\geometry__overscan.txt
2026-05-25 17:03:40,768 - storage.access_export - DEBUG - Access TXT file created: data\export\access\Extracted_Tables\geometry__increment.txt
2026-05-25 17:03:40,773 - storage.access_export - DEBUG - Access TXT file created: data\export\access\Extracted_Tables\geometry__pixel_size.txt
2026-05-25 17:03:40,779 - storage.access_export - DEBUG - Access TXT file created: data\export\access\Extracted_Tables\geometry__circular_symmetry.txt
2026-05-25 17:03:40,784 - storage.access_export - DEBUG - Access TXT file created: data\export\access\Extracted_Tables\dose__CTDI32_reproducibility.txt
2026-05-25 17:03:40,789 - storage.access_export - DEBUG - Access TXT file created: data\export\access\Extracted_Tables\dose__CTDI32_kV.txt
2026-05-25 17:03:40,795 - storage.access_export - DEBUG - Access TXT file created: data\export\access\Extracted_Tables\dose__CTDI32_kV_deviation.txt
2026-05-25 17:03:40,801 - storage.access_export - DEBUG - Access TXT file created: data\export\access\Extracted_Tables\dose__CTDI32_collimation.txt
2026-05-25 17:03:40,806 - storage.access_export - DEBUG - Access TXT file created: data\export\access\Extracted_Tables\dose__CTDI32_linearity.txt
2026-05-25 17:03:40,811 - storage.access_export - DEBUG - Access TXT file created: data\export\access\Extracted_Tables\dose__CTDI32_linearity_iterative.txt
2026-05-25 17:03:40,816 - storage.access_export - DEBUG - Access TXT file created: data\export\access\Extracted_Tables\dose__CTDI32_verification_standard.txt
2026-05-25 17:03:40,820 - storage.access_export - DEBUG - Access TXT file created: data\export\access\Extracted_Tables\dose__CTDI32_verification_DS.txt
2026-05-25 17:03:40,825 - storage.access_export - DEBUG - Access TXT file created: data\export\access\Extracted_Tables\noise__detector_row.txt
2026-05-25 17:03:40,831 - storage.access_export - DEBUG - Access TXT file created: data\export\access\Extracted_Tables\tcm__z_dikte_tcm_aan.txt
2026-05-25 17:03:40,837 - storage.access_export - DEBUG - Access TXT file created: data\export\access\Extracted_Tables\tcm__z_dikte_tcm_af.txt
2026-05-25 17:03:40,842 - storage.access_export - DEBUG - Access TXT file created: data\export\access\Extracted_Tables\dose__CTDI16_kV.txt
2026-05-25 17:03:40,847 - storage.access_export - DEBUG - Access TXT file created: data\export\access\Extracted_Tables\CT_nummer_ruis_in_tijd__longitudinal.txt
2026-05-25 17:03:40,852 - storage.access_export - DEBUG - Access TXT file created: data\export\access\Extracted_Tables\uniformiteit__summary_table.txt
2026-05-25 17:03:40,858 - storage.access_export - DEBUG - Access TXT file created: data\export\access\Extracted_Tables\iq__uniformiteit_main.txt
2026-05-25 17:03:40,863 - storage.access_export - DEBUG - Access TXT file created: data\export\access\Extracted_Tables\hoog_contrast_fwhm__longitudinal.txt
2026-05-25 17:03:40,871 - storage.access_export - DEBUG - Access TXT file created: data\export\access\Extracted_Tables\iq__mtf_soft.txt
2026-05-25 17:03:40,879 - storage.access_export - DEBUG - Access TXT file created: data\export\access\Extracted_Tables\iq__mtf_hard.txt
2026-05-25 17:03:40,885 - storage.access_export - DEBUG - Access TXT file created: data\export\access\Extracted_Tables\iq__CT_getal_lineair.txt
2026-05-25 17:03:40,888 - storage.access_export - DEBUG - Access TXT file created: data\export\access\Extracted_Tables\iq__correlatie.txt
2026-05-25 17:03:40,894 - storage.access_export - DEBUG - Access TXT file created: data\export\access\Extracted_Tables\iq__DS_CT_getal_lineair_mixed.txt
2026-05-25 17:03:40,899 - storage.access_export - DEBUG - Access TXT file created: data\export\access\Extracted_Tables\iq__DS_CT_getal_lineair_buisB.txt
2026-05-25 17:03:40,904 - storage.access_export - DEBUG - Access TXT file created: data\export\access\Extracted_Tables\iq__DS_HU_water_lucht_mixed.txt
2026-05-25 17:03:40,909 - storage.access_export - DEBUG - Access TXT file created: data\export\access\Extracted_Tables\iq__DS_HU_water_lucht_buisB.txt
2026-05-25 17:03:40,914 - storage.access_export - DEBUG - Access TXT file created: data\export\access\Extracted_Tables\iq__DS_uniformiteit_mixed.txt
2026-05-25 17:03:40,919 - storage.access_export - DEBUG - Access TXT file created: data\export\access\Extracted_Tables\iq__DS_uniformiteit_mixed_summary.txt
2026-05-25 17:03:40,926 - storage.access_export - DEBUG - Access TXT file created: data\export\access\Extracted_Tables\iq__DS_uniformiteit_buisB.txt
2026-05-25 17:03:40,931 - storage.access_export - DEBUG - Access TXT file created: data\export\access\Extracted_Tables\iq__DS_uniformiteit_buisB_summary.txt
2026-05-25 17:03:40,936 - storage.access_export - DEBUG - Access TXT file created: data\export\access\Extracted_Tables\iq__DS_correlatie_mixed.txt
2026-05-25 17:03:40,941 - storage.access_export - DEBUG - Access TXT file created: data\export\access\Extracted_Tables\iq__DS_correlatie_buisB.txt
2026-05-25 17:03:40,947 - storage.access_export - DEBUG - Access TXT file created: data\export\access\Extracted_Tables\geometry__slice_thickness_gt2mm.txt
2026-05-25 17:03:40,951 - storage.access_export - DEBUG - Access TXT file created: data\export\access\Extracted_Tables\geometry__slice_thickness_lt2mm.txt
2026-05-25 17:03:40,956 - storage.access_export - DEBUG - Access TXT file created: data\export\access\Extracted_Tables\protocols__adult.txt
2026-05-25 17:03:40,961 - storage.access_export - DEBUG - Access TXT file created: data\export\access\Extracted_Tables\protocols__pediatric.txt
2026-05-25 17:03:40,976 - storage.access_export - DEBUG - Access TXT file created: data\export\access\Extracted_Tables\dose__CTDI16_settings.txt
2026-05-25 17:03:40,987 - storage.access_export - DEBUG - Access TXT file created: data\export\access\Extracted_Tables\meta__phantoms.txt
2026-05-25 17:03:41,006 - storage.access_export - DEBUG - Access TXT file created: data\export\access\Extracted_Tables\meta__qa_visit.txt
2026-05-25 17:03:41,024 - storage.access_export - DEBUG - Access TXT file created: data\export\access\Extracted_Tables\meta__scanner.txt
2026-05-25 17:03:41,034 - storage.access_export - DEBUG - Access TXT file created: data\export\access\Metadata\Scalar_Records.txt
2026-05-25 17:03:41,040 - storage.access_export - DEBUG - Access TXT file created: data\export\access\Metadata\Named_Results.txt
2026-05-25 17:03:41,067 - storage.access_export - DEBUG - Access TXT file created: data\export\access\Metadata\Extracted_Fields.txt
2026-05-25 17:03:41,071 - storage.access_export - DEBUG - Access TXT file created: data\export\access\Metadata\Extraction_Metadata.txt
2026-05-25 17:03:41,071 - storage.access_export - INFO - Access export completed for QAVisit 420385
2026-05-25 17:03:41,198 - core.audit - INFO - [SUCCESS] Orchestrator.ProcessingComplete: File processed successfully | File: QC300_0724_01014CT-CT13.xlsm
2026-05-25 17:03:41,200 - core.audit - INFO - [INFO] Orchestrator.ProcessingStart: Start processing file | File: QC300_0724_01705CT_CT16.xlsm
2026-05-25 17:03:41,201 - engine.extraction_engine - INFO - Extraction des donnees depuis: data\raw\Excel\QC300_0724_01705CT_CT16.xlsm
2026-05-25 17:05:18,285 - engine.extraction_engine - INFO - Extraction terminee: 317 champs, 60 tables, 22 named results
2026-05-25 17:05:18,289 - models.qa_visit - WARNING - Utilisation QAID fallback: 518289
2026-05-25 17:05:18,298 - core.audit - INFO - [INFO] QAVisit.ReferencesResolved: References resolved successfully
2026-05-25 17:05:18,298 - core.audit - INFO - [INFO] QAVisit.Created: QAVisit 518289 created successfully
2026-05-25 17:05:18,298 - models.qa_visit - INFO - QAVisit 518289 ready for HDF5 persistence
2026-05-25 17:05:18,341 - storage.parquet_export - WARNING - Could not export Geometry data: Cannot save file into a non-existent directory: 'data\export\parquet\year=2024\hospital=300\system=17\geometry_geometry'
2026-05-25 17:05:18,345 - storage.parquet_export - WARNING - Could not export Noise data: Cannot save file into a non-existent directory: 'data\export\parquet\year=2024\hospital=300\system=17\noise_noise'
2026-05-25 17:05:18,676 - storage.parquet_export - WARNING - Could not export auxiliary results: unhashable type: 'list'
2026-05-25 17:05:18,698 - storage.parquet_export - WARNING - Could not export QA results: unhashable type: 'list'
2026-05-25 17:05:18,707 - storage.parquet_export - INFO - Parquet export completed for QAVisit 518289
2026-05-25 17:05:18,713 - storage.access_export - DEBUG - Access TXT file created: data\export\access\Metadata\QAVisit.txt
2026-05-25 17:05:18,720 - storage.access_export - DEBUG - Access TXT file created: data\export\access\Extracted_Tables\meta__measurement_equipment.txt
2026-05-25 17:05:18,726 - storage.access_export - DEBUG - Access TXT file created: data\export\access\Extracted_Tables\tube_voltage__accuracy.txt
2026-05-25 17:05:18,734 - storage.access_export - DEBUG - Access TXT file created: data\export\access\Extracted_Tables\tube_voltage__reproducibility.txt
2026-05-25 17:05:18,740 - storage.access_export - DEBUG - Access TXT file created: data\export\access\Extracted_Tables\geometry__geometric_efficiency.txt
2026-05-25 17:05:18,746 - storage.access_export - DEBUG - Access TXT file created: data\export\access\Extracted_Tables\geometry__positioning_light.txt
2026-05-25 17:05:18,752 - storage.access_export - DEBUG - Access TXT file created: data\export\access\Extracted_Tables\geometry__table_travel.txt
2026-05-25 17:05:18,757 - storage.access_export - DEBUG - Access TXT file created: data\export\access\Extracted_Tables\geometry__overscan.txt
2026-05-25 17:05:18,763 - storage.access_export - DEBUG - Access TXT file created: data\export\access\Extracted_Tables\geometry__increment.txt
2026-05-25 17:05:18,768 - storage.access_export - DEBUG - Access TXT file created: data\export\access\Extracted_Tables\geometry__pixel_size.txt
2026-05-25 17:05:18,773 - storage.access_export - DEBUG - Access TXT file created: data\export\access\Extracted_Tables\geometry__circular_symmetry.txt
2026-05-25 17:05:18,779 - storage.access_export - DEBUG - Access TXT file created: data\export\access\Extracted_Tables\dose__CTDI32_reproducibility.txt
2026-05-25 17:05:18,784 - storage.access_export - DEBUG - Access TXT file created: data\export\access\Extracted_Tables\dose__CTDI32_kV.txt
2026-05-25 17:05:18,790 - storage.access_export - DEBUG - Access TXT file created: data\export\access\Extracted_Tables\dose__CTDI32_kV_deviation.txt
2026-05-25 17:05:18,797 - storage.access_export - DEBUG - Access TXT file created: data\export\access\Extracted_Tables\dose__CTDI32_collimation.txt
2026-05-25 17:05:18,804 - storage.access_export - DEBUG - Access TXT file created: data\export\access\Extracted_Tables\dose__CTDI32_linearity.txt
2026-05-25 17:05:18,809 - storage.access_export - DEBUG - Access TXT file created: data\export\access\Extracted_Tables\dose__CTDI32_linearity_iterative.txt
2026-05-25 17:05:18,816 - storage.access_export - DEBUG - Access TXT file created: data\export\access\Extracted_Tables\dose__CTDI32_verification_standard.txt
2026-05-25 17:05:18,821 - storage.access_export - DEBUG - Access TXT file created: data\export\access\Extracted_Tables\dose__CTDI32_verification_DS.txt
2026-05-25 17:05:18,829 - storage.access_export - DEBUG - Access TXT file created: data\export\access\Extracted_Tables\noise__detector_row.txt
2026-05-25 17:05:18,836 - storage.access_export - DEBUG - Access TXT file created: data\export\access\Extracted_Tables\tcm__z_dikte_tcm_aan.txt
2026-05-25 17:05:18,842 - storage.access_export - DEBUG - Access TXT file created: data\export\access\Extracted_Tables\tcm__z_dikte_tcm_af.txt
2026-05-25 17:05:18,852 - storage.access_export - DEBUG - Access TXT file created: data\export\access\Extracted_Tables\tcm__z_densiteit_tcm_aan.txt
2026-05-25 17:05:18,859 - storage.access_export - DEBUG - Access TXT file created: data\export\access\Extracted_Tables\tcm__z_densiteit_tcm_af.txt
2026-05-25 17:05:18,866 - storage.access_export - DEBUG - Access TXT file created: data\export\access\Extracted_Tables\dose__CTDI16_kV.txt
2026-05-25 17:05:18,871 - storage.access_export - DEBUG - Access TXT file created: data\export\access\Extracted_Tables\CT_nummer_ruis_in_tijd__longitudinal.txt
2026-05-25 17:05:18,879 - storage.access_export - DEBUG - Access TXT file created: data\export\access\Extracted_Tables\uniformiteit__summary_table.txt
2026-05-25 17:05:18,885 - storage.access_export - DEBUG - Access TXT file created: data\export\access\Extracted_Tables\iq__uniformiteit_main.txt
2026-05-25 17:05:18,891 - storage.access_export - DEBUG - Access TXT file created: data\export\access\Extracted_Tables\hoog_contrast_fwhm__longitudinal.txt
2026-05-25 17:05:18,900 - storage.access_export - DEBUG - Access TXT file created: data\export\access\Extracted_Tables\iq__mtf_soft.txt
2026-05-25 17:05:18,908 - storage.access_export - DEBUG - Access TXT file created: data\export\access\Extracted_Tables\iq__mtf_hard.txt
2026-05-25 17:05:18,916 - storage.access_export - DEBUG - Access TXT file created: data\export\access\Extracted_Tables\iq__CT_getal_lineair.txt
2026-05-25 17:05:18,923 - storage.access_export - DEBUG - Access TXT file created: data\export\access\Extracted_Tables\iq__correlatie.txt
2026-05-25 17:05:18,930 - storage.access_export - DEBUG - Access TXT file created: data\export\access\Extracted_Tables\iq__DS_CT_getal_lineair_mixed.txt
2026-05-25 17:05:18,936 - storage.access_export - DEBUG - Access TXT file created: data\export\access\Extracted_Tables\iq__DS_CT_getal_lineair_buisB.txt
2026-05-25 17:05:18,943 - storage.access_export - DEBUG - Access TXT file created: data\export\access\Extracted_Tables\iq__DS_HU_water_lucht_mixed.txt
2026-05-25 17:05:18,951 - storage.access_export - DEBUG - Access TXT file created: data\export\access\Extracted_Tables\iq__DS_uniformiteit_mixed.txt
2026-05-25 17:05:18,956 - storage.access_export - DEBUG - Access TXT file created: data\export\access\Extracted_Tables\iq__DS_uniformiteit_mixed_summary.txt
2026-05-25 17:05:18,962 - storage.access_export - DEBUG - Access TXT file created: data\export\access\Extracted_Tables\iq__DS_uniformiteit_buisB.txt
2026-05-25 17:05:18,968 - storage.access_export - DEBUG - Access TXT file created: data\export\access\Extracted_Tables\iq__DS_uniformiteit_buisB_summary.txt
2026-05-25 17:05:18,973 - storage.access_export - DEBUG - Access TXT file created: data\export\access\Extracted_Tables\iq__DS_correlatie_mixed.txt
2026-05-25 17:05:18,979 - storage.access_export - DEBUG - Access TXT file created: data\export\access\Extracted_Tables\iq__DS_correlatie_buisB.txt
2026-05-25 17:05:18,985 - storage.access_export - DEBUG - Access TXT file created: data\export\access\Extracted_Tables\geometry__slice_thickness_gt2mm.txt
2026-05-25 17:05:18,991 - storage.access_export - DEBUG - Access TXT file created: data\export\access\Extracted_Tables\geometry__slice_thickness_lt2mm.txt
2026-05-25 17:05:18,996 - storage.access_export - DEBUG - Access TXT file created: data\export\access\Extracted_Tables\protocols__adult.txt
2026-05-25 17:05:19,001 - storage.access_export - DEBUG - Access TXT file created: data\export\access\Extracted_Tables\protocols__pediatric.txt
2026-05-25 17:05:19,018 - storage.access_export - DEBUG - Access TXT file created: data\export\access\Extracted_Tables\dose__CTDI16_settings.txt
2026-05-25 17:05:19,030 - storage.access_export - DEBUG - Access TXT file created: data\export\access\Extracted_Tables\meta__phantoms.txt
2026-05-25 17:05:19,049 - storage.access_export - DEBUG - Access TXT file created: data\export\access\Extracted_Tables\meta__qa_visit.txt
2026-05-25 17:05:19,069 - storage.access_export - DEBUG - Access TXT file created: data\export\access\Extracted_Tables\meta__scanner.txt
2026-05-25 17:05:19,080 - storage.access_export - DEBUG - Access TXT file created: data\export\access\Metadata\Scalar_Records.txt
2026-05-25 17:05:19,087 - storage.access_export - DEBUG - Access TXT file created: data\export\access\Metadata\Named_Results.txt
2026-05-25 17:05:19,113 - storage.access_export - DEBUG - Access TXT file created: data\export\access\Metadata\Extracted_Fields.txt
2026-05-25 17:05:19,118 - storage.access_export - DEBUG - Access TXT file created: data\export\access\Metadata\Extraction_Metadata.txt
2026-05-25 17:05:19,118 - storage.access_export - INFO - Access export completed for QAVisit 518289
2026-05-25 17:05:19,212 - core.audit - INFO - [SUCCESS] Orchestrator.ProcessingComplete: File processed successfully | File: QC300_0724_01705CT_CT16.xlsm
2026-05-25 17:05:19,214 - core.audit - INFO - [INFO] Orchestrator.ProcessingStart: Start processing file | File: QC300_0924_01979CT-PETCT9.xlsm
2026-05-25 17:05:19,214 - engine.extraction_engine - INFO - Extraction des donnees depuis: data\raw\Excel\QC300_0924_01979CT-PETCT9.xlsm
2026-05-25 17:06:13,990 - engine.extraction_engine - INFO - Extraction terminee: 317 champs, 58 tables, 22 named results
2026-05-25 17:06:13,995 - models.qa_visit - WARNING - Utilisation QAID fallback: 573995
2026-05-25 17:06:13,998 - models.qa_visit - WARNING - No Linktable match for normalized QAMPR 1979
2026-05-25 17:06:13,998 - core.audit - WARNING - [WARNING] QAVisit.ReferenceResolutionNoMatch: No Linktable match for normalized QAMPR 1979
2026-05-25 17:06:13,999 - core.audit - INFO - [INFO] QAVisit.Created: QAVisit 573995 created successfully
2026-05-25 17:06:13,999 - models.qa_visit - INFO - QAVisit 573995 ready for HDF5 persistence
2026-05-25 17:06:14,033 - storage.parquet_export - WARNING - Could not export Geometry data: Cannot save file into a non-existent directory: 'data\export\parquet\year=2024\hospital=None\system=None\geometry_geometry'
2026-05-25 17:06:14,035 - storage.parquet_export - WARNING - Could not export Noise data: Cannot save file into a non-existent directory: 'data\export\parquet\year=2024\hospital=None\system=None\noise_noise'
2026-05-25 17:06:14,348 - storage.parquet_export - WARNING - Could not export auxiliary results: unhashable type: 'list'
2026-05-25 17:06:14,364 - storage.parquet_export - WARNING - Could not export QA results: unhashable type: 'list'
2026-05-25 17:06:14,373 - storage.parquet_export - INFO - Parquet export completed for QAVisit 573995
2026-05-25 17:06:14,378 - storage.access_export - DEBUG - Access TXT file created: data\export\access\Metadata\QAVisit.txt
2026-05-25 17:06:14,384 - storage.access_export - DEBUG - Access TXT file created: data\export\access\Extracted_Tables\meta__measurement_equipment.txt
2026-05-25 17:06:14,389 - storage.access_export - DEBUG - Access TXT file created: data\export\access\Extracted_Tables\tube_voltage__accuracy.txt
2026-05-25 17:06:14,396 - storage.access_export - DEBUG - Access TXT file created: data\export\access\Extracted_Tables\tube_voltage__reproducibility.txt
2026-05-25 17:06:14,402 - storage.access_export - DEBUG - Access TXT file created: data\export\access\Extracted_Tables\geometry__geometric_efficiency.txt
2026-05-25 17:06:14,407 - storage.access_export - DEBUG - Access TXT file created: data\export\access\Extracted_Tables\geometry__positioning_light.txt
2026-05-25 17:06:14,413 - storage.access_export - DEBUG - Access TXT file created: data\export\access\Extracted_Tables\geometry__table_travel.txt
2026-05-25 17:06:14,419 - storage.access_export - DEBUG - Access TXT file created: data\export\access\Extracted_Tables\geometry__overscan.txt
2026-05-25 17:06:14,424 - storage.access_export - DEBUG - Access TXT file created: data\export\access\Extracted_Tables\geometry__increment.txt
2026-05-25 17:06:14,430 - storage.access_export - DEBUG - Access TXT file created: data\export\access\Extracted_Tables\geometry__pixel_size.txt
2026-05-25 17:06:14,435 - storage.access_export - DEBUG - Access TXT file created: data\export\access\Extracted_Tables\geometry__circular_symmetry.txt
2026-05-25 17:06:14,440 - storage.access_export - DEBUG - Access TXT file created: data\export\access\Extracted_Tables\dose__CTDI32_reproducibility.txt
2026-05-25 17:06:14,445 - storage.access_export - DEBUG - Access TXT file created: data\export\access\Extracted_Tables\dose__CTDI32_kV.txt
2026-05-25 17:06:14,450 - storage.access_export - DEBUG - Access TXT file created: data\export\access\Extracted_Tables\dose__CTDI32_kV_deviation.txt
2026-05-25 17:06:14,455 - storage.access_export - DEBUG - Access TXT file created: data\export\access\Extracted_Tables\dose__CTDI32_collimation.txt
2026-05-25 17:06:14,459 - storage.access_export - DEBUG - Access TXT file created: data\export\access\Extracted_Tables\dose__CTDI32_linearity.txt
2026-05-25 17:06:14,464 - storage.access_export - DEBUG - Access TXT file created: data\export\access\Extracted_Tables\dose__CTDI32_linearity_iterative.txt
2026-05-25 17:06:14,469 - storage.access_export - DEBUG - Access TXT file created: data\export\access\Extracted_Tables\dose__CTDI32_verification_standard.txt
2026-05-25 17:06:14,474 - storage.access_export - DEBUG - Access TXT file created: data\export\access\Extracted_Tables\dose__CTDI32_verification_DS.txt
2026-05-25 17:06:14,479 - storage.access_export - DEBUG - Access TXT file created: data\export\access\Extracted_Tables\noise__detector_row.txt
2026-05-25 17:06:14,485 - storage.access_export - DEBUG - Access TXT file created: data\export\access\Extracted_Tables\tcm__z_dikte_tcm_aan.txt
2026-05-25 17:06:14,490 - storage.access_export - DEBUG - Access TXT file created: data\export\access\Extracted_Tables\tcm__z_dikte_tcm_af.txt
2026-05-25 17:06:14,496 - storage.access_export - DEBUG - Access TXT file created: data\export\access\Extracted_Tables\tcm__z_densiteit_tcm_aan.txt
2026-05-25 17:06:14,501 - storage.access_export - DEBUG - Access TXT file created: data\export\access\Extracted_Tables\tcm__z_densiteit_tcm_af.txt
2026-05-25 17:06:14,506 - storage.access_export - DEBUG - Access TXT file created: data\export\access\Extracted_Tables\dose__CTDI16_kV.txt
2026-05-25 17:06:14,511 - storage.access_export - DEBUG - Access TXT file created: data\export\access\Extracted_Tables\CT_nummer_ruis_in_tijd__longitudinal.txt
2026-05-25 17:06:14,517 - storage.access_export - DEBUG - Access TXT file created: data\export\access\Extracted_Tables\uniformiteit__summary_table.txt
2026-05-25 17:06:14,522 - storage.access_export - DEBUG - Access TXT file created: data\export\access\Extracted_Tables\iq__uniformiteit_main.txt
2026-05-25 17:06:14,528 - storage.access_export - DEBUG - Access TXT file created: data\export\access\Extracted_Tables\hoog_contrast_fwhm__longitudinal.txt
2026-05-25 17:06:14,534 - storage.access_export - DEBUG - Access TXT file created: data\export\access\Extracted_Tables\iq__mtf_soft.txt
2026-05-25 17:06:14,539 - storage.access_export - DEBUG - Access TXT file created: data\export\access\Extracted_Tables\iq__mtf_hard.txt
2026-05-25 17:06:14,545 - storage.access_export - DEBUG - Access TXT file created: data\export\access\Extracted_Tables\iq__CT_getal_lineair.txt
2026-05-25 17:06:14,550 - storage.access_export - DEBUG - Access TXT file created: data\export\access\Extracted_Tables\iq__correlatie.txt
2026-05-25 17:06:14,555 - storage.access_export - DEBUG - Access TXT file created: data\export\access\Extracted_Tables\iq__DS_CT_getal_lineair_mixed.txt
2026-05-25 17:06:14,561 - storage.access_export - DEBUG - Access TXT file created: data\export\access\Extracted_Tables\iq__DS_CT_getal_lineair_buisB.txt
2026-05-25 17:06:14,566 - storage.access_export - DEBUG - Access TXT file created: data\export\access\Extracted_Tables\iq__DS_HU_water_lucht_mixed.txt
2026-05-25 17:06:14,571 - storage.access_export - DEBUG - Access TXT file created: data\export\access\Extracted_Tables\iq__DS_uniformiteit_mixed.txt
2026-05-25 17:06:14,577 - storage.access_export - DEBUG - Access TXT file created: data\export\access\Extracted_Tables\iq__DS_uniformiteit_mixed_summary.txt
2026-05-25 17:06:14,581 - storage.access_export - DEBUG - Access TXT file created: data\export\access\Extracted_Tables\iq__DS_uniformiteit_buisB.txt
2026-05-25 17:06:14,586 - storage.access_export - DEBUG - Access TXT file created: data\export\access\Extracted_Tables\iq__DS_uniformiteit_buisB_summary.txt
2026-05-25 17:06:14,592 - storage.access_export - DEBUG - Access TXT file created: data\export\access\Extracted_Tables\iq__DS_correlatie_mixed.txt
2026-05-25 17:06:14,599 - storage.access_export - DEBUG - Access TXT file created: data\export\access\Extracted_Tables\iq__DS_correlatie_buisB.txt
2026-05-25 17:06:14,605 - storage.access_export - DEBUG - Access TXT file created: data\export\access\Extracted_Tables\geometry__slice_thickness_gt2mm.txt
2026-05-25 17:06:14,610 - storage.access_export - DEBUG - Access TXT file created: data\export\access\Extracted_Tables\geometry__slice_thickness_lt2mm.txt
2026-05-25 17:06:14,615 - storage.access_export - DEBUG - Access TXT file created: data\export\access\Extracted_Tables\protocols__adult.txt
2026-05-25 17:06:14,620 - storage.access_export - DEBUG - Access TXT file created: data\export\access\Extracted_Tables\protocols__pediatric.txt
2026-05-25 17:06:14,636 - storage.access_export - DEBUG - Access TXT file created: data\export\access\Extracted_Tables\dose__CTDI16_settings.txt
2026-05-25 17:06:14,648 - storage.access_export - DEBUG - Access TXT file created: data\export\access\Extracted_Tables\meta__phantoms.txt
2026-05-25 17:06:14,665 - storage.access_export - DEBUG - Access TXT file created: data\export\access\Extracted_Tables\meta__qa_visit.txt
2026-05-25 17:06:14,682 - storage.access_export - DEBUG - Access TXT file created: data\export\access\Extracted_Tables\meta__scanner.txt
2026-05-25 17:06:14,693 - storage.access_export - DEBUG - Access TXT file created: data\export\access\Metadata\Scalar_Records.txt
2026-05-25 17:06:14,699 - storage.access_export - DEBUG - Access TXT file created: data\export\access\Metadata\Named_Results.txt
2026-05-25 17:06:14,725 - storage.access_export - DEBUG - Access TXT file created: data\export\access\Metadata\Extracted_Fields.txt
2026-05-25 17:06:14,729 - storage.access_export - DEBUG - Access TXT file created: data\export\access\Metadata\Extraction_Metadata.txt
2026-05-25 17:06:14,729 - storage.access_export - INFO - Access export completed for QAVisit 573995
2026-05-25 17:06:14,806 - core.audit - INFO - [SUCCESS] Orchestrator.ProcessingComplete: File processed successfully | File: QC300_0924_01979CT-PETCT9.xlsm
2026-05-25 17:06:14,807 - core.audit - INFO - [INFO] Orchestrator.ProcessingStart: Start processing file | File: QC300_1024_01835CT-CT14 .xlsm
2026-05-25 17:06:14,808 - engine.extraction_engine - INFO - Extraction des donnees depuis: data\raw\Excel\QC300_1024_01835CT-CT14 .xlsm
2026-05-25 17:06:35,533 - engine.extraction_engine - INFO - Extraction terminee: 169 champs, 41 tables, 18 named results
2026-05-25 17:06:35,536 - models.qa_visit - WARNING - Utilisation QAID fallback: 595536
2026-05-25 17:06:35,541 - models.qa_visit - WARNING - No Linktable match for normalized QAMPR 1835
2026-05-25 17:06:35,541 - core.audit - WARNING - [WARNING] QAVisit.ReferenceResolutionNoMatch: No Linktable match for normalized QAMPR 1835
2026-05-25 17:06:35,541 - core.audit - INFO - [INFO] QAVisit.Created: QAVisit 595536 created successfully
2026-05-25 17:06:35,542 - models.qa_visit - INFO - QAVisit 595536 ready for HDF5 persistence
2026-05-25 17:06:35,578 - storage.parquet_export - WARNING - Could not export Geometry data: Cannot save file into a non-existent directory: 'data\export\parquet\year=2024\hospital=None\system=None\geometry_geometry'
2026-05-25 17:06:35,580 - storage.parquet_export - WARNING - Could not export Noise data: Cannot save file into a non-existent directory: 'data\export\parquet\year=2024\hospital=None\system=None\noise_noise'
2026-05-25 17:06:35,828 - storage.parquet_export - WARNING - Could not export auxiliary results: unhashable type: 'list'
2026-05-25 17:06:35,841 - storage.parquet_export - WARNING - Could not export QA results: unhashable type: 'list'
2026-05-25 17:06:35,849 - storage.parquet_export - INFO - Parquet export completed for QAVisit 595536
2026-05-25 17:06:35,854 - storage.access_export - DEBUG - Access TXT file created: data\export\access\Metadata\QAVisit.txt
2026-05-25 17:06:35,860 - storage.access_export - DEBUG - Access TXT file created: data\export\access\Extracted_Tables\meta__measurement_equipment.txt
2026-05-25 17:06:35,866 - storage.access_export - DEBUG - Access TXT file created: data\export\access\Extracted_Tables\tube_voltage__accuracy.txt
2026-05-25 17:06:35,871 - storage.access_export - DEBUG - Access TXT file created: data\export\access\Extracted_Tables\tube_voltage__reproducibility.txt
2026-05-25 17:06:35,877 - storage.access_export - DEBUG - Access TXT file created: data\export\access\Extracted_Tables\geometry__geometric_efficiency.txt
2026-05-25 17:06:35,883 - storage.access_export - DEBUG - Access TXT file created: data\export\access\Extracted_Tables\geometry__positioning_light.txt
2026-05-25 17:06:35,888 - storage.access_export - DEBUG - Access TXT file created: data\export\access\Extracted_Tables\geometry__table_travel.txt
2026-05-25 17:06:35,893 - storage.access_export - DEBUG - Access TXT file created: data\export\access\Extracted_Tables\geometry__overscan.txt
2026-05-25 17:06:35,902 - storage.access_export - DEBUG - Access TXT file created: data\export\access\Extracted_Tables\geometry__increment.txt
2026-05-25 17:06:35,908 - storage.access_export - DEBUG - Access TXT file created: data\export\access\Extracted_Tables\geometry__pixel_size.txt
2026-05-25 17:06:35,913 - storage.access_export - DEBUG - Access TXT file created: data\export\access\Extracted_Tables\geometry__circular_symmetry.txt
2026-05-25 17:06:35,918 - storage.access_export - DEBUG - Access TXT file created: data\export\access\Extracted_Tables\dose__CTDI32_reproducibility.txt
2026-05-25 17:06:35,923 - storage.access_export - DEBUG - Access TXT file created: data\export\access\Extracted_Tables\dose__CTDI32_kV.txt
2026-05-25 17:06:35,930 - storage.access_export - DEBUG - Access TXT file created: data\export\access\Extracted_Tables\dose__CTDI32_kV_deviation.txt
2026-05-25 17:06:35,935 - storage.access_export - DEBUG - Access TXT file created: data\export\access\Extracted_Tables\dose__CTDI32_collimation.txt
2026-05-25 17:06:35,940 - storage.access_export - DEBUG - Access TXT file created: data\export\access\Extracted_Tables\dose__CTDI32_linearity.txt
2026-05-25 17:06:35,947 - storage.access_export - DEBUG - Access TXT file created: data\export\access\Extracted_Tables\dose__CTDI32_linearity_iterative.txt
2026-05-25 17:06:35,952 - storage.access_export - DEBUG - Access TXT file created: data\export\access\Extracted_Tables\dose__CTDI32_verification_standard.txt
2026-05-25 17:06:35,957 - storage.access_export - DEBUG - Access TXT file created: data\export\access\Extracted_Tables\dose__CTDI32_verification_DS.txt
2026-05-25 17:06:35,964 - storage.access_export - DEBUG - Access TXT file created: data\export\access\Extracted_Tables\noise__detector_row.txt
2026-05-25 17:06:35,972 - storage.access_export - DEBUG - Access TXT file created: data\export\access\Extracted_Tables\tcm__z_dikte_tcm_aan.txt
2026-05-25 17:06:35,978 - storage.access_export - DEBUG - Access TXT file created: data\export\access\Extracted_Tables\tcm__z_dikte_tcm_af.txt
2026-05-25 17:06:35,986 - storage.access_export - DEBUG - Access TXT file created: data\export\access\Extracted_Tables\tcm__z_densiteit_tcm_aan.txt
2026-05-25 17:06:35,991 - storage.access_export - DEBUG - Access TXT file created: data\export\access\Extracted_Tables\tcm__z_densiteit_tcm_af.txt
2026-05-25 17:06:35,997 - storage.access_export - DEBUG - Access TXT file created: data\export\access\Extracted_Tables\dose__CTDI16_kV.txt
2026-05-25 17:06:36,003 - storage.access_export - DEBUG - Access TXT file created: data\export\access\Extracted_Tables\iq__DS_CT_getal_lineair_mixed.txt
2026-05-25 17:06:36,010 - storage.access_export - DEBUG - Access TXT file created: data\export\access\Extracted_Tables\iq__DS_CT_getal_lineair_buisB.txt
2026-05-25 17:06:36,018 - storage.access_export - DEBUG - Access TXT file created: data\export\access\Extracted_Tables\iq__DS_HU_water_lucht_mixed.txt
2026-05-25 17:06:36,024 - storage.access_export - DEBUG - Access TXT file created: data\export\access\Extracted_Tables\iq__DS_HU_water_lucht_buisB.txt
2026-05-25 17:06:36,029 - storage.access_export - DEBUG - Access TXT file created: data\export\access\Extracted_Tables\iq__DS_uniformiteit_mixed.txt
2026-05-25 17:06:36,035 - storage.access_export - DEBUG - Access TXT file created: data\export\access\Extracted_Tables\iq__DS_uniformiteit_buisB_summary.txt
2026-05-25 17:06:36,041 - storage.access_export - DEBUG - Access TXT file created: data\export\access\Extracted_Tables\iq__DS_correlatie_mixed.txt
2026-05-25 17:06:36,046 - storage.access_export - DEBUG - Access TXT file created: data\export\access\Extracted_Tables\geometry__slice_thickness_gt2mm.txt
2026-05-25 17:06:36,051 - storage.access_export - DEBUG - Access TXT file created: data\export\access\Extracted_Tables\geometry__slice_thickness_lt2mm.txt
2026-05-25 17:06:36,056 - storage.access_export - DEBUG - Access TXT file created: data\export\access\Extracted_Tables\protocols__adult.txt
2026-05-25 17:06:36,061 - storage.access_export - DEBUG - Access TXT file created: data\export\access\Extracted_Tables\protocols__pediatric.txt
2026-05-25 17:06:36,077 - storage.access_export - DEBUG - Access TXT file created: data\export\access\Extracted_Tables\dose__CTDI16_settings.txt
2026-05-25 17:06:36,091 - storage.access_export - DEBUG - Access TXT file created: data\export\access\Extracted_Tables\iq__DS_uniformiteit_buisB.txt
2026-05-25 17:06:36,102 - storage.access_export - DEBUG - Access TXT file created: data\export\access\Extracted_Tables\meta__phantoms.txt
2026-05-25 17:06:36,118 - storage.access_export - DEBUG - Access TXT file created: data\export\access\Extracted_Tables\meta__qa_visit.txt
2026-05-25 17:06:36,137 - storage.access_export - DEBUG - Access TXT file created: data\export\access\Extracted_Tables\meta__scanner.txt
2026-05-25 17:06:36,146 - storage.access_export - DEBUG - Access TXT file created: data\export\access\Metadata\Scalar_Records.txt
2026-05-25 17:06:36,153 - storage.access_export - DEBUG - Access TXT file created: data\export\access\Metadata\Named_Results.txt
2026-05-25 17:06:36,171 - storage.access_export - DEBUG - Access TXT file created: data\export\access\Metadata\Extracted_Fields.txt
2026-05-25 17:06:36,174 - storage.access_export - DEBUG - Access TXT file created: data\export\access\Metadata\Extraction_Metadata.txt
2026-05-25 17:06:36,174 - storage.access_export - INFO - Access export completed for QAVisit 595536
2026-05-25 17:06:36,229 - core.audit - INFO - [SUCCESS] Orchestrator.ProcessingComplete: File processed successfully | File: QC300_1024_01835CT-CT14 .xlsm
2026-05-25 17:06:36,230 - core.audit - INFO - [INFO] Orchestrator.BatchComplete: Batch processing completed
2026-05-25 17:06:36,301 - storage.hdf5_store - DEBUG - Table AuditTrail saved (123 rows)
2026-05-25 17:06:36,301 - core.audit - INFO - Audit data exported to HDF5: 41 events
2026-05-25 17:06:36,320 - core.audit - INFO - Audit data exported to Parquet: 41 events
2026-05-25 17:06:36,324 - storage.hdf5_store - INFO - HDF5 store closed
